"Date","CN10Y Return","US10Y Return","SOFR Return","CHINAINTRAT Return","PRIME Return"
06-29-2023,0.0000,0.0000,0.0000,0.0000,
06-30-2023,-0.0063,-0.0091,0.0059,0.0005,
07-03-2023,-0.0026,0.0010,0.0000,-0.0009,
07-04-2023,0.0019,-0.0034,,-0.0014,
07-05-2023,-0.0019,0.0236,0.0000,-0.0042,
07-06-2023,-0.0037,0.0485,0.0000,-0.0092,
07-07-2023,-0.0026,0.0503,0.0000,-0.0134,
07-10-2023,-0.0048,0.0394,0.0000,-0.0180,
07-11-2023,-0.0074,0.0332,0.0000,-0.0226,
07-12-2023,-0.0063,0.0018,-0.0020,-0.0268,
07-13-2023,-0.0063,-0.0246,0.0000,-0.0277,
07-14-2023,-0.0037,-0.0088,-0.0020,-0.0305,
07-17-2023,-0.0093,-0.0148,0.0000,-0.0309,
07-18-2023,-0.0141,-0.0169,0.0000,-0.0309,
07-19-2023,-0.0100,-0.0291,-0.0020,-0.0309,
07-20-2023,-0.0156,0.0000,0.0000,-0.0309,
07-21-2023,-0.0193,-0.0039,-0.0020,-0.0309,
07-24-2023,-0.0181,0.0008,-0.0020,-0.0309,
07-25-2023,0.0011,0.0150,0.0000,-0.0309,
07-26-2023,-0.0063,-0.0008,0.0000,-0.0314,
07-27-2023,-0.0093,0.0410,0.0494,-0.0318,0.0303
07-28-2023,-0.0044,0.0298,0.0474,-0.0318,
07-31-2023,-0.0011,0.0267,0.0494,-0.0323,
08-01-2023,-0.0037,0.0501,0.0494,-0.0318,
08-02-2023,-0.0004,0.0581,0.0474,-0.0318,
08-03-2023,-0.0093,0.0869,0.0474,-0.0346,
08-04-2023,-0.0081,0.0540,0.0474,-0.0378,
08-07-2023,-0.0148,0.0581,0.0474,-0.0401,
08-08-2023,-0.0185,0.0441,0.0474,-0.0425,
08-09-2023,-0.0174,0.0410,0.0474,-0.0429,
08-10-2023,-0.0163,0.0592,0.0474,-0.0461,
08-11-2023,-0.0178,0.0815,0.0474,-0.0471,
08-14-2023,-0.0270,0.0851,0.0474,-0.0480,
08-15-2023,-0.0422,0.0952,0.0474,-0.0563,
08-16-2023,-0.0430,0.1048,0.0474,-0.0586,
08-17-2023,-0.0470,0.1178,0.0474,-0.0632,
08-18-2023,-0.0481,0.1030,0.0474,-0.0651,
08-21-2023,-0.0581,0.1266,0.0474,-0.0660,
08-22-2023,-0.0533,0.1230,0.0474,-0.0683,
08-23-2023,-0.0522,0.0893,0.0474,-0.0697,
08-24-2023,-0.0541,0.0989,0.0474,-0.0697,
08-25-2023,-0.0470,0.0999,0.0474,-0.0706,
08-28-2023,-0.0381,0.0929,0.0474,-0.0678,
08-29-2023,-0.0378,0.0695,0.0474,-0.0641,
08-30-2023,-0.0404,0.0685,0.0474,-0.0605,
08-31-2023,-0.0411,0.0615,0.0494,-0.0572,
09-01-2023,-0.0333,0.0828,0.0494,-0.0568,
09-04-2023,-0.0204,0.0914,,-0.0568,
09-05-2023,-0.0207,0.1074,0.0494,-0.0558,
09-06-2023,-0.0096,0.1131,0.0474,-0.0531,
09-07-2023,-0.0100,0.1059,0.0494,-0.0461,
09-08-2023,-0.0100,0.1043,0.0474,-0.0397,
09-11-2023,-0.0133,0.1126,0.0474,-0.0337,
09-12-2023,-0.0156,0.1064,0.0474,-0.0291,
09-13-2023,-0.0200,0.1022,0.0474,-0.0231,
09-14-2023,-0.0256,0.1131,0.0474,-0.0106,
09-15-2023,-0.0119,0.1214,0.0494,-0.0009,
09-18-2023,-0.0078,0.1164,0.0494,0.0125,
09-19-2023,-0.0070,0.1331,0.0494,0.0249,
09-20-2023,-0.0059,0.1279,0.0474,0.0351,
09-21-2023,-0.0085,0.1624,0.0474,0.0429,
09-22-2023,-0.0026,0.1520,0.0474,0.0489,
09-25-2023,0.0063,0.1785,0.0494,0.0531,
09-26-2023,0.0074,0.1827,0.0494,0.0586,
09-27-2023,0.0070,0.2003,0.0514,0.0628,
09-28-2023,0.0056,0.1928,0.0494,0.0623,
09-29-2023,,0.1860,0.0494,0.3108,
10-02-2023,,0.2151,0.0514,0.3108,
10-03-2023,,0.2460,0.0534,0.3108,
10-04-2023,,0.2286,0.0514,0.3108,
10-05-2023,,0.2237,0.0514,0.3108,
10-06-2023,,0.2408,0.0494,0.3108,
10-07-2023,,,,0.0614,
10-08-2023,,,,0.0614,
10-09-2023,-0.0007,,,0.0614,
10-10-2023,0.0044,0.2078,0.0494,0.0623,
10-11-2023,0.0111,0.1928,0.0494,0.0632,
10-12-2023,0.0093,0.2224,0.0494,0.0637,
10-13-2023,0.0022,0.2011,0.0494,0.0651,
10-16-2023,-0.0019,0.2221,0.0494,0.0655,
10-17-2023,0.0059,0.2577,0.0494,0.0674,
10-18-2023,0.0093,0.2719,0.0474,0.0711,
10-19-2023,0.0152,0.2942,0.0474,0.0766,
10-20-2023,0.0107,0.2776,0.0474,0.0798,
10-23-2023,0.0115,0.2553,0.0474,0.0844,
10-24-2023,0.0141,0.2558,0.0474,0.0909,
10-25-2023,0.0133,0.2852,0.0474,0.0974,
10-26-2023,0.0107,0.2571,0.0494,0.1029,
10-27-2023,0.0111,0.2571,0.0494,0.1071,
10-30-2023,0.0085,0.2654,0.0494,0.1103,
10-31-2023,0.0033,0.2649,0.0573,0.1144,
11-01-2023,0.0007,0.2431,0.0514,0.1172,
11-02-2023,-0.0059,0.2115,0.0534,0.1195,
11-03-2023,-0.0111,0.1827,0.0514,0.1214,
11-06-2023,-0.0111,0.2097,0.0514,0.1251,
11-07-2023,-0.0104,0.1860,0.0514,0.1283,
11-08-2023,-0.0107,0.1736,0.0514,0.1301,
11-09-2023,-0.0148,0.2013,0.0514,0.1306,
11-10-2023,-0.0163,0.2008,0.0514,0.1311,
11-13-2023,-0.0167,0.2019,0.0514,0.1311,
11-14-2023,-0.0126,0.1523,0.0514,0.1315,
11-15-2023,-0.0107,0.1772,0.0514,0.1320,
11-16-2023,-0.0152,0.1533,0.0514,0.1338,
11-17-2023,-0.0163,0.1523,0.0514,0.1357,
11-20-2023,-0.0130,0.1474,0.0494,0.1357,
11-21-2023,-0.0111,0.1463,0.0494,0.1357,
11-22-2023,-0.0067,0.1458,0.0494,0.1361,
11-23-2023,0.0019,,,0.1361,
11-24-2023,0.0048,0.1635,0.0514,0.1361,
11-27-2023,0.0044,0.1386,0.0514,0.1366,
11-28-2023,-0.0037,0.1251,0.0514,0.1375,
11-29-2023,0.0004,0.1082,0.0494,0.1449,
11-30-2023,-0.0052,0.1287,0.0534,0.1504,
12-01-2023,-0.0059,0.0960,0.0652,0.1551,
12-04-2023,-0.0026,0.1121,0.0613,0.1624,
12-05-2023,-0.0052,0.0823,0.0534,0.1689,
12-06-2023,-0.0026,0.0693,0.0514,0.1707,
12-07-2023,-0.0030,0.0714,0.0514,0.1786,
12-08-2023,-0.0044,0.1015,0.0514,0.1832,
12-11-2023,-0.0096,0.0999,0.0514,0.1869,
12-12-2023,-0.0141,0.0913,0.0494,0.1929,
12-13-2023,-0.0163,0.0464,0.0494,0.1966,
12-14-2023,-0.0159,0.0197,0.0494,0.1984,
12-15-2023,-0.0244,0.0192,0.0514,0.2003,
12-18-2023,-0.0252,0.0265,0.0514,0.2012,
12-19-2023,-0.0241,0.0176,0.0494,0.2003,
12-20-2023,-0.0219,0.0060,0.0494,0.2003,
12-21-2023,-0.0300,0.0104,0.0494,0.2017,
12-22-2023,-0.0307,0.0140,0.0514,0.2017,
12-25-2023,-0.0400,0.0126,,0.2003,
12-26-2023,-0.0359,0.0083,0.0573,0.1998,
12-27-2023,-0.0404,-0.0169,0.0652,0.1952,
12-28-2023,-0.0411,-0.0010,0.0672,0.1795,
12-29-2023,-0.0448,0.0016,0.0632,0.1675,
01-01-2024,,,,0.2690,
01-02-2024,-0.0422,0.0234,0.0672,0.1306,
01-03-2024,-0.0444,0.0138,0.0652,0.1181,
01-04-2024,-0.0478,0.0355,0.0514,0.1071,
01-05-2024,-0.0493,0.0488,0.0494,0.1057,
01-08-2024,-0.0522,0.0384,0.0494,0.1057,
01-09-2024,-0.0593,0.0423,0.0494,0.1061,
01-10-2024,-0.0581,0.0457,0.0494,0.1075,
01-11-2024,-0.0741,0.0314,0.0494,0.1075,
01-12-2024,-0.0656,0.0249,0.0494,0.1075,
01-15-2024,-0.0630,,,0.1075,
01-16-2024,-0.0626,0.0550,0.0514,0.1080,
01-17-2024,-0.0696,0.0649,0.0514,0.1084,
01-18-2024,-0.0693,0.0752,0.0494,0.1075,
01-19-2024,-0.0722,0.0758,0.0494,0.1075,
01-22-2024,-0.0752,0.0623,0.0494,0.1075,
01-23-2024,-0.0707,0.0747,0.0494,0.1075,
01-24-2024,-0.0678,0.0841,0.0494,0.1075,
01-25-2024,-0.0707,0.0721,0.0514,0.1075,
01-26-2024,-0.0730,0.0794,0.0514,0.1075,
01-29-2024,-0.0748,0.0615,0.0494,0.1075,
01-30-2024,-0.0856,0.0527,0.0494,0.1066,
01-31-2024,-0.0981,0.0288,0.0514,0.1020,
02-01-2024,-0.0952,0.0023,0.0514,0.0960,
02-02-2024,-0.0981,0.0459,0.0514,0.0932,
02-04-2024,,,,0.0904,
02-05-2024,-0.1100,0.0804,0.0494,0.0844,
02-06-2024,-0.0881,0.0618,0.0494,0.0821,
02-07-2024,-0.0937,0.0659,0.0494,0.0808,
02-08-2024,-0.0944,0.0820,0.0494,0.0771,
02-09-2024,-0.0878,0.0864,0.0494,0.0752,
02-12-2024,,0.0820,0.0494,0.3383,
02-13-2024,,0.1199,0.0494,0.3383,
02-14-2024,,0.1072,0.0474,0.3383,
02-15-2024,,0.1002,0.0494,0.3383,
02-16-2024,,0.1144,0.0474,0.3383,
02-18-2024,,,,0.0697,
02-19-2024,-0.0922,0.1210,,0.0628,
02-20-2024,-0.0974,0.1092,0.0474,0.0475,
02-21-2024,-0.1037,0.1217,0.0474,0.0351,
02-22-2024,-0.1089,0.1227,0.0474,0.0240,
02-23-2024,-0.1107,0.1053,0.0494,0.0217,
02-26-2024,-0.1170,0.1155,0.0494,0.0189,
02-27-2024,-0.1167,0.1196,0.0494,0.0171,
02-28-2024,-0.1181,0.1090,0.0494,0.0147,
02-29-2024,-0.1248,0.1033,0.0514,0.0120,
03-01-2024,-0.1170,0.0851,0.0494,0.0069,
03-04-2024,-0.1252,0.0947,0.0494,0.0018,
03-05-2024,-0.1337,0.0734,0.0494,0.0000,
03-06-2024,-0.1541,0.0649,0.0494,-0.0009,
03-07-2024,-0.1493,0.0618,0.0494,-0.0014,
03-08-2024,-0.1470,0.0607,0.0494,-0.0032,
03-11-2024,-0.1433,0.0649,0.0494,-0.0037,
03-12-2024,-0.1267,0.0781,0.0494,-0.0042,
03-13-2024,-0.1333,0.0877,0.0494,-0.0037,
03-14-2024,-0.1296,0.1152,0.0494,-0.0028,
03-15-2024,-0.1348,0.1168,0.0494,-0.0018,
03-18-2024,-0.1511,0.1261,0.0494,-0.0018,
03-19-2024,-0.1537,0.1142,0.0494,-0.0018,
03-20-2024,-0.1430,0.1074,0.0494,-0.0032,
03-21-2024,-0.1493,0.1064,0.0494,-0.0023,
03-22-2024,-0.1426,0.0895,0.0494,-0.0018,
03-25-2024,-0.1374,0.1007,0.0494,-0.0037,
03-26-2024,-0.1437,0.0986,0.0514,-0.0032,
03-27-2024,-0.1441,0.0887,0.0534,-0.0037,
03-28-2024,-0.1678,0.0882,0.0553,-0.0051,
03-29-2024,-0.1448,0.0924,,-0.0051,
04-01-2024,-0.1407,0.1232,0.0573,-0.0046,
04-02-2024,-0.1456,0.1310,0.0553,-0.0074,
04-03-2024,-0.1507,0.1300,0.0514,-0.0111,
04-04-2024,,0.1181,0.0514,0.1373,
04-05-2024,,0.1432,0.0514,0.1373,
04-07-2024,,,,-0.0120,
04-08-2024,-0.1526,0.1479,0.0494,-0.0157,
04-09-2024,-0.1519,0.1334,0.0494,-0.0217,
04-10-2024,-0.1441,0.1783,0.0494,-0.0231,
04-11-2024,-0.1437,0.1923,0.0494,-0.0286,
04-12-2024,-0.1544,0.1722,0.0494,-0.0355,
04-15-2024,-0.1552,0.1961,0.0514,-0.0443,
04-16-2024,-0.1574,0.2116,0.0494,-0.0503,
04-17-2024,-0.1607,0.1908,0.0494,-0.0545,
04-18-2024,-0.1619,0.2031,0.0474,-0.0581,
04-19-2024,-0.1607,0.1995,0.0494,-0.0609,
04-22-2024,-0.1674,0.1963,0.0494,-0.0646,
04-23-2024,-0.1719,0.1953,0.0494,-0.0688,
04-24-2024,-0.1574,0.2060,0.0494,-0.0706,
04-25-2024,-0.1611,0.2206,0.0494,-0.0775,
04-26-2024,-0.1833,0.2099,0.0514,-0.0803,
04-29-2024,-0.1274,0.1971,0.0514,-0.0748,
04-30-2024,-0.1456,0.2148,0.0553,-0.0761,
05-01-2024,,0.2041,0.0514,,
05-02-2024,,0.1908,0.0494,,
05-03-2024,,0.1700,0.0494,,
05-06-2024,-0.1426,0.1659,0.0494,-0.0766,
05-07-2024,-0.1730,0.1565,0.0494,-0.0789,
05-08-2024,-0.1450,0.1656,0.0494,-0.0817,
05-09-2024,-0.1381,0.1585,0.0494,-0.0812,
05-10-2024,-0.1376,0.1677,0.0494,-0.0821,
05-13-2024,-0.1469,0.1641,0.0494,-0.0849,
05-14-2024,-0.1469,0.1539,0.0494,-0.0877,
05-15-2024,-0.1456,0.1251,0.0494,-0.0886,
05-16-2024,-0.1411,0.1332,0.0494,-0.0914,
05-17-2024,-0.1396,0.1473,0.0494,-0.0941,
05-20-2024,-0.1402,0.1539,0.0494,-0.0964,
05-21-2024,-0.1396,0.1453,0.0494,-0.0964,
05-22-2024,-0.1430,0.1483,0.0494,-0.0964,
05-23-2024,-0.1456,0.1621,0.0494,-0.0969,
05-24-2024,-0.1433,0.1590,0.0514,-0.0964,
05-27-2024,-0.1441,0.1575,,-0.0964,
05-28-2024,-0.1485,0.1801,0.0514,-0.0969,
05-29-2024,-0.1493,0.1976,0.0534,-0.0969,
05-30-2024,-0.1456,0.1806,0.0534,-0.0969,
05-31-2024,-0.1372,0.1683,0.0553,-0.0978,
06-03-2024,-0.1441,0.1397,0.0573,-0.0988,
06-04-2024,-0.1441,0.1235,0.0534,-0.1006,
06-05-2024,-0.1452,0.1099,0.0534,-0.1011,
06-06-2024,-0.1456,0.1139,0.0534,-0.1011,
06-07-2024,-0.1452,0.1504,0.0534,-0.1006,
06-10-2024,,0.1585,0.0514,,
06-11-2024,-0.1463,0.1422,0.0514,-0.1015,
06-12-2024,-0.1456,0.1174,0.0494,-0.1034,
06-13-2024,-0.1474,0.1028,0.0494,-0.1048,
06-14-2024,-0.1511,0.0952,0.0494,-0.1052,
06-17-2024,-0.1578,0.1118,0.0534,-0.1071,
06-18-2024,-0.1641,0.0947,0.0534,-0.1075,
06-19-2024,-0.1663,0.0992,,-0.1098,
06-20-2024,-0.1689,0.1057,0.0514,-0.1108,
06-21-2024,-0.1602,0.1047,0.0494,-0.1126,
06-24-2024,-0.1641,0.0996,0.0494,-0.1131,
06-25-2024,-0.1726,0.1016,0.0534,-0.1135,
06-26-2024,-0.1722,0.1238,0.0553,-0.1144,
06-27-2024,-0.1794,0.1122,0.0553,-0.1149,
06-28-2024,-0.1822,0.1396,0.0534,-0.1149,
07-01-2024,-0.1719,0.1571,0.0672,-0.1154,
07-02-2024,-0.1707,0.1489,0.0573,-0.1154,
07-03-2024,-0.1693,0.1299,0.0534,-0.1168,
07-04-2024,-0.1781,0.1345,,-0.1186,
07-05-2024,-0.1606,0.1101,0.0514,-0.1195,
07-08-2024,-0.1485,0.1111,0.0514,-0.1200,
07-09-2024,-0.1550,0.1152,0.0553,-0.1200,
07-10-2024,-0.1589,0.1121,0.0553,-0.1204,
07-11-2024,-0.1574,0.0929,0.0553,-0.1214,
07-12-2024,-0.1615,0.0863,0.0553,-0.1237,
07-15-2024,-0.1631,0.0994,0.0553,-0.1246,
07-16-2024,-0.1630,0.0802,0.0573,-0.1246,
07-17-2024,-0.1637,0.0797,0.0573,-0.1251,
07-18-2024,-0.1615,0.0911,0.0553,-0.1246,
07-19-2024,-0.1626,0.1007,0.0553,-0.1255,
07-22-2024,-0.1678,0.1043,0.0534,-0.1260,
07-23-2024,-0.1698,0.1040,0.0553,-0.1287,
07-24-2024,-0.1741,0.1139,0.0553,-0.1292,
07-25-2024,-0.1774,0.1020,0.0573,-0.1315,
07-26-2024,-0.1865,0.0898,0.0573,-0.1338,
07-29-2024,-0.2074,0.0843,0.0534,-0.1375,
07-30-2024,-0.2067,0.0739,0.0534,-0.1394,
07-31-2024,-0.2044,0.0470,0.0632,-0.1417,
08-01-2024,-0.2126,0.0332,0.0573,-0.1431,
08-02-2024,-0.2156,-0.0158,0.0573,-0.1449,
08-05-2024,-0.2148,-0.0145,0.0514,-0.1467,
08-06-2024,-0.2052,0.0112,0.0534,-0.1491,
08-07-2024,-0.2081,0.0259,0.0534,-0.1514,
08-08-2024,-0.2044,0.0371,0.0553,-0.1532,
08-09-2024,-0.1850,0.0239,0.0553,-0.1539,
08-12-2024,-0.1856,0.0140,0.0553,-0.1541,
08-13-2024,-0.1863,-0.0021,0.0553,-0.1523,
08-14-2024,-0.2011,-0.0036,0.0534,-0.1518,
08-15-2024,-0.1841,0.0158,0.0573,-0.1509,
08-16-2024,-0.1893,0.0080,0.0514,-0.1518,
08-19-2024,-0.2000,0.0057,0.0514,-0.1523,
08-20-2024,-0.2111,-0.0114,0.0514,-0.1518,
08-21-2024,-0.1993,-0.0127,0.0494,-0.1509,
08-22-2024,-0.2007,0.0008,0.0494,-0.1495,
08-23-2024,-0.1993,-0.0130,0.0534,-0.1491,
08-26-2024,-0.1994,-0.0093,0.0553,-0.1486,
08-27-2024,-0.1919,-0.0060,0.0573,-0.1467,
08-28-2024,-0.1930,-0.0036,0.0573,-0.1463,
08-29-2024,-0.1959,0.0029,0.0534,-0.1463,
08-30-2024,-0.1915,0.0140,0.0514,-0.1463,
09-02-2024,-0.2022,0.0148,,-0.1463,
09-03-2024,-0.2026,-0.0047,0.0553,-0.1463,
09-04-2024,-0.2067,-0.0246,0.0573,-0.1463,
09-05-2024,-0.2048,-0.0314,0.0573,-0.1463,
09-06-2024,-0.2081,-0.0366,0.0553,-0.1463,
09-09-2024,-0.2115,-0.0389,0.0553,-0.1463,
09-10-2024,-0.2100,-0.0529,0.0534,-0.1458,
09-11-2024,-0.2348,-0.0509,0.0514,-0.1458,
09-12-2024,-0.2178,-0.0457,0.0534,-0.1463,
09-13-2024,-0.2315,-0.0511,0.0534,-0.1463,
09-14-2024,,,,-0.1463,
09-16-2024,,-0.0599,0.0632,,
09-17-2024,,-0.0506,0.0632,,
09-18-2024,-0.2452,-0.0387,0.0534,-0.1463,
09-19-2024,-0.2430,-0.0361,-0.0474,-0.1458,-0.0303
09-20-2024,-0.2419,-0.0285,-0.0455,-0.1454,
09-23-2024,-0.2400,-0.0267,-0.0455,-0.1444,
09-24-2024,-0.2341,-0.0314,-0.0435,-0.1463,
09-25-2024,-0.2356,-0.0171,-0.0435,-0.1486,
09-26-2024,-0.2259,-0.0140,-0.0455,-0.1527,
09-27-2024,-0.1926,-0.0259,-0.0435,-0.1532,
09-30-2024,-0.2000,-0.0174,-0.0198,-0.1509,
10-01-2024,,-0.0304,-0.0020,,
10-02-2024,,-0.0171,-0.0277,,
10-03-2024,,-0.0005,-0.0415,,
10-04-2024,,0.0280,-0.0455,,
10-07-2024,,0.0464,-0.0455,,
10-08-2024,-0.2026,0.0423,-0.0435,-0.1509,
10-09-2024,-0.1933,0.0558,-0.0455,-0.1504,
10-10-2024,,0.0547,-0.0474,-0.1504,
10-11-2024,-0.2122,0.0651,-0.0494,-0.1504,
10-14-2024,-0.2056,0.0646,,-0.1504,
10-15-2024,-0.2063,0.0475,-0.0395,-0.1500,
10-16-2024,-0.2219,0.0426,-0.0395,-0.1481,
10-17-2024,-0.2259,0.0628,-0.0415,-0.1440,
10-18-2024,-0.2296,0.0592,-0.0435,-0.1426,
10-21-2024,-0.2156,0.0913,-0.0474,-0.1398,
10-22-2024,-0.2037,0.0934,-0.0455,-0.1375,
10-23-2024,-0.2063,0.1009,-0.0455,-0.1357,
10-24-2024,-0.2059,0.0942,-0.0455,-0.1329,
10-25-2024,-0.2056,0.1017,-0.0455,-0.1311,
10-28-2024,-0.2056,0.1121,-0.0474,-0.1306,
10-29-2024,-0.2063,0.1051,-0.0474,-0.1306,
10-30-2024,-0.2063,0.1165,-0.0494,-0.1306,
10-31-2024,-0.2056,0.1131,-0.0316,-0.1306,
11-01-2024,-0.2130,0.1409,-0.0395,-0.1329,
11-04-2024,-0.2141,0.1129,-0.0474,-0.1334,
11-05-2024,-0.2148,0.1121,-0.0474,-0.1338,
11-06-2024,-0.2148,0.1508,-0.0494,-0.1343,
11-07-2024,-0.2148,0.1266,-0.0474,-0.1371,
11-08-2024,-0.2148,0.1183,-0.0909,-0.1398,-0.0606
11-11-2024,-0.2222,0.1183,,-0.1407,
11-12-2024,-0.2333,0.1520,-0.0909,-0.1421,
11-13-2024,-0.2259,0.1593,-0.0929,-0.1421,
11-14-2024,-0.2259,0.1528,-0.0949,-0.1426,
11-15-2024,-0.2259,0.1531,-0.0968,-0.1435,
11-18-2024,-0.2259,0.1471,-0.0968,-0.1435,
11-19-2024,-0.2259,0.1422,-0.0968,-0.1435,
11-20-2024,-0.2259,0.1440,-0.0988,-0.1431,
11-21-2024,-0.2296,0.1482,-0.0968,-0.1417,
11-22-2024,-0.2274,0.1445,-0.0968,-0.1417,
11-25-2024,-0.2407,0.1103,-0.0949,-0.1417,
11-26-2024,-0.2407,0.1183,-0.0949,-0.1417,
11-27-2024,-0.2370,0.1064,-0.0968,-0.1421,
11-28-2024,-0.2444,,,-0.1426,
11-29-2024,-0.2444,0.0833,-0.0929,-0.1454,
12-02-2024,-0.2519,0.0893,-0.0830,-0.1578,
12-03-2024,-0.2630,0.0970,-0.0830,-0.1717,
12-04-2024,-0.2741,0.0848,-0.0929,-0.1823,
12-05-2024,-0.2752,0.0833,-0.0929,-0.1869,
12-06-2024,-0.2737,0.0820,-0.0909,-0.1901,
12-09-2024,-0.2852,0.0906,-0.0850,-0.1910,
12-10-2024,-0.3037,0.0963,-0.0830,-0.1934,
12-11-2024,-0.3222,0.1092,-0.0870,-0.1952,
12-12-2024,-0.3296,0.1245,-0.0870,-0.1970,
12-13-2024,-0.3407,0.1406,-0.0909,-0.1994,
12-16-2024,-0.3630,0.1430,-0.0810,-0.2040,
12-17-2024,-0.3630,0.1430,-0.0870,-0.2072,
12-18-2024,-0.3519,0.1725,-0.0968,-0.2086,
12-19-2024,-0.3556,0.1871,-0.1502,-0.2100,
12-20-2024,-0.3730,0.1725,-0.1502,-0.2118,-0.0909
12-23-2024,-0.3741,0.1917,-0.1482,-0.2132,
12-24-2024,-0.3630,0.1907,-0.1304,-0.2162,
12-25-2024,-0.3593,,,-0.2187,
12-26-2024,-0.3667,0.1889,-0.1047,-0.2191,
12-27-2024,-0.3663,0.2013,-0.1186,-0.2201,
12-30-2024,-0.3704,0.1788,-0.1364,-0.2224,
12-31-2024,-0.3815,0.1873,-0.1126,-0.2224,
01-01-2025,,0.1868,,,
01-02-2025,-0.4037,0.1853,-0.1304,-0.2236,
01-03-2025,-0.4074,0.1941,-0.1482,-0.2261,
01-06-2025,-0.4048,0.2029,-0.1561,-0.2326,
01-07-2025,-0.4074,0.2161,-0.1561,-0.2363,
01-08-2025,-0.4074,0.2211,-0.1522,-0.2377,
01-09-2025,-0.3952,0.2164,-0.1502,-0.2409,
01-10-2025,-0.3944,0.2374,-0.1502,-0.2418,
01-13-2025,-0.3859,0.2421,-0.1522,-0.2395,
01-14-2025,-0.3926,0.2436,-0.1542,-0.2349,
01-15-2025,-0.3878,0.2084,-0.1542,-0.2310,
01-16-2025,-0.3926,0.1980,-0.1522,-0.2275,
01-17-2025,-0.3926,0.2013,-0.1522,-0.2261,
01-20-2025,-0.3889,0.2068,,-0.2215,
01-21-2025,-0.3889,0.1889,-0.1522,-0.2185,
01-22-2025,-0.3889,0.1977,-0.1502,-0.2187,
01-23-2025,-0.3889,0.2055,-0.1403,-0.2183,
01-24-2025,-0.4037,0.2024,-0.1423,-0.2169,
01-27-2025,-0.3878,0.1783,-0.1423,-0.2146,
01-28-2025,,0.1775,-0.1403,,
01-29-2025,,0.1790,-0.1403,,
01-30-2025,,0.1725,-0.1383,,
01-31-2025,,0.1783,-0.1344,,
02-03-2025,,0.1842,-0.1403,,
02-04-2025,,0.1702,-0.1443,,
02-05-2025,-0.4000,0.1500,-0.1443,-0.2123,
02-06-2025,-0.4000,0.1533,-0.1383,-0.2109,
02-07-2025,-0.4026,0.1666,-0.1403,-0.2104,
02-10-2025,-0.4037,0.1671,-0.1403,-0.2090,
02-11-2025,-0.3963,0.1759,-0.1423,-0.2058,
02-12-2025,-0.3963,0.2011,-0.1462,-0.2035,
02-13-2025,-0.3963,0.1770,-0.1443,-0.2017,
02-14-2025,-0.3874,0.1624,-0.1443,-0.1980,
02-17-2025,-0.3815,0.1622,,-0.1924,
02-18-2025,-0.3704,0.1821,-0.1364,-0.1864,
02-19-2025,-0.3741,0.1775,-0.1403,-0.1831,
02-20-2025,-0.3741,0.1705,-0.1443,-0.1785,
02-21-2025,-0.3593,0.1495,-0.1423,-0.1734,
02-24-2025,-0.3407,0.1443,-0.1423,-0.1707,
02-25-2025,-0.3444,0.1160,-0.1443,-0.1611,
02-26-2025,-0.3481,0.1061,-0.1443,-0.1437,
02-27-2025,-0.3444,0.1066,-0.1383,-0.1278,
02-28-2025,-0.3400,0.0950,-0.1324,-0.1131,
03-03-2025,-0.3444,0.0791,-0.1443,-0.1020,
03-04-2025,-0.3519,0.1022,-0.1443,-0.0944,
03-05-2025,-0.3519,0.1108,-0.1423,-0.0886,
03-06-2025,-0.3481,0.1095,-0.1403,-0.0854,
03-07-2025,-0.3204,0.1160,-0.1423,-0.0812,
03-10-2025,-0.3222,0.0939,-0.1443,-0.0748,
03-11-2025,-0.2963,0.1118,-0.1462,-0.0725,
03-12-2025,-0.2926,0.1196,-0.1482,-0.0701,
03-13-2025,-0.2926,0.1087,-0.1502,-0.0715,
03-14-2025,-0.3000,0.1201,-0.1502,-0.0752,
03-17-2025,-0.3074,0.1173,-0.1462,-0.0798,
03-18-2025,-0.2852,0.1131,-0.1482,-0.0808,
03-19-2025,-0.2815,0.0994,-0.1522,-0.0831,
03-20-2025,-0.2889,0.0989,-0.1522,-0.0863,
03-21-2025,-0.2963,0.1048,-0.1502,-0.0918,
03-24-2025,-0.2930,0.1277,-0.1482,-0.0951,
03-25-2025,-0.3000,0.1212,-0.1443,-0.1038,
03-26-2025,-0.3074,0.1305,-0.1403,-0.1075,
03-27-2025,-0.3074,0.1328,-0.1383,-0.1121,
03-28-2025,-0.3074,0.0999,-0.1423,-0.1135,
03-31-2025,-0.3026,0.0924,-0.1285,-0.1177,
04-01-2025,-0.3074,0.0838,-0.1324,-0.1200,
04-02-2025,-0.3148,0.0885,-0.1364,-0.1223,
04-03-2025,-0.3315,0.0522,-0.1324,-0.1366,
04-04-2025,,0.0402,-0.1403,,
04-07-2025,-0.3815,0.0838,-0.1443,-0.1583,
04-08-2025,-0.3852,0.1168,-0.1304,-0.1647,
04-09-2025,-0.3856,0.1406,-0.1265,-0.1666,
04-10-2025,-0.3904,0.1396,-0.1364,-0.1694,
04-11-2025,-0.3889,0.1661,-0.1443,-0.1758,
04-14-2025,-0.3889,0.1360,-0.1443,-0.1800,
04-15-2025,-0.3889,0.1258,-0.1383,-0.1809,
04-16-2025,-0.3915,0.1111,-0.1482,-0.1823,
04-17-2025,-0.3893,0.1227,-0.1462,-0.1846,
04-18-2025,-0.3889,,,-0.1874,
04-21-2025,-0.3852,0.1453,-0.1462,-0.1883,
04-22-2025,-0.3881,0.1388,-0.1502,-0.1901,
04-23-2025,-0.3852,0.1399,-0.1542,-0.1910,
04-24-2025,-0.3807,0.1170,-0.1522,-0.1924,
04-25-2025,-0.3852,0.1002,-0.1443,-0.1924,
04-28-2025,-0.3889,0.0926,-0.1383,-0.1924,
04-29-2025,-0.3963,0.0848,-0.1383,-0.1924,
04-30-2025,-0.4000,0.0804,-0.1285,-0.1924,
05-01-2025,,0.0952,-0.1324,,
05-02-2025,,0.1194,-0.1383,,
05-05-2025,,0.1284,-0.1443,,
05-06-2025,-0.3963,0.1162,-0.1462,-0.1934,
05-07-2025,-0.3926,0.1090,-0.1502,-0.1984,
05-08-2025,-0.3963,0.1367,-0.1522,-0.2063,
05-09-2025,-0.3963,0.1388,-0.1542,-0.2174,
05-12-2025,-0.3889,0.1609,-0.1542,-0.2284,
05-13-2025,-0.3852,0.1606,-0.1502,-0.2330,
05-14-2025,-0.3815,0.1775,-0.1522,-0.2372,
05-15-2025,-0.3815,0.1508,-0.1482,-0.2409,
05-16-2025,-0.3852,0.1635,-0.1502,-0.2400,
05-19-2025,-0.3815,0.1557,-0.1522,-0.2409,
05-20-2025,-0.3815,0.1653,-0.1561,-0.2423,
05-21-2025,-0.3852,0.1949,-0.1581,-0.2432,
05-22-2025,-0.3741,0.1780,-0.1581,-0.2432,
05-23-2025,-0.3815,0.1723,-0.1581,-0.2423,
05-26-2025,-0.3741,0.1702,,-0.2418,
05-27-2025,-0.3815,0.1544,-0.1482,-0.2413,
05-28-2025,-0.3667,0.1632,-0.1443,-0.2400,
05-29-2025,-0.3667,0.1479,-0.1443,-0.2377,
05-30-2025,-0.3704,0.1437,-0.1403,-0.2377,
06-02-2025,,0.1546,-0.1403,,
06-03-2025,-0.3704,0.1598,-0.1462,-0.2377,
06-04-2025,-0.3704,0.1310,-0.1542,-0.2377,
06-05-2025,-0.3778,0.1393,-0.1522,-0.2377,
06-06-2025,-0.3741,0.1707,-0.1522,-0.2381,
06-09-2025,-0.3778,0.1619,-0.1522,-0.2390,
06-10-2025,-0.3778,0.1624,-0.1542,-0.2409,
06-11-2025,-0.3778,0.1487,-0.1542,-0.2423,
06-12-2025,-0.3852,0.1334,-0.1542,-0.2437,
06-13-2025,-0.3778,0.1432,-0.1542,-0.2441,
06-16-2025,-0.4000,0.1562,-0.1462,-0.2450,
06-17-2025,-0.3926,0.1386,-0.1482,-0.2460,
06-18-2025,-0.3926,0.1406,-0.1542,-0.2478,
06-19-2025,-0.3926,0.1380,,-0.2478,
06-20-2025,-0.3926,0.1373,-0.1522,-0.2483,
06-23-2025,-0.3926,0.1284,-0.1522,-0.2483,
06-24-2025,-0.3926,0.1147,-0.1502,-0.2483,
06-25-2025,-0.3926,0.1136,-0.1383,-0.2478,
06-26-2025,-0.3889,0.0999,-0.1304,-0.2478,
06-27-2025,-0.3926,0.1118,-0.1324,-0.2478,
06-30-2025,-0.3889,0.0970,-0.1206,-0.2478,
07-01-2025,-0.3926,0.1009,-0.1225,-0.2487,
07-02-2025,-0.3926,0.1116,-0.1304,-0.2527,
07-03-2025,-0.3926,0.1290,-0.1403,-0.2589,
07-04-2025,-0.3926,,,-0.2630,
07-07-2025,-0.3926,0.1378,-0.1443,-0.2713,
07-08-2025,-0.3926,0.1443,-0.1423,-0.2755,
07-09-2025,-0.3926,0.1261,-0.1462,-0.2792,
07-10-2025,-0.3889,0.1290,-0.1482,-0.2806,
07-11-2025,-0.3852,0.1448,-0.1482,-0.2815,
07-14-2025,-0.3807,0.1518,-0.1443,-0.2796,
07-15-2025,-0.3778,0.1645,-0.1364,-0.2806,
07-16-2025,-0.3844,0.1580,-0.1423,-0.2806,
07-17-2025,-0.3844,0.1565,-0.1423,-0.2815,
07-18-2025,-0.3833,0.1476,-0.1502,-0.2824,
07-21-2025,-0.3796,0.1375,-0.1542,-0.2833,
07-22-2025,-0.3748,0.1287,-0.1542,-0.2852,
07-23-2025,-0.3689,0.1386,-0.1542,-0.2843,
07-24-2025,-0.3600,0.1422,-0.1502,-0.2833,
07-25-2025,-0.3559,0.1396,-0.1383,-0.2806,
07-28-2025,-0.3574,0.1461,-0.1383,-0.2801,
07-29-2025,-0.3570,0.1225,-0.1383,-0.2801,
07-30-2025,-0.3570,0.1362,-0.1462,-0.2783,
07-31-2025,-0.3574,0.1352,-0.1324,-0.2773,
08-01-2025,-0.3667,0.0963,-0.1423,-0.2787,
08-04-2025,-0.3667,0.0890,-0.1443,-0.2806,
08-05-2025,-0.3685,0.0944,-0.1423,-0.2810,
08-06-2025,-0.3641,0.0981,-0.1423,-0.2806,
08-07-2025,-0.3711,0.1051,-0.1403,-0.2801,
08-08-2025,-0.3704,0.1121,-0.1403,-0.2827,
08-11-2025,-0.3652,0.1129,-0.1423,-0.2852,
08-12-2025,-0.3600,0.1142,-0.1383,-0.2856,
08-13-2025,-0.3581,0.1015,-0.1443,-0.2856,
08-14-2025,-0.3567,0.1131,-0.1423,-0.2852,
08-15-2025,-0.3526,0.1212,-0.1383,-0.2861,
08-18-2025,-0.3448,0.1261,-0.1423,-0.2852,
08-19-2025,-0.3411,0.1181,-0.1443,-0.2847,
08-20-2025,-0.3374,0.1155,-0.1482,-0.2847,
08-21-2025,-0.3430,0.1235,-0.1462,-0.2847,
08-22-2025,-0.3374,0.1064,-0.1383,-0.2847,
08-25-2025,-0.3393,0.1095,-0.1364,-0.2847,
08-26-2025,-0.3437,0.1074,-0.1344,-0.2847,
08-27-2025,-0.3437,0.0999,-0.1383,-0.2847,
08-28-2025,-0.3385,0.0921,-0.1423,-0.2847,
08-29-2025,-0.3389,0.0983,-0.1423,-0.2847,
09-01-2025,-0.3363,0.1053,,-0.2852,
09-02-2025,-0.3381,0.1061,-0.1324,-0.2852,
09-03-2025,-0.3426,0.0952,-0.1324,-0.2847,
09-04-2025,-0.3448,0.0799,-0.1285,-0.2847,
09-05-2025,-0.3459,0.0579,-0.1265,-0.2847,
09-08-2025,-0.3378,0.0490,-0.1304,-0.2847,
09-09-2025,-0.3333,0.0605,-0.1304,-0.2843,
09-10-2025,-0.3285,0.0516,-0.1324,-0.2833,
09-11-2025,-0.3293,0.0457,-0.1285,-0.2833,
09-12-2025,-0.3270,0.0560,-0.1265,-0.2833,
09-15-2025,-0.3004,0.0493,-0.1087,-0.2833,
09-16-2025,-0.3041,0.0470,-0.1324,-0.2833,
09-17-2025,-0.3074,0.0599,-0.1344,-0.2829,-0.1212
09-18-2025,-0.3089,0.0659,-0.1818,-0.2820,
09-19-2025,-0.3067,0.0719,-0.1818,-0.2792,
09-22-2025,-0.3033,0.0776,-0.1818,-0.2792,
09-23-2025,-0.3015,0.0656,-0.1858,-0.2792,
09-24-2025,-0.2952,0.0773,-0.1838,-0.2773,
09-25-2025,-0.2952,0.0815,-0.1739,-0.2737,
09-26-2025,-0.2911,0.0835,-0.1779,-0.2727,
09-29-2025,-0.2981,0.0752,-0.1838,-0.2709,
09-30-2025,-0.3044,0.0773,-0.1621,-0.2709,
10-01-2025,,0.0643,-0.1700,,
10-02-2025,,0.0602,-0.1700,,
10-03-2025,,0.0693,-0.1739,,
10-06-2025,,0.0773,-0.1798,,
10-07-2025,,0.0719,-0.1818,,
10-08-2025,,0.0693,-0.1858,,
10-09-2025,-0.2870,0.0752,-0.1838,-0.2713,
10-10-2025,-0.3107,0.0472,-0.1798,-0.2718,
10-13-2025,-0.3441,0.0516,,-0.2709,
10-14-2025,-0.3448,0.0464,-0.1719,-0.2704,
10-15-2025,-0.3430,0.0464,-0.1522,-0.2704,
10-16-2025,-0.3448,0.0309,-0.1502,-0.2704,
10-17-2025,-0.3470,0.0415,-0.1739,-0.2709,
10-20-2025,-0.3422,0.0335,-0.1779,-0.2700,
10-21-2025,-0.3456,0.0311,-0.1640,-0.2681,
10-22-2025,-0.3411,0.0252,-0.1680,-0.2653,
10-23-2025,-0.3404,0.0392,-0.1621,-0.2644,
10-24-2025,-0.3407,0.0439,-0.1621,-0.2644,
10-27-2025,-0.3404,0.0324,-0.1561,-0.2640,
10-28-2025,-0.3433,0.0327,-0.1482,-0.2621,
10-29-2025,-0.3459,0.0576,-0.1561,-0.2621,
10-30-2025,-0.3474,0.0636,-0.2016,-0.2630,-0.1515
10-31-2025,-0.3467,0.0584,-0.1660,-0.2635,
11-03-2025,-0.3493,0.0672,-0.1838,-0.2640,
11-04-2025,-0.3530,0.0610,-0.2095,-0.2644,
11-05-2025,-0.3537,0.0794,-0.2273,-0.2667,
11-06-2025,-0.3496,0.0607,-0.2253,-0.2674,
11-07-2025,-0.3489,0.0649,-0.2233,-0.2690,
11-10-2025,-0.3281,0.0693,-0.2194,-0.2709,
11-11-2025,-0.3241,0.0708,,-0.2709,
11-12-2025,-0.3274,0.0573,-0.2134,-0.2709,
11-13-2025,-0.3281,0.0706,-0.2095,-0.2709,
11-14-2025,-0.3307,0.0760,-0.2194,-0.2709,
11-17-2025,-0.3278,0.0750,-0.2095,-0.2709,
11-18-2025,-0.3281,0.0672,-0.2213,-0.2709,
11-19-2025,-0.3274,0.0747,-0.2273,-0.2709,
11-20-2025,-0.3248,0.0607,-0.2273,-0.2713,
11-21-2025,-0.3256,0.0555,-0.2233,-0.2718,
11-24-2025,-0.3237,0.0462,-0.2174,-0.2709,
11-25-2025,-0.3252,0.0379,-0.2075,-0.2709,
11-26-2025,-0.3211,0.0376,-0.1996,-0.2713,
11-27-2025,-0.3152,0.0350,,-0.2709,
11-28-2025,-0.3215,0.0426,-0.1858,-0.2709,
12-01-2025,-0.3185,0.0618,-0.1858,-0.2709,
12-02-2025,-0.3170,0.0625,-0.2075,-0.2709,
12-03-2025,-0.3178,0.0553,-0.2194,-0.2709,
12-04-2025,-0.3104,0.0643,-0.2253,-0.2709,
12-05-2025,-0.3119,0.0745,-0.2233,-0.2709,
12-08-2025,-0.3056,0.0812,-0.2194,-0.2709,
12-09-2025,-0.3070,0.0872,-0.2233,-0.2704,
12-10-2025,-0.3122,0.0781,-0.2292,-0.2700,
12-11-2025,-0.3141,0.0797,-0.2767,-0.2690,-0.1818
12-12-2025,-0.3152,0.0856,-0.2747,-0.2686,
12-15-2025,-0.3352,0.0848,-0.2589,-0.2658,
12-16-2025,-0.3352,0.0755,-0.2708,-0.2640,
12-17-2025,-0.3167,0.0802,-0.2708,-0.2612,
12-18-2025,-0.3341,0.0703,-0.2767,-0.2603,
12-19-2025,-0.3252,0.0752,-0.2767,-0.2606,
12-22-2025,-0.3133,0.0804,-0.2727,-0.2612,
12-23-2025,-0.3093,0.0820,-0.2767,-0.2617,
12-24-2025,-0.3133,0.0729,-0.2767,-0.2617,
12-25-2025,-0.3178,0.0706,,-0.2617,
12-26-2025,-0.3226,0.0734,-0.2569,-0.2617,
12-29-2025,-0.3085,0.0667,-0.2549,-0.2617,
12-30-2025,-0.3067,0.0708,-0.2668,-0.2617,
12-31-2025,-0.3104,0.0825,-0.2352,-0.2617,
01-01-2026,,0.0815,,,
01-02-2026,,0.0885,-0.2589,,
01-04-2026,,,,-0.2626,
01-05-2026,-0.3070,0.0812,-0.2688,-0.2635,
01-06-2026,-0.3000,0.0817,-0.2767,-0.2635,
01-07-2026,-0.3070,0.0791,-0.2787,-0.2783,
01-08-2026,-0.2989,0.0835,-0.2806,-0.2640,
01-09-2026,-0.3048,0.0833,-0.2806,-0.2640,
01-12-2026,-0.3107,0.0851,-0.2806,-0.2626,
01-13-2026,-0.3130,0.0856,-0.2787,-0.2617,
01-14-2026,-0.3144,0.0732,-0.2806,-0.2617,
01-15-2026,-0.3107,0.0841,-0.2767,-0.2617,
01-16-2026,-0.3167,0.0968,-0.2787,-0.2617,
01-19-2026,-0.3189,0.0965,,-0.2617,
01-20-2026,-0.3330,0.1157,-0.2806,-0.2617,
01-21-2026,-0.3204,0.1015,-0.2826,-0.2617,
01-22-2026,-0.3193,0.1017,-0.2806,-0.2626,
01-23-2026,-0.3215,0.0983,-0.2787,-0.2626,
01-26-2026,-0.3237,0.0942,-0.2767,-0.2627,
01-27-2026,-0.3333,0.1028,-0.2767,-0.2631,
01-28-2026,-0.3267,0.1017,-0.2806,-0.2641,
01-29-2026,-0.3267,0.1002,-0.2787,-0.2658,
01-30-2026,-0.3322,0.0996,-0.2727,-0.2667,
02-02-2026,-0.3300,0.1103,-0.2708,-0.2668,
02-03-2026,-0.3274,0.1072,-0.2708,-0.2682,
02-04-2026,-0.3274,0.1105,-0.2787,-0.2688,
02-05-2026,-0.3278,0.0856,-0.2787,-0.2707,
02-06-2026,-0.3307,0.0942,-0.2806,-0.2709,
02-09-2026,-0.3296,0.0929,-0.2826,-0.2709,
02-10-2026,-0.3307,0.0763,-0.2787,-0.2709,
02-11-2026,-0.3326,0.0838,-0.2787,-0.2709,
02-12-2026,-0.3389,0.0649,-0.2787,-0.2709,
02-13-2026,-0.3289,0.0514,-0.2767,-0.2713,
02-14-2026,,,,-0.2709,
02-16-2026,,0.0503,,,
02-17-2026,,0.0545,-0.2668,,
02-18-2026,,0.0589,-0.2628,,
02-19-2026,,0.0586,-0.2747,,
02-20-2026,,0.0615,-0.2767,,
02-23-2026,,0.0475,-0.2767,,
02-24-2026,-0.3337,0.0477,-0.2747,-0.2718,
02-25-2026,-0.3278,0.0506,-0.2747,-0.2719,
02-26-2026,-0.3244,0.0400,-0.2747,-0.2733,
02-27-2026,-0.3226,0.0254,-0.2727,-0.2760,
03-02-2026,-0.3330,0.0483,-0.2668,-0.2765,
03-03-2026,-0.3593,0.0566,-0.2688,-0.2778,
03-04-2026,-0.3337,0.0649,-0.2747,-0.2799,
03-05-2026,-0.3352,0.0742,-0.2767,-0.2810,
03-06-2026,-0.3344,0.0724,-0.2787,-0.2825,
03-09-2026,-0.3037,0.0638,-0.2787,-0.2840,
03-10-2026,-0.3296,0.0804,-0.2806,-0.2851,
03-11-2026,-0.3170,0.0978,-0.2806,-0.2861,
03-12-2026,-0.3278,0.1077,-0.2787,-0.2866,
03-13-2026,-0.3170,0.1111,-0.2787,-0.2884,
03-16-2026,-0.3204,0.0960,-0.2688,-0.2903,
03-17-2026,-0.3204,0.0906,-0.2787,-0.2913,
03-18-2026,-0.3256,0.1066,-0.2846,-0.2930,
03-19-2026,-0.3226,0.1035,-0.2846,-0.2949,
03-20-2026,-0.3215,0.1383,-0.2846,-0.2976,
03-23-2026,-0.3204,0.1290,-0.2846,-0.2994,
03-24-2026,-0.3207,0.1336,-0.2826,-0.3004,
03-25-2026,-0.3241,0.1248,-0.2806,-0.3006,
03-26-2026,-0.3248,0.1479,-0.2787,-0.3016,
03-27-2026,-0.3259,0.1515,-0.2826,-0.3036,
03-30-2026,-0.3296,0.1303,-0.2826,-0.3036,
03-31-2026,-0.3267,0.1204,-0.2727,-0.3046,
04-01-2026,-0.3244,0.1214,-0.2787,-0.3060,
04-02-2026,-0.3252,0.1186,-0.2767,-0.3080,
04-03-2026,-0.3263,0.1209,,-0.3110,
04-06-2026,,0.1271,-0.2787,,
04-07-2026,-0.3274,0.1157,-0.2846,-0.3152,
04-08-2026,-0.3289,0.1160,-0.2905,-0.3173,
04-09-2026,-0.3267,0.1108,-0.2945,-0.3189,
04-10-2026,-0.3278,0.1261,-0.2866,-0.3210,
04-13-2026,-0.3344,0.1139,-0.2826,-0.3235,
04-14-2026,-0.3389,0.1038,-0.2767,-0.3246,
04-15-2026,-0.3407,0.1126,-0.2648,-0.3256,
04-16-2026,-0.3407,0.1209,-0.2747,-0.3286,
04-17-2026,-0.3463,0.1030,-0.2787,-0.3297,
04-20-2026,-0.3478,0.1038,-0.2826,-0.3313,
04-21-2026,-0.3511,0.1155,-0.2826,-0.3346,
04-22-2026,-0.3567,0.1175,-0.2806,-0.3366,
04-23-2026,-0.3533,0.1232,-0.2787,-0.3380,
04-24-2026,-0.3478,0.1175,-0.2767,-0.3413,
04-27-2026,-0.3456,0.1274,-0.2767,-0.3406,
04-28-2026,-0.3470,0.1295,-0.2806,-0.3429,
04-29-2026,-0.3530,0.1505,-0.2826,-0.3449,
04-30-2026,-0.3507,0.1352,-0.2767,-0.3466,
05-01-2026,,0.1362,-0.2806,,
05-04-2026,,0.1526,-0.2826,,
05-05-2026,,0.1492,-0.2846,,
05-06-2026,-0.3478,0.1290,-0.2866,-0.3447,
05-07-2026,-0.3481,0.1404,-0.2885,-0.3461,
05-08-2026,-0.3456,0.1310,-0.2885,-0.3461,
05-09-2026,,,,-0.3475,
05-11-2026,-0.3244,0.1450,-0.2885,-0.3475,
05-12-2026,-0.3300,0.1565,-0.2885,-0.3484,
05-13-2026,-0.3093,0.1596,-0.2905,-0.3498,
05-14-2026,-0.3511,0.1648,-0.2964,-0.3512,
05-15-2026,-0.3463,0.1925,-0.2984,-0.3503,
05-18-2026,-0.3193,0.1917,-0.3024,-0.3516,
05-19-2026,-0.3537,0.2120,-0.3063,-0.3521,
05-20-2026,-0.3544,0.1915,-0.3083,-0.3519,
05-21-2026,-0.3315,0.1866,-0.3063,-0.3509,
05-22-2026,-0.3515,0.1840,-0.2984,-0.3516,
05-25-2026,-0.3222,0.1648,,-0.3509,
05-26-2026,-0.3533,0.1658,-0.2826,-0.3509,
05-27-2026,-0.3585,0.1645,-0.2826,-0.3519,
05-28-2026,-0.3607,0.1541,-0.2846,-0.3514,
05-29-2026,-0.3593,0.1528,-0.2826,-0.3505,
06-01-2026,-0.3670,0.1554,-0.2787,-0.3509,
06-02-2026,-0.3659,0.1536,-0.2826,-0.3523,
06-03-2026,-0.3504,0.1676,-0.2866,-0.3523,
06-04-2026,-0.3641,0.1627,-0.2846,-0.3533,
06-05-2026,-0.3485,0.1733,-0.2826,-0.3530,
06-08-2026,-0.3596,0.1853,-0.2826,-0.3530,
06-09-2026,-0.3556,0.1733,-0.2885,-0.3530,
06-10-2026,-0.3522,0.1829,-0.2905,-0.3530,
06-11-2026,-0.3404,0.1604,-0.2885,-0.3503,
06-12-2026,-0.3541,0.1648,-0.2787,-0.3475,
06-15-2026,-0.3533,0.1627,-0.2708,-0.3436,
06-16-2026,-0.3581,0.1533,-0.2826,-0.3410,
06-17-2026,-0.3507,0.1676,-0.2826,-0.3406,
06-18-2026,-0.3511,0.1572,-0.2846,-0.3401,
06-22-2026,-0.3581,0.1718,-0.2866,-0.3401,
06-23-2026,-0.3356,0.1681,-0.2846,-0.3396,
06-24-2026,-0.3441,0.1393,-0.2846,-0.3373,
06-25-2026,-0.3578,0.1404,-0.2806,-0.3357,
06-26-2026,-0.3359,0.1341,-0.2846,-0.3355,
06-29-2026,-0.3633,0.1357,,-0.3355,