"Date","US10Y Return","USDCNY Return","US2Y Return","SOFR Return"
06-29-2023,0.0000,0.0000,0.0000,0.0000
06-30-2023,-0.0091,0.0001,-0.0002,0.0059
07-03-2023,0.0010,-0.0016,0.0127,0.0000
07-04-2023,-0.0034,-0.0052,0.0058,
07-05-2023,0.0236,-0.0007,0.0150,0.0000
07-06-2023,0.0485,-0.0004,0.0262,0.0000
07-07-2023,0.0503,-0.0043,0.0109,0.0000
07-10-2023,0.0394,-0.0029,-0.0033,0.0000
07-11-2023,0.0332,-0.0058,0.0037,0.0000
07-12-2023,0.0018,-0.0119,-0.0279,-0.0020
07-13-2023,-0.0246,-0.0140,-0.0547,0.0000
07-14-2023,-0.0088,-0.0154,-0.0260,-0.0020
07-17-2023,-0.0148,-0.0111,-0.0299,0.0000
07-18-2023,-0.0169,-0.0100,-0.0256,0.0000
07-19-2023,-0.0291,-0.0035,-0.0252,-0.0020
07-20-2023,0.0000,-0.0103,-0.0080,0.0000
07-21-2023,-0.0039,-0.0089,-0.0062,-0.0020
07-24-2023,0.0008,-0.0091,-0.0080,-0.0020
07-25-2023,0.0150,-0.0160,0.0031,0.0000
07-26-2023,-0.0008,-0.0141,-0.0105,0.0000
07-27-2023,0.0410,-0.0108,0.0125,0.0494
07-28-2023,0.0298,-0.0143,0.0039,0.0474
07-31-2023,0.0267,-0.0151,-0.0008,0.0494
08-01-2023,0.0501,-0.0103,0.0070,0.0494
08-02-2023,0.0581,-0.0084,0.0027,0.0474
08-03-2023,0.0869,-0.0120,0.0037,0.0474
08-04-2023,0.0540,-0.0113,-0.0178,0.0474
08-07-2023,0.0581,-0.0081,-0.0246,0.0474
08-08-2023,0.0441,-0.0049,-0.0246,0.0474
08-09-2023,0.0410,-0.0060,-0.0156,0.0474
08-10-2023,0.0592,-0.0049,-0.0117,0.0474
08-11-2023,0.0815,-0.0021,0.0035,0.0474
08-14-2023,0.0851,0.0010,0.0178,0.0474
08-15-2023,0.0952,0.0041,0.0156,0.0474
08-16-2023,0.1048,0.0063,0.0209,0.0474
08-17-2023,0.1178,0.0040,0.0170,0.0474
08-18-2023,0.1030,0.0040,0.0119,0.0474
08-21-2023,0.1266,-0.0062,0.0234,0.0474
08-22-2023,0.1230,0.0057,0.0326,0.0474
08-23-2023,0.0893,-0.0089,0.0152,0.0474
08-24-2023,0.0989,0.0035,0.0289,0.0474
08-25-2023,0.0999,0.0051,0.0365,0.0474
08-28-2023,0.0929,0.0052,0.0353,0.0474
08-29-2023,0.0695,0.0039,0.0025,0.0474
08-30-2023,0.0685,0.0044,0.0012,0.0474
08-31-2023,0.0615,0.0008,-0.0039,0.0494
09-01-2023,0.0828,0.0012,-0.0021,0.0494
09-04-2023,0.0914,0.0027,0.0061,
09-05-2023,0.1074,0.0071,0.0180,0.0494
09-06-2023,0.1131,0.0089,0.0301,0.0474
09-07-2023,0.1059,0.0105,0.0158,0.0494
09-08-2023,0.1043,0.0126,0.0217,0.0474
09-11-2023,0.1126,0.0051,0.0240,0.0474
09-12-2023,0.1064,0.0055,0.0260,0.0474
09-13-2023,0.1022,0.0024,0.0217,0.0474
09-14-2023,0.1131,0.0033,0.0279,0.0474
09-15-2023,0.1214,0.0030,0.0318,0.0494
09-18-2023,0.1164,0.0054,0.0381,0.0494
09-19-2023,0.1331,0.0062,0.0474,0.0494
09-20-2023,0.1279,0.0048,0.0496,0.0474
09-21-2023,0.1624,0.0076,0.0554,0.0474
09-22-2023,0.1520,0.0063,0.0502,0.0474
09-25-2023,0.1785,0.0082,0.0519,0.0494
09-26-2023,0.1827,0.0081,0.0519,0.0494
09-27-2023,0.2003,0.0079,0.0539,0.0514
09-28-2023,0.1928,0.0066,0.0396,0.0494
09-29-2023,0.1860,0.0059,0.0344,0.0494
10-02-2023,0.2151,-0.0097,0.0480,0.0514
10-03-2023,0.2460,-0.0077,0.0554,0.0534
10-04-2023,0.2286,-0.0076,0.0353,0.0514
10-05-2023,0.2237,-0.0072,0.0301,0.0514
10-06-2023,0.2408,-0.0079,0.0412,0.0494
10-09-2023,,0.0054,,
10-10-2023,0.2078,0.0059,0.0217,0.0494
10-11-2023,0.1928,0.0065,0.0260,0.0494
10-12-2023,0.2224,0.0069,0.0396,0.0494
10-13-2023,0.2011,0.0072,0.0361,0.0494
10-16-2023,0.2221,0.0080,0.0451,0.0494
10-17-2023,0.2577,0.0083,0.0689,0.0494
10-18-2023,0.2719,0.0086,0.0697,0.0474
10-19-2023,0.2942,0.0083,0.0601,0.0474
10-20-2023,0.2776,0.0089,0.0422,0.0474
10-23-2023,0.2553,0.0087,0.0377,0.0474
10-24-2023,0.2558,0.0080,0.0465,0.0474
10-25-2023,0.2852,0.0089,0.0498,0.0474
10-26-2023,0.2571,0.0087,0.0330,0.0494
10-27-2023,0.2571,0.0089,0.0275,0.0494
10-30-2023,0.2654,0.0083,0.0330,0.0494
10-31-2023,0.2649,0.0087,0.0396,0.0573
11-01-2023,0.2431,0.0089,0.0191,0.0514
11-02-2023,0.2115,0.0087,0.0199,0.0534
11-03-2023,0.1827,0.0067,-0.0094,0.0514
11-06-2023,0.2097,0.0023,0.0129,0.0514
11-07-2023,0.1860,0.0037,0.0082,0.0514
11-08-2023,0.1736,0.0038,0.0119,0.0514
11-09-2023,0.2013,0.0042,0.0295,0.0514
11-10-2023,0.2008,0.0052,0.0377,0.0514
11-13-2023,0.2019,0.0052,0.0334,0.0514
11-14-2023,0.1523,0.0002,-0.0125,0.0514
11-15-2023,0.1772,-0.0008,0.0078,0.0514
11-16-2023,0.1533,-0.0014,-0.0074,0.0514
11-17-2023,0.1523,-0.0057,0.0059,0.0514
11-20-2023,0.1474,-0.0115,0.0068,0.0494
11-21-2023,0.1463,-0.0214,0.0010,0.0494
11-22-2023,0.1458,-0.0134,0.0066,0.0494
11-23-2023,,-0.0215,0.0101,
11-24-2023,0.1635,-0.0221,0.0166,0.0514
11-27-2023,0.1386,-0.0167,0.0033,0.0514
11-28-2023,0.1251,-0.0232,-0.0291,0.0514
11-29-2023,0.1082,-0.0229,-0.0472,0.0494
11-30-2023,0.1287,-0.0230,-0.0334,0.0534
12-01-2023,0.0960,-0.0248,-0.0638,0.0652
12-04-2023,0.1121,-0.0224,-0.0451,0.0613
12-05-2023,0.0823,-0.0146,-0.0617,0.0534
12-06-2023,0.0693,-0.0186,-0.0564,0.0514
12-07-2023,0.0714,-0.0141,-0.0611,0.0514
12-08-2023,0.1015,-0.0122,-0.0310,0.0514
12-11-2023,0.0999,-0.0105,-0.0310,0.0514
12-12-2023,0.0913,-0.0104,-0.0301,0.0494
12-13-2023,0.0464,-0.0111,-0.0814,0.0494
12-14-2023,0.0197,-0.0252,-0.0982,0.0494
12-15-2023,0.0192,-0.0186,-0.0867,0.0514
12-18-2023,0.0265,-0.0164,-0.0863,0.0514
12-19-2023,0.0176,-0.0241,-0.0904,0.0494
12-20-2023,0.0060,-0.0162,-0.1043,0.0494
12-21-2023,0.0104,-0.0157,-0.1084,0.0494
12-22-2023,0.0140,-0.0164,-0.1103,0.0514
12-25-2023,0.0126,-0.0160,-0.1107,
12-26-2023,0.0083,-0.0151,-0.1101,0.0573
12-27-2023,-0.0169,-0.0153,-0.1304,0.0652
12-28-2023,-0.0010,-0.0198,-0.1224,0.0672
12-29-2023,0.0016,-0.0238,-0.1287,0.0632
01-01-2024,,-0.0240,,
01-02-2024,0.0234,-0.0217,-0.1128,0.0672
01-03-2024,0.0138,-0.0195,-0.1148,0.0652
01-04-2024,0.0355,-0.0185,-0.1017,0.0514
01-05-2024,0.0488,-0.0212,-0.0998,0.0494
01-08-2024,0.0384,-0.0214,-0.1093,0.0494
01-09-2024,0.0423,-0.0195,-0.1035,0.0494
01-10-2024,0.0457,-0.0112,-0.1039,0.0494
01-11-2024,0.0314,-0.0205,-0.1267,0.0494
01-12-2024,0.0249,-0.0194,-0.1517,0.0494
01-15-2024,,-0.0202,,
01-16-2024,0.0550,-0.0172,-0.1333,0.0514
01-17-2024,0.0649,-0.0172,-0.1074,0.0514
01-18-2024,0.0752,-0.0174,-0.1068,0.0494
01-19-2024,0.0758,-0.0188,-0.0964,0.0494
01-22-2024,0.0623,-0.0081,-0.1029,0.0494
01-23-2024,0.0747,-0.0224,-0.1011,0.0494
01-24-2024,0.0841,-0.0224,-0.1025,0.0494
01-25-2024,0.0721,-0.0215,-0.1156,0.0514
01-26-2024,0.0794,-0.0215,-0.1052,0.0514
01-29-2024,0.0615,-0.0210,-0.1140,0.0494
01-30-2024,0.0527,-0.0203,-0.1064,0.0494
01-31-2024,0.0288,-0.0211,-0.1330,0.0514
02-01-2024,0.0023,-0.0210,-0.1402,0.0514
02-02-2024,0.0459,-0.0083,-0.1041,0.0514
02-05-2024,0.0804,-0.0184,-0.0832,0.0494
02-06-2024,0.0618,-0.0198,-0.0964,0.0494
02-07-2024,0.0659,-0.0189,-0.0935,0.0494
02-08-2024,0.0820,-0.0187,-0.0865,0.0494
02-09-2024,0.0864,-0.0180,-0.0800,0.0494
02-12-2024,0.0820,-0.0081,-0.0836,0.0494
02-13-2024,0.1199,-0.0086,-0.0455,0.0494
02-14-2024,0.1072,-0.0103,-0.0615,0.0474
02-15-2024,0.1002,-0.0188,-0.0636,0.0494
02-16-2024,0.1144,-0.0184,-0.0455,0.0474
02-19-2024,0.1210,-0.0075,-0.0463,
02-20-2024,0.1092,-0.0084,-0.0545,0.0474
02-21-2024,0.1217,-0.0087,-0.0461,0.0474
02-22-2024,0.1227,-0.0080,-0.0336,0.0474
02-23-2024,0.1053,-0.0078,-0.0385,0.0494
02-26-2024,0.1155,-0.0076,-0.0283,0.0494
02-27-2024,0.1196,-0.0076,-0.0340,0.0494
02-28-2024,0.1090,-0.0075,-0.0472,0.0494
02-29-2024,0.1033,-0.0089,-0.0476,0.0514
03-01-2024,0.0851,-0.0077,-0.0707,0.0494
03-04-2024,0.0947,-0.0073,-0.0554,0.0494
03-05-2024,0.0734,-0.0077,-0.0668,0.0494
03-06-2024,0.0649,-0.0076,-0.0648,0.0494
03-07-2024,0.0618,-0.0082,-0.0746,0.0494
03-08-2024,0.0607,-0.0092,-0.0804,0.0494
03-11-2024,0.0649,-0.0094,-0.0705,0.0494
03-12-2024,0.0781,-0.0097,-0.0572,0.0494
03-13-2024,0.0877,-0.0090,-0.0525,0.0494
03-14-2024,0.1152,-0.0081,-0.0383,0.0494
03-15-2024,0.1168,-0.0078,-0.0318,0.0494
03-18-2024,0.1261,-0.0075,-0.0291,0.0494
03-19-2024,0.1142,-0.0073,-0.0381,0.0494
03-20-2024,0.1074,-0.0074,-0.0562,0.0494
03-21-2024,0.1064,-0.0073,-0.0504,0.0494
03-22-2024,0.0895,-0.0032,-0.0570,0.0494
03-25-2024,0.1007,-0.0058,-0.0513,0.0494
03-26-2024,0.0986,-0.0047,-0.0576,0.0514
03-27-2024,0.0887,-0.0034,-0.0631,0.0534
03-28-2024,0.0882,-0.0034,-0.0529,0.0553
03-29-2024,0.0924,-0.0043,,
04-01-2024,0.1232,-0.0030,-0.0328,0.0573
04-02-2024,0.1310,-0.0026,-0.0363,0.0553
04-03-2024,0.1300,-0.0025,-0.0408,0.0514
04-04-2024,0.1181,-0.0024,-0.0486,0.0514
04-05-2024,0.1432,-0.0027,-0.0244,0.0514
04-08-2024,0.1479,-0.0030,-0.0182,0.0494
04-09-2024,0.1334,-0.0028,-0.0256,0.0494
04-10-2024,0.1783,-0.0026,0.0191,0.0494
04-11-2024,0.1923,-0.0021,0.0195,0.0494
04-12-2024,0.1722,-0.0022,0.0074,0.0494
04-15-2024,0.1961,-0.0020,0.0105,0.0514
04-16-2024,0.2116,-0.0021,0.0246,0.0494
04-17-2024,0.1908,-0.0019,0.0137,0.0494
04-18-2024,0.2031,-0.0020,0.0248,0.0474
04-19-2024,0.1995,-0.0018,0.0248,0.0494
04-22-2024,0.1963,-0.0012,0.0201,0.0494
04-23-2024,0.1953,-0.0010,0.0113,0.0494
04-24-2024,0.2060,-0.0009,0.0129,0.0494
04-25-2024,0.2206,-0.0018,0.0262,0.0494
04-26-2024,0.2099,-0.0009,0.0258,0.0514
04-29-2024,0.1971,-0.0019,0.0223,0.0514
04-30-2024,0.2148,-0.0016,0.0353,0.0553
05-01-2024,0.2041,-0.0016,0.0185,0.0514
05-02-2024,0.1908,-0.0018,0.0010,0.0494
05-03-2024,0.1700,-0.0021,-0.0100,0.0494
05-06-2024,0.1659,-0.0242,-0.0084,0.0494
05-07-2024,0.1565,-0.0226,-0.0076,0.0494
05-08-2024,0.1656,-0.0038,-0.0068,0.0494
05-09-2024,0.1585,-0.0045,-0.0107,0.0494
05-10-2024,0.1677,-0.0036,-0.0008,0.0494
05-13-2024,0.1641,-0.0027,-0.0004,0.0494
05-14-2024,0.1539,-0.0026,-0.0125,0.0494
05-15-2024,0.1251,-0.0046,-0.0287,0.0494
05-16-2024,0.1332,-0.0047,-0.0148,0.0494
05-17-2024,0.1473,-0.0040,-0.0084,0.0494
05-20-2024,0.1539,-0.0026,-0.0035,0.0494
05-21-2024,0.1453,-0.0222,-0.0084,0.0494
05-22-2024,0.1483,-0.0217,0.0004,0.0494
05-23-2024,0.1621,-0.0197,0.0144,0.0494
05-24-2024,0.1590,-0.0196,0.0162,0.0514
05-27-2024,0.1575,-0.0011,0.0131,
05-28-2024,0.1801,-0.0198,0.0228,0.0514
05-29-2024,0.1976,-0.0192,0.0211,0.0534
05-30-2024,0.1806,-0.0207,0.0113,0.0534
05-31-2024,0.1683,-0.0202,0.0006,0.0553
06-03-2024,0.1397,-0.0024,-0.0127,0.0573
06-04-2024,0.1235,-0.0128,-0.0187,0.0534
06-05-2024,0.1099,-0.0008,-0.0308,0.0534
06-06-2024,0.1139,-0.0010,-0.0289,0.0534
06-07-2024,0.1504,-0.0008,0.0039,0.0534
06-10-2024,0.1585,-0.0200,0.0023,0.0514
06-11-2024,0.1422,-0.0196,-0.0082,0.0514
06-12-2024,0.1174,-0.0018,-0.0242,0.0494
06-13-2024,0.1028,0.0000,-0.0355,0.0494
06-14-2024,0.0952,0.0004,-0.0334,0.0494
06-17-2024,0.1118,0.0005,-0.0213,0.0534
06-18-2024,0.0947,0.0002,-0.0314,0.0534
06-19-2024,0.0992,0.0007,-0.0314,
06-20-2024,0.1057,0.0010,-0.0262,0.0514
06-21-2024,0.1047,0.0012,-0.0277,0.0494
06-24-2024,0.0996,0.0009,-0.0299,0.0494
06-25-2024,0.1016,0.0014,-0.0256,0.0534
06-26-2024,0.1238,0.0017,-0.0242,0.0553
06-27-2024,0.1122,0.0022,-0.0328,0.0553
06-28-2024,0.1396,0.0020,-0.0226,0.0534
07-01-2024,0.1571,0.0022,-0.0250,0.0672
07-02-2024,0.1489,0.0025,-0.0264,0.0573
07-03-2024,0.1299,0.0024,-0.0310,0.0534
07-04-2024,0.1345,0.0021,-0.0310,
07-05-2024,0.1101,0.0022,-0.0545,0.0514
07-08-2024,0.1111,0.0022,-0.0486,0.0514
07-09-2024,0.1152,0.0028,-0.0494,0.0553
07-10-2024,0.1121,0.0032,-0.0494,0.0553
07-11-2024,0.0929,0.0008,-0.0728,0.0553
07-12-2024,0.0863,-0.0003,-0.0849,0.0553
07-15-2024,0.0994,0.0010,-0.0841,0.0553
07-16-2024,0.0802,-0.0154,-0.0927,0.0573
07-17-2024,0.0797,0.0011,-0.0886,0.0573
07-18-2024,0.0911,0.0011,-0.0808,0.0553
07-19-2024,0.1007,0.0024,-0.0732,0.0553
07-22-2024,0.1043,0.0029,-0.0722,0.0534
07-23-2024,0.1040,0.0031,-0.0775,0.0553
07-24-2024,0.1139,0.0014,-0.0892,0.0553
07-25-2024,0.1020,-0.0029,-0.0900,0.0573
07-26-2024,0.0898,-0.0003,-0.1011,0.0573
07-29-2024,0.0843,0.0011,-0.0959,0.0534
07-30-2024,0.0739,-0.0002,-0.1043,0.0534
07-31-2024,0.0470,-0.0046,-0.1255,0.0632
08-01-2024,0.0332,-0.0012,-0.1476,0.0573
08-02-2024,-0.0158,-0.0129,-0.2025,0.0573
08-05-2024,-0.0145,-0.0170,-0.1929,0.0514
08-06-2024,0.0112,-0.0169,-0.1827,0.0534
08-07-2024,0.0259,-0.0098,-0.1866,0.0534
08-08-2024,0.0371,-0.0106,-0.1697,0.0553
08-09-2024,0.0239,-0.0118,-0.1671,0.0553
08-12-2024,0.0140,-0.0107,-0.1743,0.0553
08-13-2024,-0.0021,-0.0136,-0.1923,0.0553
08-14-2024,-0.0036,-0.0158,-0.1870,0.0534
08-15-2024,0.0158,-0.0119,-0.1593,0.0573
08-16-2024,0.0080,-0.0121,-0.1677,0.0514
08-19-2024,0.0057,-0.0160,-0.1656,0.0514
08-20-2024,-0.0114,-0.0160,-0.1816,0.0514
08-21-2024,-0.0127,-0.0165,-0.1917,0.0494
08-22-2024,0.0008,-0.0149,-0.1767,0.0494
08-23-2024,-0.0130,-0.0179,-0.1964,0.0534
08-26-2024,-0.0093,-0.0181,-0.1915,0.0553
08-27-2024,-0.0060,-0.0176,-0.1980,0.0573
08-28-2024,-0.0036,-0.0175,-0.2060,0.0573
08-29-2024,0.0029,-0.0212,-0.2001,0.0534
08-30-2024,0.0140,-0.0220,-0.1958,0.0514
09-02-2024,0.0148,-0.0186,-0.1954,
09-03-2024,-0.0047,-0.0181,-0.2060,0.0553
09-04-2024,-0.0246,-0.0193,-0.2263,0.0573
09-05-2024,-0.0314,-0.0221,-0.2308,0.0573
09-06-2024,-0.0366,-0.0226,-0.2509,0.0553
09-09-2024,-0.0389,-0.0191,-0.2462,0.0553
09-10-2024,-0.0529,-0.0181,-0.2606,0.0534
09-11-2024,-0.0509,-0.0183,-0.2522,0.0514
09-12-2024,-0.0457,-0.0186,-0.2517,0.0534
09-13-2024,-0.0511,-0.0219,-0.2630,0.0534
09-16-2024,-0.0599,-0.0219,-0.2700,0.0632
09-17-2024,-0.0506,-0.0219,-0.2589,0.0632
09-18-2024,-0.0387,-0.0235,-0.2563,0.0534
09-19-2024,-0.0361,-0.0255,-0.2640,-0.0474
09-20-2024,-0.0285,-0.0277,-0.2591,-0.0455
09-23-2024,-0.0267,-0.0277,-0.2630,-0.0455
09-24-2024,-0.0314,-0.0305,-0.2727,-0.0435
09-25-2024,-0.0171,-0.0303,-0.2708,-0.0435
09-26-2024,-0.0140,-0.0333,-0.2544,-0.0455
09-27-2024,-0.0259,-0.0332,-0.2688,-0.0435
09-30-2024,-0.0174,-0.0323,-0.2524,-0.0198
10-01-2024,-0.0304,-0.0305,-0.2589,-0.0020
10-02-2024,-0.0171,-0.0295,-0.2509,-0.0277
10-03-2024,-0.0005,-0.0286,-0.2382,-0.0415
10-04-2024,0.0280,-0.0280,-0.1948,-0.0455
10-07-2024,0.0464,-0.0320,-0.1792,-0.0455
10-08-2024,0.0423,-0.0266,-0.1868,-0.0435
10-09-2024,0.0558,-0.0235,-0.1738,-0.0455
10-10-2024,0.0547,-0.0238,-0.1880,-0.0474
10-11-2024,0.0651,-0.0257,-0.1870,-0.0494
10-14-2024,0.0646,-0.0227,-0.1847,
10-15-2024,0.0475,-0.0183,-0.1890,-0.0395
10-16-2024,0.0426,-0.0184,-0.1902,-0.0395
10-17-2024,0.0628,-0.0177,-0.1837,-0.0415
10-18-2024,0.0592,-0.0208,-0.1872,-0.0435
10-21-2024,0.0913,-0.0183,-0.1714,-0.0474
10-22-2024,0.0934,-0.0179,-0.1712,-0.0455
10-23-2024,0.1009,-0.0174,-0.1605,-0.0455
10-24-2024,0.0942,-0.0184,-0.1611,-0.0455
10-25-2024,0.1017,-0.0181,-0.1550,-0.0455
10-28-2024,0.1121,-0.0175,-0.1486,-0.0474
10-29-2024,0.1051,-0.0167,-0.1587,-0.0474
10-30-2024,0.1165,-0.0190,-0.1412,-0.0494
10-31-2024,0.1131,-0.0185,-0.1412,-0.0316
11-01-2024,0.1409,-0.0179,-0.1341,-0.0395
11-04-2024,0.1129,-0.0212,-0.1451,-0.0474
11-05-2024,0.1121,-0.0203,-0.1400,-0.0474
11-06-2024,0.1508,-0.0106,-0.1230,-0.0494
11-07-2024,0.1266,-0.0151,-0.1392,-0.0474
11-08-2024,0.1183,-0.0100,-0.1259,-0.0909
11-11-2024,0.1183,-0.0053,,
11-12-2024,0.1520,-0.0028,-0.1056,-0.0909
11-13-2024,0.1593,-0.0039,-0.1197,-0.0929
11-14-2024,0.1528,-0.0031,-0.1062,-0.0949
11-15-2024,0.1531,-0.0028,-0.1121,-0.0968
11-18-2024,0.1471,-0.0022,-0.1207,-0.0968
11-19-2024,0.1422,-0.0018,-0.1203,-0.0968
11-20-2024,0.1440,-0.0010,-0.1121,-0.0988
11-21-2024,0.1482,-0.0023,-0.1068,-0.0968
11-22-2024,0.1445,-0.0012,-0.1013,-0.0968
11-25-2024,0.1103,-0.0009,-0.1205,-0.0949
11-26-2024,0.1183,-0.0009,-0.1271,-0.0949
11-27-2024,0.1064,-0.0008,-0.1314,-0.0968
11-28-2024,,-0.0010,,
11-29-2024,0.0833,-0.0015,-0.1474,-0.0929
12-02-2024,0.0893,0.0026,-0.1406,-0.0830
12-03-2024,0.0970,0.0046,-0.1415,-0.0830
12-04-2024,0.0848,0.0016,-0.1517,-0.0929
12-05-2024,0.0833,0.0010,-0.1492,-0.0929
12-06-2024,0.0820,0.0025,-0.1570,-0.0909
12-09-2024,0.0906,0.0011,-0.1531,-0.0850
12-10-2024,0.0963,-0.0003,-0.1499,-0.0830
12-11-2024,0.1092,0.0014,-0.1478,-0.0870
12-12-2024,0.1245,0.0022,-0.1388,-0.0870
12-13-2024,0.1406,0.0033,-0.1294,-0.0909
12-16-2024,0.1430,0.0043,-0.1259,-0.0810
12-17-2024,0.1430,0.0045,-0.1255,-0.0870
12-18-2024,0.1725,0.0047,-0.1056,-0.0968
12-19-2024,0.1871,0.0062,-0.1121,-0.1502
12-20-2024,0.1725,0.0060,-0.1150,-0.1502
12-23-2024,0.1917,0.0064,-0.1099,-0.1482
12-24-2024,0.1907,0.0059,-0.1084,-0.1304
12-25-2024,,0.0063,,
12-26-2024,0.1889,0.0063,-0.1119,-0.1047
12-27-2024,0.2013,0.0063,-0.1115,-0.1186
12-30-2024,0.1788,0.0064,-0.1267,-0.1364
12-31-2024,0.1873,0.0062,-0.1283,-0.1126
01-01-2025,0.1868,0.0062,-0.1300,
01-02-2025,0.1853,0.0065,-0.1263,-0.1304
01-03-2025,0.1941,0.0094,-0.1212,-0.1482
01-06-2025,0.2029,0.0097,-0.1216,-0.1561
01-07-2025,0.2161,0.0102,-0.1181,-0.1561
01-08-2025,0.2211,0.0109,-0.1191,-0.1522
01-09-2025,0.2164,0.0109,-0.1242,-0.1502
01-10-2025,0.2374,0.0110,-0.1005,-0.1502
01-13-2025,0.2421,0.0109,-0.0992,-0.1522
01-14-2025,0.2436,0.0110,-0.1013,-0.1542
01-15-2025,0.2084,0.0108,-0.1255,-0.1542
01-16-2025,0.1980,0.0110,-0.1320,-0.1522
01-17-2025,0.2013,0.0100,-0.1203,-0.1522
01-20-2025,0.2068,0.0085,-0.1207,
01-21-2025,0.1889,0.0100,-0.1220,-0.1522
01-22-2025,0.1977,0.0028,-0.1181,-0.1502
01-23-2025,0.2055,0.0050,-0.1185,-0.1403
01-24-2025,0.2024,-0.0012,-0.1226,-0.1423
01-27-2025,0.1783,-0.0002,-0.1374,-0.1423
01-28-2025,0.1775,-0.0002,-0.1367,-0.1403
01-29-2025,0.1790,-0.0114,-0.1345,-0.1403
01-30-2025,0.1725,-0.0109,-0.1357,-0.1383
01-31-2025,0.1783,-0.0091,-0.1357,-0.1344
02-03-2025,0.1842,-0.0076,-0.1257,-0.1403
02-04-2025,0.1702,-0.0093,-0.1357,-0.1443
02-05-2025,0.1500,0.0026,-0.1396,-0.1443
02-06-2025,0.1533,0.0050,-0.1345,-0.1383
02-07-2025,0.1666,0.0049,-0.1181,-0.1403
02-10-2025,0.1671,0.0073,-0.1216,-0.1403
02-11-2025,0.1759,0.0076,-0.1193,-0.1423
02-12-2025,0.2011,0.0078,-0.1068,-0.1462
02-13-2025,0.1770,0.0078,-0.1142,-0.1443
02-14-2025,0.1624,0.0051,-0.1248,-0.1443
02-17-2025,0.1622,0.0016,-0.1261,
02-18-2025,0.1821,0.0037,-0.1156,-0.1364
02-19-2025,0.1775,0.0043,-0.1238,-0.1403
02-20-2025,0.1705,0.0005,-0.1216,-0.1443
02-21-2025,0.1495,-0.0002,-0.1386,-0.1423
02-24-2025,0.1443,-0.0006,-0.1421,-0.1423
02-25-2025,0.1160,-0.0006,-0.1603,-0.1443
02-26-2025,0.1061,0.0010,-0.1632,-0.1443
02-27-2025,0.1066,0.0046,-0.1675,-0.1383
02-28-2025,0.0950,0.0043,-0.1786,-0.1324
03-03-2025,0.0791,0.0045,-0.1886,-0.1443
03-04-2025,0.1022,0.0018,-0.1790,-0.1443
03-05-2025,0.1108,-0.0002,-0.1773,-0.1423
03-06-2025,0.1095,-0.0007,-0.1859,-0.1403
03-07-2025,0.1160,-0.0025,-0.1796,-0.1423
03-10-2025,0.0939,0.0011,-0.2017,-0.1443
03-11-2025,0.1118,-0.0033,-0.1900,-0.1462
03-12-2025,0.1196,-0.0020,-0.1818,-0.1482
03-13-2025,0.1087,-0.0011,-0.1841,-0.1502
03-14-2025,0.1201,-0.0019,-0.1738,-0.1502
03-17-2025,0.1173,-0.0027,-0.1683,-0.1462
03-18-2025,0.1131,-0.0034,-0.1702,-0.1482
03-19-2025,0.0994,-0.0030,-0.1814,-0.1522
03-20-2025,0.0989,-0.0006,-0.1853,-0.1522
03-21-2025,0.1048,-0.0005,-0.1868,-0.1502
03-24-2025,0.1277,0.0001,-0.1712,-0.1482
03-25-2025,0.1212,0.0007,-0.1730,-0.1443
03-26-2025,0.1305,0.0007,-0.1736,-0.1403
03-27-2025,0.1328,0.0018,-0.1796,-0.1383
03-28-2025,0.0999,0.0015,-0.1960,-0.1423
03-29-2025,,0.0015,,
03-31-2025,0.0924,0.0001,-0.2015,-0.1285
04-01-2025,0.0838,0.0024,-0.2032,-0.1324
04-02-2025,0.0885,0.0021,-0.1997,-0.1364
04-03-2025,0.0522,0.0062,-0.2364,-0.1324
04-04-2025,0.0402,0.0062,-0.2493,-0.1403
04-05-2025,,0.0062,,
04-07-2025,0.0838,0.0081,-0.2273,-0.1443
04-08-2025,0.1168,0.0118,-0.2337,-0.1304
04-09-2025,0.1406,0.0134,-0.1904,-0.1265
04-10-2025,0.1396,0.0085,-0.2114,-0.1364
04-11-2025,0.1661,0.0055,-0.1847,-0.1443
04-12-2025,,0.0055,,
04-14-2025,0.1360,0.0083,-0.2091,-0.1443
04-15-2025,0.1258,0.0085,-0.2079,-0.1383
04-16-2025,0.1111,0.0074,-0.2243,-0.1482
04-17-2025,0.1227,0.0060,-0.2218,-0.1462
04-18-2025,,0.0060,,
04-19-2025,,0.0060,,
04-21-2025,0.1453,0.0055,-0.2261,-0.1462
04-22-2025,0.1388,0.0082,-0.2198,-0.1502
04-23-2025,0.1399,0.0047,-0.2036,-0.1542
04-24-2025,0.1170,0.0047,-0.2228,-0.1522
04-25-2025,0.1002,0.0048,-0.2325,-0.1443
04-28-2025,0.0926,0.0048,-0.2413,-0.1383
04-29-2025,0.0848,0.0058,-0.2505,-0.1383
04-30-2025,0.0804,0.0058,-0.2589,-0.1285
05-01-2025,0.0952,0.0058,-0.2396,-0.1324
05-02-2025,0.1194,0.0058,-0.2144,-0.1383
05-05-2025,0.1284,0.0058,-0.2122,-0.1443
05-06-2025,0.1162,0.0058,-0.2228,-0.1462
05-07-2025,0.1090,-0.0038,-0.2232,-0.1502
05-08-2025,0.1367,-0.0038,-0.2042,-0.1522
05-09-2025,0.1388,-0.0038,-0.1984,-0.1542
05-12-2025,0.1609,-0.0038,-0.1728,-0.1542
05-13-2025,0.1606,-0.0068,-0.1769,-0.1502
05-14-2025,0.1775,-0.0068,-0.1683,-0.1522
05-15-2025,0.1508,-0.0063,-0.1837,-0.1482
05-16-2025,0.1635,-0.0060,-0.1771,-0.1502
05-19-2025,0.1557,-0.0053,-0.1843,-0.1522
05-20-2025,0.1653,-0.0045,-0.1847,-0.1561
05-21-2025,0.1949,-0.0069,-0.1738,-0.1581
05-22-2025,0.1780,-0.0067,-0.1798,-0.1581
05-23-2025,0.1723,-0.0099,-0.1792,-0.1581
05-26-2025,0.1702,-0.0091,-0.1800,
05-27-2025,0.1544,-0.0079,-0.1827,-0.1482
05-28-2025,0.1632,-0.0080,-0.1800,-0.1443
05-29-2025,0.1479,-0.0092,-0.1909,-0.1443
05-30-2025,0.1437,-0.0073,-0.1989,-0.1403
06-02-2025,0.1546,-0.0073,-0.1904,-0.1403
06-03-2025,0.1598,-0.0089,-0.1876,-0.1462
06-04-2025,0.1310,-0.0093,-0.2040,-0.1542
06-05-2025,0.1393,-0.0106,-0.1948,-0.1522
06-06-2025,0.1707,-0.0087,-0.1708,-0.1522
06-09-2025,0.1619,-0.0099,-0.1775,-0.1522
06-10-2025,0.1624,-0.0089,-0.1732,-0.1542
06-11-2025,0.1487,-0.0082,-0.1890,-0.1542
06-12-2025,0.1334,-0.0109,-0.1968,-0.1542
06-13-2025,0.1432,-0.0098,-0.1886,-0.1542
06-16-2025,0.1562,-0.0100,-0.1835,-0.1462
06-17-2025,0.1386,-0.0093,-0.1878,-0.1482
06-18-2025,0.1406,-0.0087,-0.1894,-0.1542
06-19-2025,0.1380,-0.0087,-0.1941,
06-20-2025,0.1373,-0.0100,-0.1972,-0.1522
06-23-2025,0.1284,-0.0101,-0.2066,-0.1522
06-24-2025,0.1147,-0.0112,-0.2146,-0.1502
06-25-2025,0.1136,-0.0105,-0.2224,-0.1383
06-26-2025,0.0999,-0.0117,-0.2358,-0.1304
06-27-2025,0.1118,-0.0110,-0.2317,-0.1324
06-30-2025,0.0970,-0.0122,-0.2368,-0.1206
07-01-2025,0.1009,-0.0120,-0.2241,-0.1225
07-02-2025,0.1116,-0.0120,-0.2216,-0.1304
07-03-2025,0.1290,-0.0115,-0.2021,-0.1403
07-04-2025,,-0.0120,,
07-07-2025,0.1378,-0.0107,-0.1991,-0.1443
07-08-2025,0.1443,-0.0108,-0.1999,-0.1423
07-09-2025,0.1261,-0.0100,-0.2109,-0.1462
07-10-2025,0.1290,-0.0107,-0.2036,-0.1482
07-11-2025,0.1448,-0.0116,-0.1984,-0.1482
07-14-2025,0.1518,-0.0117,-0.1966,-0.1443
07-15-2025,0.1645,-0.0110,-0.1884,-0.1364
07-16-2025,0.1580,-0.0101,-0.2009,-0.1423
07-17-2025,0.1565,-0.0095,-0.1978,-0.1423
07-18-2025,0.1476,-0.0103,-0.2046,-0.1502
07-21-2025,0.1375,-0.0106,-0.2054,-0.1542
07-22-2025,0.1287,-0.0107,-0.2103,-0.1542
07-23-2025,0.1386,-0.0128,-0.2034,-0.1542
07-24-2025,0.1422,-0.0128,-0.1941,-0.1502
07-25-2025,0.1396,-0.0116,-0.1923,-0.1383
07-28-2025,0.1461,-0.0103,-0.1943,-0.1383
07-29-2025,0.1225,-0.0104,-0.2056,-0.1383
07-30-2025,0.1362,-0.0104,-0.1900,-0.1462
07-31-2025,0.1352,-0.0072,-0.1876,-0.1324
08-01-2025,0.0963,-0.0056,-0.2419,-0.1423
08-04-2025,0.0890,-0.0102,-0.2446,-0.1443
08-05-2025,0.0944,-0.0094,-0.2335,-0.1423
08-06-2025,0.0981,-0.0097,-0.2374,-0.1423
08-07-2025,0.1051,-0.0098,-0.2341,-0.1403
08-08-2025,0.1121,-0.0094,-0.2273,-0.1403
08-11-2025,0.1129,-0.0088,-0.2245,-0.1423
08-12-2025,0.1142,-0.0089,-0.2331,-0.1383
08-13-2025,0.1015,-0.0107,-0.2450,-0.1443
08-14-2025,0.1131,-0.0100,-0.2331,-0.1423
08-15-2025,0.1212,-0.0097,-0.2286,-0.1383
08-18-2025,0.1261,-0.0093,-0.2269,-0.1423
08-19-2025,0.1181,-0.0097,-0.2294,-0.1443
08-20-2025,0.1155,-0.0105,-0.2278,-0.1482
08-21-2025,0.1235,-0.0099,-0.2222,-0.1462
08-22-2025,0.1064,-0.0120,-0.2396,-0.1383
08-25-2025,0.1095,-0.0139,-0.2345,-0.1364
08-26-2025,0.1074,-0.0137,-0.2431,-0.1344
08-27-2025,0.0999,-0.0136,-0.2577,-0.1383
08-28-2025,0.0921,-0.0168,-0.2544,-0.1423
08-29-2025,0.0983,-0.0168,-0.2569,-0.1423
09-01-2025,0.1053,-0.0168,-0.2528,
09-02-2025,0.1061,-0.0172,-0.2528,-0.1324
09-03-2025,0.0952,-0.0152,-0.2569,-0.1324
09-04-2025,0.0799,-0.0153,-0.2624,-0.1285
09-05-2025,0.0579,-0.0165,-0.2786,-0.1265
09-08-2025,0.0490,-0.0169,-0.2831,-0.1304
09-09-2025,0.0605,-0.0181,-0.2667,-0.1304
09-10-2025,0.0516,-0.0181,-0.2722,-0.1324
09-11-2025,0.0457,-0.0185,-0.2718,-0.1285
09-12-2025,0.0560,-0.0176,-0.2698,-0.1265
09-15-2025,0.0493,-0.0184,-0.2733,-0.1087
09-16-2025,0.0470,-0.0191,-0.2800,-0.1324
09-17-2025,0.0599,-0.0205,-0.2677,-0.1344
09-18-2025,0.0659,-0.0193,-0.2673,-0.1818
09-19-2025,0.0719,-0.0189,-0.2653,-0.1818
09-22-2025,0.0776,-0.0192,-0.2575,-0.1818
09-23-2025,0.0656,-0.0194,-0.2632,-0.1858
09-24-2025,0.0773,-0.0166,-0.2595,-0.1838
09-25-2025,0.0815,-0.0162,-0.2507,-0.1739
09-26-2025,0.0835,-0.0164,-0.2524,-0.1779
09-29-2025,0.0752,-0.0184,-0.2548,-0.1838
09-30-2025,0.0773,-0.0184,-0.2585,-0.1621
10-01-2025,0.0643,-0.0183,-0.2749,-0.1700
10-02-2025,0.0602,-0.0183,-0.2733,-0.1700
10-03-2025,0.0693,-0.0184,-0.2673,-0.1739
10-06-2025,0.0773,-0.0183,-0.2626,-0.1798
10-07-2025,0.0719,-0.0183,-0.2669,-0.1818
10-08-2025,0.0693,-0.0184,-0.2638,-0.1858
10-09-2025,0.0752,-0.0172,-0.2610,-0.1838
10-10-2025,0.0472,-0.0176,-0.2800,-0.1798
10-13-2025,0.0516,-0.0166,-0.2804,
10-14-2025,0.0464,-0.0157,-0.2843,-0.1719
10-15-2025,0.0464,-0.0174,-0.2804,-0.1522
10-16-2025,0.0309,-0.0177,-0.2966,-0.1502
10-17-2025,0.0415,-0.0173,-0.2882,-0.1739
10-20-2025,0.0335,-0.0183,-0.2895,-0.1779
10-21-2025,0.0311,-0.0180,-0.2905,-0.1640
10-22-2025,0.0252,-0.0174,-0.2925,-0.1680
10-23-2025,0.0392,-0.0179,-0.2823,-0.1621
10-24-2025,0.0439,-0.0181,-0.2823,-0.1621
10-27-2025,0.0324,-0.0196,-0.2827,-0.1561
10-28-2025,0.0327,-0.0211,-0.2829,-0.1482
10-29-2025,0.0576,-0.0212,-0.2612,-0.1561
10-30-2025,0.0636,-0.0196,-0.2587,-0.2016
10-31-2025,0.0584,-0.0186,-0.2657,-0.1660
11-03-2025,0.0672,-0.0181,-0.2585,-0.1838
11-04-2025,0.0610,-0.0169,-0.2649,-0.2095
11-05-2025,0.0794,-0.0174,-0.2542,-0.2273
11-06-2025,0.0607,-0.0184,-0.2681,-0.2253
11-07-2025,0.0649,-0.0179,-0.2686,-0.2233
11-10-2025,0.0693,-0.0183,-0.2618,-0.2194
11-11-2025,0.0708,-0.0187,-0.2614,
11-12-2025,0.0573,-0.0184,-0.2669,-0.2134
11-13-2025,0.0706,-0.0193,-0.2614,-0.2095
11-14-2025,0.0760,-0.0211,-0.2595,-0.2194
11-17-2025,0.0750,-0.0200,-0.2581,-0.2095
11-18-2025,0.0672,-0.0199,-0.2651,-0.2213
11-19-2025,0.0747,-0.0199,-0.2616,-0.2273
11-20-2025,0.0607,-0.0188,-0.2733,-0.2273
11-21-2025,0.0555,-0.0201,-0.2788,-0.2233
11-24-2025,0.0462,-0.0206,-0.2819,-0.2174
11-25-2025,0.0379,-0.0232,-0.2897,-0.2075
11-26-2025,0.0376,-0.0237,-0.2856,-0.1996
11-27-2025,0.0350,-0.0238,-0.2847,
11-28-2025,0.0426,-0.0244,-0.2821,-0.1858
12-01-2025,0.0618,-0.0249,-0.2724,-0.1858
12-02-2025,0.0625,-0.0251,-0.2788,-0.2075
12-03-2025,0.0553,-0.0260,-0.2829,-0.2194
12-04-2025,0.0643,-0.0249,-0.2761,-0.2253
12-05-2025,0.0745,-0.0252,-0.2679,-0.2233
12-08-2025,0.0812,-0.0249,-0.2659,-0.2194
12-09-2025,0.0872,-0.0261,-0.2569,-0.2233
12-10-2025,0.0781,-0.0259,-0.2716,-0.2292
12-11-2025,0.0797,-0.0268,-0.2720,-0.2767
12-12-2025,0.0856,-0.0273,-0.2757,-0.2747
12-15-2025,0.0848,-0.0283,-0.2792,-0.2589
12-16-2025,0.0755,-0.0290,-0.2825,-0.2708
12-17-2025,0.0802,-0.0288,-0.2839,-0.2708
12-18-2025,0.0703,-0.0291,-0.2880,-0.2767
12-19-2025,0.0752,-0.0292,-0.2845,-0.2767
12-22-2025,0.0804,-0.0297,-0.2806,-0.2727
12-23-2025,0.0820,-0.0309,-0.2751,-0.2767
12-24-2025,0.0729,-0.0328,-0.2796,-0.2767
12-25-2025,0.0706,-0.0315,-0.2792,
12-26-2025,0.0734,-0.0339,-0.2864,-0.2569
12-29-2025,0.0667,-0.0340,-0.2952,-0.2549
12-30-2025,0.0708,-0.0353,-0.2909,-0.2668
12-31-2025,0.0825,-0.0357,-0.2860,-0.2352
01-01-2026,0.0815,-0.0354,-0.2852,
01-02-2026,0.0885,-0.0357,-0.2850,-0.2589
01-05-2026,0.0812,-0.0364,-0.2897,-0.2688
01-06-2026,0.0817,-0.0371,-0.2880,-0.2767
01-07-2026,0.0791,-0.0352,-0.2866,-0.2787
01-08-2026,0.0835,-0.0371,-0.2837,-0.2806
01-09-2026,0.0833,-0.0380,-0.2751,-0.2806
01-12-2026,0.0851,-0.0385,-0.2741,-0.2806
01-13-2026,0.0856,-0.0382,-0.2733,-0.2787
01-14-2026,0.0732,-0.0385,-0.2784,-0.2806
01-15-2026,0.0841,-0.0395,-0.2671,-0.2767
01-16-2026,0.0968,-0.0391,-0.2636,-0.2787
01-19-2026,0.0965,-0.0398,-0.2626,
01-20-2026,0.1157,-0.0402,-0.2610,-0.2806
01-21-2026,0.1015,-0.0398,-0.2626,-0.2826
01-22-2026,0.1017,-0.0385,-0.2599,-0.2806
01-23-2026,0.0983,-0.0399,-0.2606,-0.2787
01-26-2026,0.0942,-0.0411,-0.2624,-0.2767
01-27-2026,0.1028,-0.0411,-0.2649,-0.2767
01-28-2026,0.1017,-0.0422,-0.2665,-0.2806
01-29-2026,0.1002,-0.0419,-0.2688,-0.2787
01-30-2026,0.0996,-0.0415,-0.2745,-0.2727
02-02-2026,0.1103,-0.0422,-0.2649,-0.2708
02-03-2026,0.1072,-0.0433,-0.2665,-0.2708
02-04-2026,0.1105,-0.0429,-0.2716,-0.2787
02-05-2026,0.0856,-0.0434,-0.2905,-0.2787
02-06-2026,0.0942,-0.0434,-0.2817,-0.2806
02-09-2026,0.0929,-0.0455,-0.2825,-0.2826
02-10-2026,0.0763,-0.0471,-0.2899,-0.2787
02-11-2026,0.0838,-0.0468,-0.2765,-0.2787
02-12-2026,0.0649,-0.0485,-0.2903,-0.2787
02-13-2026,0.0514,-0.0474,-0.2993,-0.2767
02-16-2026,0.0503,-0.0474,-0.3001,
02-17-2026,0.0545,-0.0474,-0.2925,-0.2668
02-18-2026,0.0589,-0.0474,-0.2903,-0.2628
02-19-2026,0.0586,-0.0474,-0.2899,-0.2747
02-20-2026,0.0615,-0.0474,-0.2862,-0.2767
02-23-2026,0.0475,-0.0474,-0.2909,-0.2767
02-24-2026,0.0477,-0.0508,-0.2913,-0.2747
02-25-2026,0.0506,-0.0528,-0.2864,-0.2747
02-26-2026,0.0400,-0.0567,-0.2944,-0.2747
02-27-2026,0.0254,-0.0544,-0.3057,-0.2727
03-02-2026,0.0483,-0.0510,-0.2864,-0.2668
03-03-2026,0.0566,-0.0486,-0.2813,-0.2688
03-04-2026,0.0649,-0.0490,-0.2710,-0.2747
03-05-2026,0.0742,-0.0498,-0.2634,-0.2767
03-06-2026,0.0724,-0.0490,-0.2706,-0.2787
03-09-2026,0.0638,-0.0476,-0.2722,-0.2787
03-10-2026,0.0804,-0.0518,-0.2597,-0.2806
03-11-2026,0.0978,-0.0533,-0.2495,-0.2806
03-12-2026,0.1077,-0.0529,-0.2323,-0.2787
03-13-2026,0.1111,-0.0491,-0.2345,-0.2787
03-16-2026,0.0960,-0.0491,-0.2444,-0.2688
03-17-2026,0.0906,-0.0504,-0.2448,-0.2787
03-18-2026,0.1066,-0.0523,-0.2253,-0.2846
03-19-2026,0.1035,-0.0486,-0.2208,-0.2846
03-20-2026,0.1383,-0.0505,-0.1978,-0.2846
03-23-2026,0.1290,-0.0513,-0.2087,-0.2846
03-24-2026,0.1336,-0.0496,-0.1950,-0.2826
03-25-2026,0.1248,-0.0484,-0.2005,-0.2806
03-26-2026,0.1479,-0.0470,-0.1800,-0.2787
03-27-2026,0.1515,-0.0470,-0.1948,-0.2826
03-30-2026,0.1303,-0.0469,-0.2132,-0.2826
03-31-2026,0.1204,-0.0488,-0.2200,-0.2727
04-01-2026,0.1214,-0.0524,-0.2179,-0.2787
04-02-2026,0.1186,-0.0505,-0.2191,-0.2767
04-03-2026,0.1209,-0.0510,-0.2142,
04-06-2026,0.1271,-0.0510,-0.2079,-0.2787
04-07-2026,0.1157,-0.0545,-0.2214,-0.2846
04-08-2026,0.1160,-0.0583,-0.2210,-0.2905
04-09-2026,0.1108,-0.0580,-0.2265,-0.2945
04-10-2026,0.1261,-0.0585,-0.2189,-0.2866
04-13-2026,0.1139,-0.0582,-0.2245,-0.2826
04-14-2026,0.1038,-0.0602,-0.2302,-0.2767
04-15-2026,0.1126,-0.0599,-0.2271,-0.2648
04-16-2026,0.1209,-0.0595,-0.2239,-0.2747
04-17-2026,0.1030,-0.0600,-0.2390,-0.2787
04-20-2026,0.1038,-0.0600,-0.2364,-0.2826
04-21-2026,0.1155,-0.0597,-0.2253,-0.2826
04-22-2026,0.1175,-0.0585,-0.2198,-0.2806
04-23-2026,0.1232,-0.0588,-0.2116,-0.2787
04-24-2026,0.1175,-0.0574,-0.2228,-0.2767
04-27-2026,0.1274,-0.0592,-0.2198,-0.2767
04-28-2026,0.1295,-0.0572,-0.2107,-0.2806
04-29-2026,0.1505,-0.0571,-0.1872,-0.2826
04-30-2026,0.1352,-0.0585,-0.2060,-0.2767
05-01-2026,0.1362,-0.0585,-0.2021,-0.2806
05-04-2026,0.1526,-0.0582,-0.1878,-0.2826
05-05-2026,0.1492,-0.0582,-0.1902,-0.2846
05-06-2026,0.1290,-0.0608,-0.2066,-0.2866
05-07-2026,0.1404,-0.0621,-0.1978,-0.2885
05-08-2026,0.1310,-0.0623,-0.2015,-0.2885
05-11-2026,0.1450,-0.0631,-0.1870,-0.2885
05-12-2026,0.1565,-0.0635,-0.1804,-0.2885
05-13-2026,0.1596,-0.0636,-0.1816,-0.2905
05-14-2026,0.1648,-0.0645,-0.1738,-0.2964
05-15-2026,0.1925,-0.0610,-0.1646,-0.2984
05-18-2026,0.1917,-0.0624,-0.1679,-0.3024
05-19-2026,0.2120,-0.0604,-0.1540,-0.3063
05-20-2026,0.1915,-0.0622,-0.1661,-0.3083
05-21-2026,0.1866,-0.0620,-0.1611,-0.3063
05-22-2026,0.1840,-0.0631,-0.1529,-0.2984
05-25-2026,0.1648,-0.0631,-0.1669,
05-26-2026,0.1658,-0.0643,-0.1679,-0.2826
05-27-2026,0.1645,-0.0653,-0.1716,-0.2826
05-28-2026,0.1541,-0.0652,-0.1736,-0.2846
05-29-2026,0.1528,-0.0670,-0.1779,-0.2826
06-01-2026,0.1554,-0.0671,-0.1728,-0.2787
06-02-2026,0.1536,-0.0675,-0.1695,-0.2826
06-03-2026,0.1676,-0.0664,-0.1624,-0.2866
06-04-2026,0.1627,-0.0660,-0.1699,-0.2846
06-05-2026,0.1733,-0.0670,-0.1499,-0.2826
06-08-2026,0.1853,-0.0655,-0.1460,-0.2826
06-09-2026,0.1733,-0.0656,-0.1523,-0.2885
06-10-2026,0.1829,,-0.1476,-0.2905
06-11-2026,0.1604,-0.0657,-0.1652,-0.2885
06-12-2026,0.1648,-0.0669,-0.1609,-0.2787
06-15-2026,0.1627,-0.0674,-0.1634,-0.2708
06-16-2026,0.1533,-0.0682,-0.1661,-0.2826
06-17-2026,0.1676,-0.0683,-0.1400,-0.2826
06-18-2026,0.1572,-0.0667,-0.1417,-0.2846
06-19-2026,,-0.0666,,
06-22-2026,0.1718,-0.0666,-0.1310,-0.2866
06-23-2026,0.1681,-0.0637,-0.1376,-0.2846
06-24-2026,0.1393,-0.0637,-0.1476,-0.2846
06-25-2026,0.1404,-0.0637,-0.1523,-0.2806
06-26-2026,0.1341,-0.0627,-0.1599,-0.2846
06-29-2026,0.1354,-0.0627,-0.1572,