"Date","IWM Return","SPY Return","QQQ Return","HYG Return"
06-29-2023,0.0000,0.0000,0.0000,0.0000
06-30-2023,0.0048,0.0118,0.0154,0.0048
07-03-2023,0.0068,0.0130,0.0178,0.0032
07-05-2023,-0.0032,0.0115,0.0178,0.0001
07-06-2023,-0.0193,0.0035,0.0100,-0.0071
07-07-2023,-0.0090,0.0010,0.0067,-0.0062
07-10-2023,0.0080,0.0035,0.0070,-0.0012
07-11-2023,0.0183,0.0099,0.0120,0.0042
07-12-2023,0.0295,0.0181,0.0248,0.0120
07-13-2023,0.0378,0.0261,0.0422,0.0180
07-14-2023,0.0276,0.0255,0.0419,0.0106
07-17-2023,0.0386,0.0291,0.0517,0.0125
07-18-2023,0.0515,0.0367,0.0603,0.0154
07-19-2023,0.0559,0.0390,0.0600,0.0162
07-20-2023,0.0467,0.0321,0.0356,0.0117
07-21-2023,0.0434,0.0321,0.0325,0.0143
07-24-2023,0.0459,0.0367,0.0341,0.0125
07-25-2023,0.0458,0.0396,0.0411,0.0119
07-26-2023,0.0541,0.0397,0.0377,0.0159
07-27-2023,0.0405,0.0328,0.0352,0.0078
07-28-2023,0.0539,0.0429,0.0541,0.0136
07-31-2023,0.0662,0.0449,0.0546,0.0160
08-01-2023,0.0613,0.0419,0.0522,0.0110
08-02-2023,0.0468,0.0274,0.0291,0.0067
08-03-2023,0.0439,0.0245,0.0274,0.0034
08-04-2023,0.0418,0.0199,0.0226,0.0094
08-07-2023,0.0425,0.0288,0.0313,0.0113
08-08-2023,0.0359,0.0243,0.0225,0.0134
08-09-2023,0.0278,0.0174,0.0113,0.0136
08-10-2023,0.0233,0.0178,0.0131,0.0133
08-11-2023,0.0247,0.0172,0.0067,0.0118
08-14-2023,0.0230,0.0228,0.0180,0.0117
08-15-2023,0.0094,0.0109,0.0072,0.0084
08-16-2023,-0.0029,0.0035,-0.0035,0.0053
08-17-2023,-0.0146,-0.0042,-0.0144,0.0011
08-18-2023,-0.0093,-0.0037,-0.0156,0.0018
08-21-2023,-0.0107,0.0028,0.0002,0.0015
08-22-2023,-0.0137,0.0001,-0.0012,0.0021
08-23-2023,-0.0032,0.0112,0.0146,0.0102
08-24-2023,-0.0170,-0.0028,-0.0071,0.0046
08-25-2023,-0.0128,0.0042,0.0006,0.0088
08-28-2023,-0.0040,0.0106,0.0081,0.0126
08-29-2023,0.0099,0.0252,0.0301,0.0190
08-30-2023,0.0137,0.0294,0.0359,0.0186
08-31-2023,0.0120,0.0279,0.0390,0.0179
09-01-2023,0.0240,0.0299,0.0379,0.0198
09-05-2023,0.0024,0.0254,0.0392,0.0131
09-06-2023,-0.0013,0.0185,0.0300,0.0107
09-07-2023,-0.0110,0.0154,0.0227,0.0141
09-08-2023,-0.0132,0.0169,0.0241,0.0137
09-11-2023,-0.0108,0.0236,0.0362,0.0155
09-12-2023,-0.0118,0.0180,0.0247,0.0138
09-13-2023,-0.0183,0.0192,0.0286,0.0165
09-14-2023,-0.0045,0.0280,0.0370,0.0178
09-15-2023,-0.0149,0.0156,0.0192,0.0140
09-18-2023,-0.0214,0.0162,0.0203,0.0146
09-19-2023,-0.0252,0.0141,0.0181,0.0115
09-20-2023,-0.0350,0.0047,0.0035,0.0107
09-21-2023,-0.0500,-0.0119,-0.0149,0.0035
09-22-2023,-0.0521,-0.0141,-0.0148,0.0053
09-25-2023,-0.0479,-0.0099,-0.0101,0.0039
09-26-2023,-0.0601,-0.0245,-0.0250,-0.0004
09-27-2023,-0.0513,-0.0241,-0.0227,-0.0018
09-28-2023,-0.0427,-0.0184,-0.0145,0.0030
09-29-2023,-0.0473,-0.0208,-0.0138,0.0015
10-02-2023,-0.0617,-0.0212,-0.0056,-0.0046
10-03-2023,-0.0775,-0.0343,-0.0230,-0.0147
10-04-2023,-0.0770,-0.0273,-0.0097,-0.0097
10-05-2023,-0.0763,-0.0276,-0.0126,-0.0087
10-06-2023,-0.0674,-0.0161,0.0039,-0.0073
10-09-2023,-0.0620,-0.0098,0.0090,0.0000
10-10-2023,-0.0514,-0.0046,0.0146,-0.0002
10-11-2023,-0.0530,-0.0006,0.0218,-0.0004
10-12-2023,-0.0744,-0.0067,0.0183,-0.0057
10-13-2023,-0.0821,-0.0116,0.0055,-0.0065
10-16-2023,-0.0673,-0.0012,0.0169,-0.0068
10-17-2023,-0.0569,-0.0013,0.0135,-0.0114
10-18-2023,-0.0763,-0.0146,0.0002,-0.0162
10-19-2023,-0.0910,-0.0232,-0.0091,-0.0198
10-20-2023,-0.1028,-0.0352,-0.0239,-0.0177
10-23-2023,-0.1104,-0.0369,-0.0210,-0.0138
10-24-2023,-0.1026,-0.0296,-0.0114,-0.0087
10-25-2023,-0.1175,-0.0436,-0.0356,-0.0140
10-26-2023,-0.1152,-0.0550,-0.0540,-0.0106
10-27-2023,-0.1256,-0.0593,-0.0495,-0.0119
10-30-2023,-0.1207,-0.0481,-0.0388,-0.0116
10-31-2023,-0.1131,-0.0421,-0.0342,-0.0090
11-01-2023,-0.1081,-0.0319,-0.0174,0.0005
11-02-2023,-0.0843,-0.0133,0.0004,0.0117
11-03-2023,-0.0594,-0.0043,0.0122,0.0216
11-06-2023,-0.0712,-0.0020,0.0163,0.0175
11-07-2023,-0.0744,0.0008,0.0259,0.0176
11-08-2023,-0.0843,0.0016,0.0266,0.0182
11-09-2023,-0.0985,-0.0063,0.0187,0.0119
11-10-2023,-0.0884,0.0093,0.0416,0.0168
11-13-2023,-0.0881,0.0083,0.0383,0.0158
11-14-2023,-0.0380,0.0279,0.0607,0.0261
11-15-2023,-0.0363,0.0300,0.0615,0.0228
11-16-2023,-0.0519,0.0313,0.0624,0.0242
11-17-2023,-0.0389,0.0326,0.0626,0.0265
11-20-2023,-0.0333,0.0405,0.0756,0.0276
11-21-2023,-0.0458,0.0383,0.0693,0.0290
11-22-2023,-0.0398,0.0423,0.0737,0.0308
11-24-2023,-0.0333,0.0429,0.0722,0.0297
11-27-2023,-0.0365,0.0410,0.0713,0.0312
11-28-2023,-0.0403,0.0421,0.0741,0.0357
11-29-2023,-0.0352,0.0413,0.0730,0.0414
11-30-2023,-0.0315,0.0454,0.0703,0.0394
12-01-2023,-0.0032,0.0516,0.0734,0.0481
12-04-2023,0.0074,0.0461,0.0634,0.0454
12-05-2023,-0.0060,0.0459,0.0661,0.0464
12-06-2023,-0.0078,0.0417,0.0599,0.0465
12-07-2023,-0.0006,0.0496,0.0747,0.0483
12-08-2023,0.0070,0.0541,0.0795,0.0463
12-11-2023,0.0091,0.0582,0.0887,0.0456
12-12-2023,0.0080,0.0631,0.0974,0.0479
12-13-2023,0.0422,0.0777,0.1114,0.0639
12-14-2023,0.0712,0.0812,0.1104,0.0686
12-15-2023,0.0622,0.0794,0.1158,0.0662
12-18-2023,0.0625,0.0855,0.1228,0.0669
12-19-2023,0.0831,0.0921,0.1285,0.0700
12-20-2023,0.0619,0.0769,0.1118,0.0701
12-21-2023,0.0800,0.0871,0.1247,0.0750
12-22-2023,0.0901,0.0893,0.1264,0.0737
12-26-2023,0.1042,0.0939,0.1333,0.0758
12-27-2023,0.1081,0.0959,0.1356,0.0802
12-28-2023,0.1039,0.0963,0.1350,0.0768
12-29-2023,0.0859,0.0932,0.1301,0.0726
01-02-2024,0.0795,0.0870,0.1110,0.0690
01-03-2024,0.0507,0.0782,0.0992,0.0661
01-04-2024,0.0486,0.0747,0.0936,0.0620
01-05-2024,0.0455,0.0762,0.0949,0.0628
01-08-2024,0.0644,0.0915,0.1175,0.0687
01-09-2024,0.0549,0.0899,0.1197,0.0704
01-10-2024,0.0554,0.0960,0.1273,0.0723
01-11-2024,0.0472,0.0955,0.1296,0.0758
01-12-2024,0.0454,0.0963,0.1302,0.0769
01-16-2024,0.0325,0.0923,0.1301,0.0701
01-17-2024,0.0251,0.0862,0.1237,0.0656
01-18-2024,0.0312,0.0959,0.1397,0.0678
01-19-2024,0.0411,0.1095,0.1623,0.0696
01-22-2024,0.0633,0.1119,0.1638,0.0704
01-23-2024,0.0603,0.1151,0.1686,0.0692
01-24-2024,0.0516,0.1163,0.1751,0.0686
01-25-2024,0.0603,0.1224,0.1766,0.0768
01-26-2024,0.0603,0.1210,0.1696,0.0759
01-29-2024,0.0789,0.1299,0.1815,0.0783
01-30-2024,0.0697,0.1290,0.1737,0.0769
01-31-2024,0.0435,0.1106,0.1507,0.0739
02-01-2024,0.0574,0.1251,0.1642,0.0801
02-02-2024,0.0518,0.1369,0.1839,0.0752
02-05-2024,0.0385,0.1328,0.1824,0.0702
02-06-2024,0.0478,0.1361,0.1800,0.0741
02-07-2024,0.0454,0.1456,0.1921,0.0759
02-08-2024,0.0612,0.1461,0.1943,0.0753
02-09-2024,0.0785,0.1527,0.2061,0.0775
02-12-2024,0.0981,0.1522,0.2014,0.0752
02-13-2024,0.0529,0.1363,0.1826,0.0665
02-14-2024,0.0774,0.1466,0.1955,0.0707
02-15-2024,0.1061,0.1546,0.1991,0.0745
02-16-2024,0.0910,0.1488,0.1882,0.0713
02-20-2024,0.0760,0.1425,0.1792,0.0735
02-21-2024,0.0709,0.1435,0.1745,0.0716
02-22-2024,0.0790,0.1672,0.2089,0.0767
02-23-2024,0.0815,0.1680,0.2053,0.0774
02-26-2024,0.0883,0.1637,0.2047,0.0739
02-27-2024,0.1037,0.1659,0.2076,0.0753
02-28-2024,0.0946,0.1643,0.2012,0.0752
02-29-2024,0.1022,0.1685,0.2115,0.0771
03-01-2024,0.1139,0.1795,0.2297,0.0812
03-04-2024,0.1129,0.1782,0.2253,0.0809
03-05-2024,0.1022,0.1664,0.2033,0.0800
03-06-2024,0.1105,0.1724,0.2109,0.0827
03-07-2024,0.1197,0.1840,0.2293,0.0840
03-08-2024,0.1190,0.1769,0.2115,0.0842
03-11-2024,0.1101,0.1759,0.2070,0.0841
03-12-2024,0.1086,0.1885,0.2243,0.0851
03-13-2024,0.1130,0.1867,0.2149,0.0855
03-14-2024,0.0930,0.1843,0.2119,0.0803
03-15-2024,0.0951,0.1762,0.1975,0.0796
03-18-2024,0.0888,0.1832,0.2089,0.0821
03-19-2024,0.0934,0.1898,0.2119,0.0865
03-20-2024,0.1151,0.2008,0.2263,0.0901
03-21-2024,0.1279,0.2047,0.2321,0.0896
03-22-2024,0.1123,0.2024,0.2335,0.0884
03-25-2024,0.1149,0.1991,0.2290,0.0868
03-26-2024,0.1129,0.1969,0.2250,0.0855
03-27-2024,0.1371,0.2070,0.2292,0.0913
03-28-2024,0.1407,0.2067,0.2269,0.0889
04-01-2024,0.1299,0.2046,0.2295,0.0844
04-02-2024,0.1092,0.1970,0.2189,0.0826
04-03-2024,0.1164,0.1983,0.2216,0.0834
04-04-2024,0.1053,0.1837,0.2030,0.0826
04-05-2024,0.1089,0.1960,0.2171,0.0816
04-08-2024,0.1150,0.1967,0.2175,0.0842
04-09-2024,0.1194,0.1981,0.2220,0.0864
04-10-2024,0.0899,0.1861,0.2113,0.0768
04-11-2024,0.0972,0.1950,0.2307,0.0758
04-12-2024,0.0777,0.1785,0.2111,0.0753
04-15-2024,0.0619,0.1638,0.1911,0.0691
04-16-2024,0.0580,0.1617,0.1912,0.0656
04-17-2024,0.0468,0.1548,0.1767,0.0670
04-18-2024,0.0460,0.1524,0.1700,0.0678
04-19-2024,0.0476,0.1423,0.1458,0.0698
04-22-2024,0.0593,0.1529,0.1573,0.0757
04-23-2024,0.0771,0.1665,0.1746,0.0801
04-24-2024,0.0722,0.1660,0.1786,0.0777
04-25-2024,0.0657,0.1616,0.1729,0.0754
04-26-2024,0.0759,0.1726,0.1910,0.0788
04-29-2024,0.0846,0.1767,0.1958,0.0820
04-30-2024,0.0626,0.1581,0.1733,0.0742
05-01-2024,0.0648,0.1543,0.1648,0.0798
05-02-2024,0.0844,0.1651,0.1796,0.0865
05-03-2024,0.0951,0.1796,0.2033,0.0910
05-06-2024,0.1093,0.1917,0.2165,0.0923
05-07-2024,0.1118,0.1931,0.2167,0.0924
05-08-2024,0.1053,0.1932,0.2160,0.0899
05-09-2024,0.1166,0.2000,0.2187,0.0901
05-10-2024,0.1082,0.2016,0.2215,0.0884
05-13-2024,0.1105,0.2017,0.2243,0.0882
05-14-2024,0.1220,0.2073,0.2322,0.0899
05-15-2024,0.1360,0.2222,0.2515,0.0962
05-16-2024,0.1278,0.2197,0.2489,0.0937
05-17-2024,0.1286,0.2215,0.2483,0.0938
05-20-2024,0.1311,0.2229,0.2570,0.0944
05-21-2024,0.1300,0.2259,0.2595,0.0935
05-22-2024,0.1205,0.2223,0.2592,0.0911
05-23-2024,0.1021,0.2134,0.2536,0.0873
05-24-2024,0.1143,0.2214,0.2654,0.0911
05-28-2024,0.1128,0.2223,0.2702,0.0868
05-29-2024,0.0964,0.2137,0.2613,0.0835
05-30-2024,0.1068,0.2057,0.2478,0.0879
05-31-2024,0.1161,0.2167,0.2454,0.0917
06-03-2024,0.1098,0.2176,0.2521,0.0951
06-04-2024,0.0955,0.2190,0.2555,0.0945
06-05-2024,0.1123,0.2335,0.2809,0.0981
06-06-2024,0.1043,0.2335,0.2804,0.0962
06-07-2024,0.0913,0.2320,0.2793,0.0934
06-10-2024,0.0951,0.2358,0.2844,0.0944
06-11-2024,0.0913,0.2388,0.2933,0.0958
06-12-2024,0.1081,0.2489,0.3102,0.1002
06-13-2024,0.0984,0.2514,0.3173,0.1001
06-14-2024,0.0809,0.2522,0.3241,0.0958
06-17-2024,0.0900,0.2622,0.3403,0.0965
06-18-2024,0.0919,0.2654,0.3408,0.0999
06-20-2024,0.0873,0.2619,0.3304,0.0992
06-21-2024,0.0897,0.2602,0.3269,0.1005
06-24-2024,0.0945,0.2561,0.3118,0.0994
06-25-2024,0.0909,0.2610,0.3268,0.1008
06-26-2024,0.0880,0.2626,0.3295,0.0984
06-27-2024,0.0990,0.2646,0.3329,0.0996
06-28-2024,0.1036,0.2596,0.3260,0.0969
07-01-2024,0.0943,0.2622,0.3338,0.0967
07-02-2024,0.0981,0.2707,0.3478,0.0997
07-03-2024,0.0978,0.2763,0.3590,0.1036
07-05-2024,0.0926,0.2837,0.3732,0.1069
07-08-2024,0.1002,0.2852,0.3765,0.1066
07-09-2024,0.0955,0.2864,0.3777,0.1053
07-10-2024,0.1062,0.2992,0.3920,0.1079
07-11-2024,0.1459,0.2880,0.3615,0.1119
07-12-2024,0.1593,0.2961,0.3695,0.1147
07-15-2024,0.1813,0.2996,0.3732,0.1149
07-16-2024,0.2216,0.3073,0.3737,0.1192
07-17-2024,0.2089,0.2890,0.3334,0.1179
07-18-2024,0.1855,0.2791,0.3271,0.1156
07-19-2024,0.1794,0.2706,0.3153,0.1147
07-22-2024,0.1982,0.2837,0.3349,0.1189
07-23-2024,0.2109,0.2817,0.3302,0.1190
07-24-2024,0.1849,0.2527,0.2825,0.1155
07-25-2024,0.1997,0.2461,0.2683,0.1156
07-26-2024,0.2196,0.2601,0.2813,0.1192
07-29-2024,0.2060,0.2608,0.2839,0.1182
07-30-2024,0.2106,0.2544,0.2663,0.1187
07-31-2024,0.2176,0.2748,0.3038,0.1227
08-01-2024,0.1780,0.2568,0.2722,0.1203
08-02-2024,0.1364,0.2334,0.2420,0.1165
08-05-2024,0.0998,0.1975,0.2050,0.1097
08-06-2024,0.1118,0.2085,0.2165,0.1138
08-07-2024,0.0986,0.2004,0.2033,0.1160
08-08-2024,0.1253,0.2282,0.2401,0.1206
08-09-2024,0.1230,0.2336,0.2466,0.1204
08-12-2024,0.1129,0.2342,0.2493,0.1211
08-13-2024,0.1312,0.2545,0.2803,0.1263
08-14-2024,0.1242,0.2585,0.2807,0.1283
08-15-2024,0.1533,0.2801,0.3130,0.1293
08-16-2024,0.1564,0.2829,0.3147,0.1329
08-19-2024,0.1705,0.2952,0.3320,0.1348
08-20-2024,0.1569,0.2931,0.3292,0.1338
08-21-2024,0.1719,0.2975,0.3354,0.1364
08-22-2024,0.1616,0.2873,0.3142,0.1349
08-23-2024,0.1987,0.3010,0.3285,0.1410
08-26-2024,0.1991,0.2979,0.3156,0.1387
08-27-2024,0.1898,0.2997,0.3195,0.1394
08-28-2024,0.1817,0.2922,0.3045,0.1388
08-29-2024,0.1902,0.2923,0.3026,0.1400
08-30-2024,0.1971,0.3046,0.3182,0.1401
09-03-2024,0.1605,0.2778,0.2781,0.1361
09-04-2024,0.1585,0.2752,0.2748,0.1403
09-05-2024,0.1527,0.2721,0.2760,0.1442
09-06-2024,0.1308,0.2506,0.2418,0.1427
09-09-2024,0.1340,0.2646,0.2578,0.1455
09-10-2024,0.1330,0.2702,0.2694,0.1433
09-11-2024,0.1364,0.2832,0.2970,0.1450
09-12-2024,0.1510,0.2940,0.3097,0.1466
09-13-2024,0.1794,0.3007,0.3156,0.1498
09-16-2024,0.1836,0.3027,0.3098,0.1527
09-17-2024,0.1934,0.3032,0.3105,0.1530
09-18-2024,0.1936,0.2993,0.3048,0.1540
09-19-2024,0.2182,0.3215,0.3378,0.1574
09-20-2024,0.2052,0.3192,0.3352,0.1589
09-23-2024,0.2008,0.3225,0.3388,0.1567
09-24-2024,0.2028,0.3263,0.3452,0.1569
09-25-2024,0.1881,0.3234,0.3465,0.1556
09-26-2024,0.1944,0.3286,0.3566,0.1574
09-27-2024,0.2025,0.3267,0.3490,0.1603
09-30-2024,0.2056,0.3320,0.3527,0.1595
10-01-2024,0.1892,0.3201,0.3339,0.1589
10-02-2024,0.1876,0.3206,0.3357,0.1590
10-03-2024,0.1796,0.3182,0.3347,0.1563
10-04-2024,0.1961,0.3302,0.3506,0.1550
10-07-2024,0.1867,0.3182,0.3362,0.1500
10-08-2024,0.1875,0.3306,0.3561,0.1528
10-09-2024,0.1901,0.3399,0.3668,0.1521
10-10-2024,0.1835,0.3375,0.3652,0.1515
10-11-2024,0.2076,0.3455,0.3674,0.1545
10-14-2024,0.2165,0.3565,0.3788,0.1551
10-15-2024,0.2175,0.3460,0.3604,0.1548
10-16-2024,0.2375,0.3518,0.3606,0.1568
10-17-2024,0.2341,0.3520,0.3615,0.1551
10-18-2024,0.2315,0.3572,0.3704,0.1579
10-21-2024,0.2122,0.3549,0.3731,0.1532
10-22-2024,0.2076,0.3542,0.3746,0.1516
10-23-2024,0.1966,0.3418,0.3535,0.1481
10-24-2024,0.1992,0.3447,0.3645,0.1515
10-25-2024,0.1947,0.3443,0.3728,0.1503
10-28-2024,0.2141,0.3484,0.3730,0.1532
10-29-2024,0.2102,0.3506,0.3862,0.1535
10-30-2024,0.2086,0.3465,0.3757,0.1515
10-31-2024,0.1885,0.3201,0.3410,0.1483
11-01-2024,0.1951,0.3257,0.3509,0.1484
11-04-2024,0.2012,0.3228,0.3470,0.1516
11-05-2024,0.2238,0.3388,0.3642,0.1548
11-06-2024,0.2947,0.3721,0.4012,0.1568
11-07-2024,0.2901,0.3827,0.4233,0.1618
11-08-2024,0.2996,0.3887,0.4250,0.1637
11-11-2024,0.3191,0.3901,0.4241,0.1624
11-12-2024,0.2960,0.3857,0.4216,0.1577
11-13-2024,0.2832,0.3864,0.4197,0.1580
11-14-2024,0.2659,0.3775,0.4099,0.1555
11-15-2024,0.2470,0.3599,0.3763,0.1554
11-18-2024,0.2494,0.3654,0.3858,0.1575
11-19-2024,0.2587,0.3704,0.3954,0.1593
11-20-2024,0.2604,0.3709,0.3946,0.1590
11-21-2024,0.2795,0.3782,0.3996,0.1594
11-22-2024,0.3032,0.3825,0.4018,0.1591
11-25-2024,0.3230,0.3872,0.4040,0.1635
11-26-2024,0.3132,0.3944,0.4116,0.1613
11-27-2024,0.3151,0.3902,0.4005,0.1648
11-29-2024,0.3201,0.3989,0.4128,0.1672
12-02-2024,0.3194,0.4014,0.4281,0.1667
12-03-2024,0.3100,0.4020,0.4325,0.1667
12-04-2024,0.3147,0.4107,0.4502,0.1695
12-05-2024,0.2994,0.4084,0.4462,0.1685
12-06-2024,0.3040,0.4111,0.4592,0.1704
12-09-2024,0.2975,0.4038,0.4478,0.1689
12-10-2024,0.2919,0.3994,0.4429,0.1695
12-11-2024,0.2977,0.4103,0.4687,0.1698
12-12-2024,0.2808,0.4030,0.4592,0.1666
12-13-2024,0.2720,0.4027,0.4704,0.1632
12-16-2024,0.2795,0.4087,0.4916,0.1654
12-17-2024,0.2649,0.4029,0.4850,0.1629
12-18-2024,0.2089,0.3611,0.4314,0.1510
12-19-2024,0.2035,0.3607,0.4250,0.1498
12-20-2024,0.2148,0.3770,0.4375,0.1570
12-23-2024,0.2120,0.3853,0.4515,0.1539
12-24-2024,0.2228,0.4006,0.4712,0.1576
12-26-2024,0.2354,0.4007,0.4702,0.1606
12-27-2024,0.2174,0.3860,0.4506,0.1566
12-30-2024,0.2080,0.3702,0.4313,0.1582
12-31-2024,0.2095,0.3652,0.4192,0.1581
01-02-2025,0.2105,0.3618,0.4164,0.1609
01-03-2025,0.2285,0.3789,0.4396,0.1626
01-06-2025,0.2290,0.3868,0.4561,0.1647
01-07-2025,0.2192,0.3711,0.4301,0.1609
01-08-2025,0.2136,0.3731,0.4304,0.1623
01-10-2025,0.1869,0.3522,0.4080,0.1563
01-13-2025,0.1892,0.3543,0.4034,0.1560
01-14-2025,0.2027,0.3561,0.4021,0.1575
01-15-2025,0.2264,0.3808,0.4344,0.1676
01-16-2025,0.2289,0.3781,0.4243,0.1690
01-17-2025,0.2342,0.3920,0.4484,0.1700
01-21-2025,0.2579,0.4047,0.4568,0.1731
01-22-2025,0.2497,0.4126,0.4755,0.1715
01-23-2025,0.2553,0.4203,0.4786,0.1729
01-24-2025,0.2518,0.4162,0.4703,0.1743
01-27-2025,0.2399,0.3962,0.4275,0.1751
01-28-2025,0.2412,0.4081,0.4485,0.1747
01-29-2025,0.2384,0.4018,0.4458,0.1740
01-30-2025,0.2510,0.4094,0.4520,0.1762
01-31-2025,0.2397,0.4019,0.4499,0.1738
02-03-2025,0.2252,0.3924,0.4383,0.1723
02-04-2025,0.2422,0.4018,0.4559,0.1760
02-05-2025,0.2557,0.4075,0.4625,0.1792
02-06-2025,0.2516,0.4123,0.4702,0.1774
02-07-2025,0.2371,0.3994,0.4516,0.1737
02-10-2025,0.2427,0.4089,0.4692,0.1760
02-11-2025,0.2355,0.4100,0.4657,0.1756
02-12-2025,0.2241,0.4054,0.4666,0.1731
02-13-2025,0.2379,0.4203,0.4877,0.1784
02-14-2025,0.2370,0.4202,0.4939,0.1797
02-18-2025,0.2437,0.4244,0.4973,0.1787
02-19-2025,0.2395,0.4277,0.4977,0.1796
02-20-2025,0.2276,0.4218,0.4914,0.1803
02-21-2025,0.1922,0.3975,0.4604,0.1781
02-24-2025,0.1836,0.3911,0.4432,0.1796
02-25-2025,0.1791,0.3842,0.4250,0.1826
02-26-2025,0.1806,0.3849,0.4284,0.1842
02-27-2025,0.1626,0.3628,0.3888,0.1820
02-28-2025,0.1750,0.3841,0.4107,0.1852
03-03-2025,0.1429,0.3598,0.3798,0.1828
03-04-2025,0.1299,0.3437,0.3757,0.1826
03-05-2025,0.1412,0.3582,0.3936,0.1832
03-06-2025,0.1237,0.3341,0.3552,0.1787
03-07-2025,0.1274,0.3415,0.3652,0.1807
03-10-2025,0.0990,0.3058,0.3123,0.1762
03-11-2025,0.0989,0.2949,0.3092,0.1721
03-12-2025,0.1008,0.3018,0.3239,0.1734
03-13-2025,0.0844,0.2845,0.3001,0.1669
03-14-2025,0.1106,0.3110,0.3315,0.1722
03-17-2025,0.1246,0.3211,0.3402,0.1750
03-18-2025,0.1149,0.3068,0.3173,0.1729
03-19-2025,0.1322,0.3211,0.3350,0.1807
03-20-2025,0.1250,0.3172,0.3304,0.1790
03-21-2025,0.1180,0.3177,0.3348,0.1773
03-24-2025,0.1459,0.3413,0.3641,0.1807
03-25-2025,0.1395,0.3445,0.3719,0.1801
03-26-2025,0.1279,0.3284,0.3466,0.1753
03-27-2025,0.1225,0.3249,0.3390,0.1731
03-28-2025,0.0997,0.2982,0.3037,0.1710
03-31-2025,0.0945,0.3069,0.3037,0.1724
04-01-2025,0.0946,0.3106,0.3142,0.1751
04-02-2025,0.1118,0.3189,0.3238,0.1775
04-03-2025,0.0405,0.2539,0.2529,0.1628
04-04-2025,-0.0059,0.1805,0.1751,0.1463
04-07-2025,-0.0149,0.1784,0.1779,0.1364
04-08-2025,-0.0409,0.1600,0.1567,0.1312
04-09-2025,0.0406,0.2818,0.2955,0.1615
04-10-2025,-0.0031,0.2256,0.2404,0.1425
04-11-2025,0.0114,0.2475,0.2633,0.1460
04-14-2025,0.0234,0.2596,0.2719,0.1516
04-15-2025,0.0246,0.2561,0.2733,0.1548
04-16-2025,0.0148,0.2281,0.2349,0.1546
04-17-2025,0.0231,0.2299,0.2347,0.1613
04-21-2025,0.0026,0.2006,0.2041,0.1545
04-22-2025,0.0285,0.2319,0.2357,0.1589
04-23-2025,0.0438,0.2509,0.2637,0.1648
04-24-2025,0.0647,0.2773,0.2993,0.1752
04-25-2025,0.0650,0.2865,0.3138,0.1763
04-28-2025,0.0695,0.2870,0.3134,0.1769
04-29-2025,0.0758,0.2951,0.3220,0.1800
04-30-2025,0.0691,0.2956,0.3219,0.1737
05-01-2025,0.0757,0.3048,0.3391,0.1753
05-02-2025,0.0999,0.3242,0.3590,0.1789
05-05-2025,0.0914,0.3166,0.3510,0.1784
05-06-2025,0.0795,0.3056,0.3384,0.1775
05-07-2025,0.0831,0.3111,0.3436,0.1786
05-08-2025,0.1037,0.3202,0.3575,0.1783
05-09-2025,0.1017,0.3185,0.3566,0.1790
05-12-2025,0.1404,0.3621,0.4119,0.1907
05-13-2025,0.1446,0.3711,0.4334,0.1928
05-14-2025,0.1344,0.3728,0.4420,0.1885
05-15-2025,0.1419,0.3795,0.4436,0.1907
05-16-2025,0.1513,0.3883,0.4499,0.1921
05-19-2025,0.1465,0.3898,0.4513,0.1915
05-20-2025,0.1471,0.3851,0.4464,0.1909
05-21-2025,0.1149,0.3618,0.4263,0.1829
05-22-2025,0.1148,0.3623,0.4290,0.1853
05-23-2025,0.1113,0.3530,0.4158,0.1850
05-27-2025,0.1395,0.3811,0.4491,0.1922
05-28-2025,0.1275,0.3732,0.4426,0.1915
05-29-2025,0.1308,0.3786,0.4455,0.1933
05-30-2025,0.1251,0.3770,0.4432,0.1943
06-02-2025,0.1286,0.3848,0.4546,0.1941
06-03-2025,0.1468,0.3927,0.4660,0.1964
06-04-2025,0.1436,0.3923,0.4701,0.1986
06-05-2025,0.1440,0.3856,0.4590,0.1961
06-06-2025,0.1625,0.3998,0.4733,0.1959
06-09-2025,0.1705,0.4011,0.4754,0.1965
06-10-2025,0.1769,0.4090,0.4852,0.1994
06-11-2025,0.1720,0.4050,0.4802,0.1991
06-12-2025,0.1674,0.4106,0.4837,0.2004
06-13-2025,0.1460,0.3948,0.4650,0.1968
06-16-2025,0.1595,0.4081,0.4854,0.1992
06-17-2025,0.1473,0.3961,0.4709,0.1979
06-18-2025,0.1534,0.3958,0.4707,0.1997
06-20-2025,0.1510,0.3926,0.4647,0.2034
06-23-2025,0.1650,0.4063,0.4797,0.2057
06-24-2025,0.1799,0.4219,0.5024,0.2090
06-25-2025,0.1661,0.4227,0.5062,0.2087
06-26-2025,0.1851,0.4338,0.5203,0.2122
06-27-2025,0.1854,0.4409,0.5255,0.2116
06-30-2025,0.1872,0.4478,0.5354,0.2163
07-01-2025,0.1994,0.4473,0.5224,0.2147
07-02-2025,0.2160,0.4539,0.5330,0.2170
07-03-2025,0.2273,0.4653,0.5481,0.2178
07-07-2025,0.2088,0.4544,0.5364,0.2137
07-08-2025,0.2172,0.4536,0.5373,0.2120
07-09-2025,0.2304,0.4623,0.5482,0.2153
07-10-2025,0.2367,0.4665,0.5460,0.2141
07-11-2025,0.2197,0.4613,0.5425,0.2126
07-14-2025,0.2279,0.4641,0.5481,0.2135
07-15-2025,0.2038,0.4578,0.5495,0.2099
07-16-2025,0.2159,0.4627,0.5511,0.2131
07-17-2025,0.2319,0.4717,0.5636,0.2143
07-18-2025,0.2231,0.4706,0.5621,0.2160
07-21-2025,0.2182,0.4734,0.5702,0.2176
07-22-2025,0.2283,0.4736,0.5621,0.2197
07-23-2025,0.2471,0.4861,0.5692,0.2203
07-24-2025,0.2298,0.4866,0.5726,0.2188
07-25-2025,0.2344,0.4929,0.5764,0.2196
07-28-2025,0.2330,0.4925,0.5813,0.2190
07-29-2025,0.2251,0.4886,0.5788,0.2197
07-30-2025,0.2189,0.4867,0.5810,0.2172
07-31-2025,0.2070,0.4811,0.5726,0.2179
08-01-2025,0.1824,0.4569,0.5416,0.2180
08-04-2025,0.2088,0.4790,0.5700,0.2221
08-05-2025,0.2150,0.4715,0.5594,0.2215
08-06-2025,0.2134,0.4828,0.5790,0.2227
08-07-2025,0.2094,0.4815,0.5843,0.2215
08-08-2025,0.2121,0.4931,0.5991,0.2216
08-11-2025,0.2118,0.4901,0.5944,0.2216
08-12-2025,0.2478,0.5060,0.6144,0.2244
08-13-2025,0.2720,0.5112,0.6152,0.2276
08-14-2025,0.2556,0.5113,0.6140,0.2244
08-15-2025,0.2495,0.5078,0.6069,0.2253
08-18-2025,0.2541,0.5074,0.6063,0.2244
08-19-2025,0.2445,0.4993,0.5845,0.2241
08-20-2025,0.2401,0.4953,0.5751,0.2236
08-21-2025,0.2432,0.4893,0.5678,0.2213
08-22-2025,0.2919,0.5121,0.5919,0.2312
08-25-2025,0.2783,0.5055,0.5874,0.2288
08-26-2025,0.2889,0.5118,0.5937,0.2315
08-27-2025,0.2980,0.5152,0.5962,0.2331
08-28-2025,0.2995,0.5206,0.6062,0.2337
08-29-2025,0.2938,0.5115,0.5876,0.2314
09-02-2025,0.2868,0.5003,0.5743,0.2301
09-03-2025,0.2855,0.5085,0.5867,0.2334
09-04-2025,0.3016,0.5211,0.6010,0.2368
09-05-2025,0.3081,0.5167,0.6033,0.2374
09-08-2025,0.3107,0.5204,0.6112,0.2374
09-09-2025,0.3030,0.5239,0.6157,0.2360
09-10-2025,0.3007,0.5283,0.6162,0.2370
09-11-2025,0.3247,0.5410,0.6257,0.2400
09-12-2025,0.3112,0.5405,0.6328,0.2388
09-15-2025,0.3168,0.5487,0.6468,0.2423
09-16-2025,0.3146,0.5466,0.6454,0.2414
09-17-2025,0.3180,0.5446,0.6421,0.2402
09-18-2025,0.3508,0.5519,0.6569,0.2429
09-19-2025,0.3405,0.5595,0.6682,0.2434
09-22-2025,0.3483,0.5669,0.6780,0.2443
09-23-2025,0.3453,0.5584,0.6669,0.2434
09-24-2025,0.3329,0.5534,0.6610,0.2417
09-25-2025,0.3202,0.5463,0.6539,0.2382
09-26-2025,0.3315,0.5551,0.6607,0.2406
09-29-2025,0.3330,0.5595,0.6684,0.2428
09-30-2025,0.3349,0.5654,0.6729,0.2423
10-01-2025,0.3378,0.5707,0.6810,0.2446
10-02-2025,0.3463,0.5725,0.6879,0.2442
10-03-2025,0.3562,0.5725,0.6808,0.2428
10-06-2025,0.3617,0.5781,0.6934,0.2431
10-07-2025,0.3470,0.5723,0.6845,0.2417
10-08-2025,0.3612,0.5817,0.7038,0.2399
10-09-2025,0.3524,0.5771,0.7017,0.2363
10-10-2025,0.3119,0.5345,0.6426,0.2291
10-13-2025,0.3484,0.5580,0.6775,0.2368
10-14-2025,0.3677,0.5561,0.6663,0.2382
10-15-2025,0.3811,0.5630,0.6781,0.2422
10-16-2025,0.3520,0.5524,0.6719,0.2377
10-17-2025,0.3429,0.5612,0.6828,0.2409
10-20-2025,0.3691,0.5774,0.7041,0.2434
10-21-2025,0.3626,0.5774,0.7036,0.2416
10-22-2025,0.3425,0.5692,0.6872,0.2403
10-23-2025,0.3595,0.5785,0.7014,0.2431
10-24-2025,0.3761,0.5914,0.7195,0.2465
10-27-2025,0.3809,0.6102,0.7502,0.2496
10-28-2025,0.3735,0.6144,0.7636,0.2483
10-29-2025,0.3618,0.6152,0.7716,0.2445
10-30-2025,0.3508,0.5974,0.7445,0.2422
10-31-2025,0.3585,0.6027,0.7529,0.2422
11-03-2025,0.3541,0.6057,0.7613,0.2383
11-04-2025,0.3307,0.5867,0.7255,0.2385
11-05-2025,0.3499,0.5922,0.7368,0.2397
11-06-2025,0.3260,0.5751,0.7044,0.2402
11-07-2025,0.3330,0.5766,0.6990,0.2412
11-10-2025,0.3463,0.6012,0.7366,0.2454
11-11-2025,0.3475,0.6049,0.7320,0.2468
11-12-2025,0.3442,0.6058,0.7306,0.2443
11-13-2025,0.3064,0.5791,0.6953,0.2392
11-14-2025,0.3102,0.5789,0.6966,0.2395
11-17-2025,0.2841,0.5642,0.6821,0.2375
11-18-2025,0.2881,0.5510,0.6616,0.2378
11-19-2025,0.2878,0.5570,0.6715,0.2385
11-20-2025,0.2640,0.5333,0.6320,0.2377
11-21-2025,0.2998,0.5486,0.6442,0.2419
11-24-2025,0.3235,0.5714,0.6863,0.2453
11-25-2025,0.3524,0.5861,0.6967,0.2496
11-26-2025,0.3644,0.5971,0.7117,0.2508
11-28-2025,0.3724,0.6058,0.7255,0.2514
12-01-2025,0.3551,0.5985,0.7197,0.2492
12-02-2025,0.3526,0.6014,0.7332,0.2515
12-03-2025,0.3772,0.6070,0.7374,0.2526
12-04-2025,0.3893,0.6082,0.7358,0.2535
12-05-2025,0.3835,0.6112,0.7429,0.2535
12-08-2025,0.3841,0.6064,0.7396,0.2504
12-09-2025,0.3869,0.6050,0.7417,0.2490
12-10-2025,0.4058,0.6156,0.7488,0.2532
12-11-2025,0.4223,0.6194,0.7432,0.2531
12-12-2025,0.4005,0.6020,0.7099,0.2507
12-15-2025,0.3899,0.5996,0.7013,0.2514
12-16-2025,0.3833,0.5952,0.7046,0.2521
12-17-2025,0.3686,0.5776,0.6730,0.2506
12-18-2025,0.3767,0.5896,0.6973,0.2540
12-19-2025,0.3883,0.6040,0.7194,0.2534
12-22-2025,0.4037,0.6140,0.7276,0.2545
12-23-2025,0.3954,0.6213,0.7357,0.2554
12-24-2025,0.3989,0.6270,0.7408,0.2578
12-26-2025,0.3917,0.6269,0.7407,0.2571
12-29-2025,0.3832,0.6211,0.7323,0.2576
12-30-2025,0.3730,0.6191,0.7283,0.2588
12-31-2025,0.3626,0.6071,0.7140,0.2576
01-02-2026,0.3771,0.6100,0.7107,0.2582
01-05-2026,0.3990,0.6208,0.7242,0.2615
01-06-2026,0.4175,0.6304,0.7394,0.2618
01-07-2026,0.4142,0.6251,0.7411,0.2615
01-08-2026,0.4297,0.6250,0.7312,0.2624
01-09-2026,0.4405,0.6357,0.7484,0.2634
01-12-2026,0.4475,0.6383,0.7499,0.2640
01-13-2026,0.4467,0.6350,0.7473,0.2640
01-14-2026,0.4569,0.6270,0.7286,0.2640
01-15-2026,0.4697,0.6314,0.7348,0.2640
01-16-2026,0.4711,0.6301,0.7334,0.2648
01-20-2026,0.4535,0.5969,0.6965,0.2615
01-21-2026,0.4824,0.6153,0.7195,0.2652
01-22-2026,0.4934,0.6237,0.7320,0.2662
01-23-2026,0.4659,0.6243,0.7374,0.2656
01-26-2026,0.4613,0.6326,0.7451,0.2662
01-27-2026,0.4654,0.6391,0.7609,0.2660
01-28-2026,0.4575,0.6389,0.7667,0.2640
01-29-2026,0.4579,0.6357,0.7562,0.2638
01-30-2026,0.4373,0.6308,0.7351,0.2652
02-02-2026,0.4513,0.6389,0.7470,0.2660
02-03-2026,0.4546,0.6250,0.7201,0.2652
02-04-2026,0.4421,0.6172,0.6901,0.2637
02-05-2026,0.4162,0.5970,0.6658,0.2622
02-06-2026,0.4670,0.6276,0.7010,0.2666
02-09-2026,0.4773,0.6354,0.7140,0.2684
02-10-2026,0.4733,0.6311,0.7061,0.2671
02-11-2026,0.4666,0.6308,0.7106,0.2669
02-12-2026,0.4367,0.6056,0.6758,0.2663
02-13-2026,0.4556,0.6067,0.6794,0.2673
02-17-2026,0.4561,0.6093,0.6777,0.2666
02-18-2026,0.4613,0.6174,0.6902,0.2682
02-19-2026,0.4647,0.6131,0.6837,0.2687
02-20-2026,0.4648,0.6248,0.6986,0.2696
02-23-2026,0.4420,0.6082,0.6780,0.2676
02-24-2026,0.4577,0.6199,0.6960,0.2666
02-25-2026,0.4646,0.6336,0.7206,0.2684
02-26-2026,0.4724,0.6245,0.6998,0.2673
02-27-2026,0.4470,0.6167,0.6944,0.2652
03-02-2026,0.4603,0.6176,0.6966,0.2645
03-03-2026,0.4350,0.6033,0.6785,0.2620
03-04-2026,0.4490,0.6147,0.7040,0.2664
03-05-2026,0.4213,0.6057,0.6989,0.2613
03-06-2026,0.3888,0.5846,0.6734,0.2552
03-09-2026,0.4039,0.5985,0.6957,0.2628
03-10-2026,0.4025,0.5959,0.6957,0.2607
03-11-2026,0.3997,0.5939,0.6955,0.2579
03-12-2026,0.3695,0.5697,0.6664,0.2498
03-13-2026,0.3650,0.5608,0.6565,0.2475
03-16-2026,0.3779,0.5767,0.6751,0.2514
03-17-2026,0.3866,0.5809,0.6833,0.2571
03-18-2026,0.3643,0.5588,0.6598,0.2506
03-19-2026,0.3732,0.5550,0.6546,0.2547
03-20-2026,0.3432,0.5327,0.6240,0.2431
03-23-2026,0.3722,0.5488,0.6426,0.2513
03-24-2026,0.3796,0.5436,0.6314,0.2470
03-25-2026,0.3964,0.5522,0.6421,0.2509
03-26-2026,0.3721,0.5245,0.6029,0.2431
03-27-2026,0.3481,0.4985,0.5716,0.2399
03-30-2026,0.3287,0.4934,0.5596,0.2413
03-31-2026,0.3753,0.5369,0.6124,0.2531
04-01-2026,0.3839,0.5484,0.6323,0.2562
04-02-2026,0.3935,0.5498,0.6342,0.2592
04-06-2026,0.3994,0.5572,0.6440,0.2614
04-07-2026,0.4025,0.5578,0.6443,0.2618
04-08-2026,0.4444,0.5975,0.6932,0.2692
04-09-2026,0.4527,0.6067,0.7046,0.2706
04-10-2026,0.4490,0.6057,0.7071,0.2656
04-13-2026,0.4699,0.6214,0.7247,0.2703
04-14-2026,0.4902,0.6411,0.7561,0.2741
04-15-2026,0.4939,0.6541,0.7806,0.2735
04-16-2026,0.4970,0.6581,0.7892,0.2717
04-17-2026,0.5293,0.6782,0.8126,0.2765
04-20-2026,0.5380,0.6748,0.8069,0.2754
04-21-2026,0.5223,0.6639,0.8000,0.2720
04-22-2026,0.5332,0.6807,0.8301,0.2741
04-23-2026,0.5279,0.6742,0.8198,0.2720
04-24-2026,0.5341,0.6872,0.8546,0.2738
04-27-2026,0.5368,0.6901,0.8556,0.2743
04-28-2026,0.5189,0.6818,0.8369,0.2725
04-29-2026,0.5088,0.6816,0.8482,0.2682
04-30-2026,0.5414,0.6983,0.8654,0.2722
05-01-2026,0.5487,0.7030,0.8833,0.2738
05-04-2026,0.5409,0.6968,0.8798,0.2696
05-05-2026,0.5669,0.7104,0.9041,0.2715
05-06-2026,0.5904,0.7342,0.9437,0.2754
05-07-2026,0.5652,0.7288,0.9414,0.2706
05-08-2026,0.5758,0.7431,0.9869,0.2750
05-11-2026,0.5823,0.7471,0.9927,0.2725
05-12-2026,0.5670,0.7444,0.9757,0.2707
05-13-2026,0.5675,0.7542,0.9966,0.2714
05-14-2026,0.5774,0.7680,1.0108,0.2704
05-15-2026,0.5394,0.7468,0.9805,0.2642
05-18-2026,0.5304,0.7455,0.9719,0.2655
05-19-2026,0.5139,0.7339,0.9598,0.2625
05-20-2026,0.5520,0.7517,0.9923,0.2706
05-21-2026,0.5665,0.7552,0.9961,0.2712
05-22-2026,0.5811,0.7621,1.0045,0.2714
05-26-2026,0.6110,0.7738,1.0401,0.2757
05-27-2026,0.6102,0.7735,1.0378,0.2749
05-28-2026,0.6194,0.7832,1.0550,0.2765
05-29-2026,0.6105,0.7877,1.0625,0.2777
06-01-2026,0.6025,0.7926,1.0749,0.2703
06-02-2026,0.6174,0.7950,1.0845,0.2712
06-03-2026,0.5952,0.7824,1.0790,0.2677
06-04-2026,0.6193,0.7891,1.0690,0.2701
06-05-2026,0.5619,0.7429,0.9697,0.2637
06-08-2026,0.5755,0.7469,1.0004,0.2655
06-09-2026,0.5805,0.7418,0.9774,0.2668
06-10-2026,0.5641,0.7143,0.9379,0.2644
06-11-2026,0.6104,0.7434,1.0033,0.2719
06-12-2026,0.6245,0.7529,1.0151,0.2719
06-15-2026,0.6378,0.7838,1.0784,0.2735
06-16-2026,0.6235,0.7731,1.0389,0.2733
06-17-2026,0.6113,0.7510,1.0184,0.2685
06-18-2026,0.6431,0.7692,1.0690,0.2730
06-22-2026,0.6575,0.7636,1.0638,0.2719
06-23-2026,0.6416,0.7380,0.9958,0.2707
06-24-2026,0.6492,0.7372,0.9874,0.2704
06-25-2026,0.6615,0.7397,1.0035,0.2709
06-26-2026,0.6666,0.7272,0.9759,0.2701
06-29-2026,0.6503,0.7420,0.9860,0.2711