"Date","BTCUSD Return","BTCUSD Open","BTCUSD Low","BTCUSD High","BTCUSD Close","ETHUSD Return","ETHUSD Open","ETHUSD Low","ETHUSD High","ETHUSD Close","SOLUSD Return","SOLUSD Open","SOLUSD Low","SOLUSD High","SOLUSD Close","XRPUSD Return","XRPUSD Open","XRPUSD Low","XRPUSD High","XRPUSD Close","GC1 Return","GC1 Open","GC1 Low","GC1 High","GC1 Close"
06-29-2025,0.0000,107206.30,107206.20,108590.00,107400.38,0.0000,2430.63,2425.60,2464.99,2433.10,0.0000,150.1400,149.4100,152.6200,150.8400,0.0000,2.1810,2.1764,2.1988,2.1824,,,,,
06-30-2025,0.0019,107449.00,106724.76,108800.00,107605.18,0.0290,2433.10,2413.10,2526.27,2503.72,0.0385,150.8500,149.4800,163.9000,156.6500,0.0520,2.1826,2.1646,2.3300,2.2958,0.0107,3223.15,3223.15,3309.59,3303.27
07-01-2025,-0.0136,107604.50,105262.00,107710.00,105938.82,-0.0073,2502.77,2391.71,2505.90,2415.30,-0.0290,156.6500,144.7400,156.9900,146.4700,-0.0049,2.2958,2.1480,2.2990,2.1718,0.0214,3303.72,3302.49,3358.16,3338.29
07-02-2025,0.0168,105955.90,105116.40,109900.00,109199.72,0.0649,2415.58,2372.62,2611.50,2590.92,0.0137,146.6200,145.8600,154.2000,152.9100,0.0329,2.1717,2.1574,2.2930,2.2543,0.0273,3339.20,3327.66,3360.18,3357.59
07-03-2025,0.0241,109199.73,108574.31,110700.00,109988.77,0.0685,2591.18,2557.21,2639.50,2599.84,0.0133,152.9300,149.9500,156.5200,152.8500,0.0435,2.2540,2.2250,2.3152,2.2774,0.0177,3355.97,3311.74,3365.77,3326.27
07-04-2025,0.0030,109939.50,107268.84,110140.00,107718.32,0.0239,2599.96,2475.00,2606.80,2491.18,-0.0262,152.8500,145.2500,153.9800,146.8900,0.0174,2.2775,2.1972,2.2818,2.2204,0.0204,3325.39,3323.65,3345.16,3335.07
07-05-2025,0.0068,107774.00,107715.11,108540.00,108135.04,0.0305,2490.96,2487.63,2532.80,2507.25,-0.0237,146.8900,145.9500,148.8400,147.2600,0.0132,2.2202,2.2025,2.2361,2.2111,,,,,
07-06-2025,0.0121,108132.80,107825.20,109310.00,108695.55,0.0468,2507.00,2504.27,2572.60,2546.99,0.0042,147.2400,146.8200,153.2800,151.4800,0.0401,2.2109,2.2082,2.2914,2.2700,,,,,
07-07-2025,0.0046,108691.70,107507.00,109860.00,107890.46,0.0416,2545.88,2512.76,2608.80,2534.41,-0.0163,151.4900,147.8000,154.0000,148.3800,0.0388,2.2702,2.2555,2.3561,2.2670,0.0210,3338.82,3296.46,3346.26,3337.06
07-08-2025,0.0117,107908.10,107438.33,109340.00,108660.64,0.0684,2537.00,2523.58,2630.00,2599.47,-0.0053,148.3700,147.7000,153.0000,150.0400,0.0525,2.2653,2.2487,2.3250,2.2970,0.0101,3333.57,3287.22,3345.89,3301.48
07-09-2025,0.0313,108705.10,108329.87,112152.91,110758.65,0.1262,2599.33,2590.47,2798.00,2740.14,0.0346,150.0400,150.0100,157.8800,156.0600,0.0970,2.2968,2.2967,2.4296,2.3942,0.0139,3301.53,3282.69,3316.89,3313.66
07-10-2025,0.0575,110758.64,110541.87,113923.99,113575.56,0.1593,2738.36,2736.00,2842.50,2820.66,0.0641,156.2200,155.7100,161.3000,160.5100,0.1469,2.3943,2.3919,2.5173,2.5030,0.0171,3307.50,3307.50,3330.37,3324.23
07-11-2025,0.0963,113575.58,113390.00,118909.74,117740.03,0.2234,2820.57,2815.50,3040.80,2976.77,0.0791,160.5000,160.3500,168.2300,162.7700,0.2637,2.5028,2.4970,2.9770,2.7580,0.0271,3324.18,3320.43,3368.81,3356.81
07-12-2025,0.0890,117724.10,116720.00,118244.51,116960.00,0.1980,2976.52,2900.30,3000.05,2914.80,0.0544,162.7800,157.5600,163.9800,159.0500,0.2303,2.7585,2.6606,2.8488,2.6851,,,,,
07-13-2025,0.1092,117122.10,116930.00,119500.00,119123.61,0.2302,2918.21,2912.70,3022.00,2993.23,0.0780,159.0400,158.9100,164.2300,162.6000,0.3061,2.6851,2.6809,2.8960,2.8505,,,,,
07-14-2025,0.1191,119181.40,118100.00,123231.07,120186.93,0.2350,2993.19,2937.30,3083.52,3004.96,0.0807,162.6000,159.5100,168.6900,163.0100,0.3401,2.8504,2.7601,3.0354,2.9247,0.0228,3368.49,3341.30,3374.98,3342.80
07-15-2025,0.0839,120212.60,115697.37,120331.36,116412.37,0.2500,3004.95,2933.00,3098.80,3041.39,0.0655,163.0000,157.1300,163.7600,160.7200,0.3129,2.9241,2.8032,2.9649,2.8652,0.0174,3343.42,3320.22,3366.48,3325.07
07-16-2025,0.1171,116479.10,116323.84,120000.00,119978.98,0.3900,3041.38,3040.01,3425.89,3381.94,0.1584,160.7200,160.5500,175.1000,174.7300,0.4042,2.8651,2.8585,3.1023,3.0645,0.0241,3325.55,3319.74,3377.64,3347.11
07-17-2025,0.1127,119888.80,117469.00,120134.80,119504.65,0.4060,3381.95,3311.80,3480.50,3420.90,0.1505,174.7300,168.7900,178.2300,173.5400,0.5396,3.0642,2.9900,3.4000,3.3600,0.0215,3349.99,3310.01,3352.32,3338.74
07-18-2025,0.0942,119511.68,116889.40,121050.00,117520.00,0.4465,3419.80,3419.80,3677.40,3519.54,0.1630,173.6100,173.3000,184.7900,175.4200,0.5642,3.3600,3.3443,3.6662,3.4138,0.0253,3335.23,3331.88,3361.28,3351.10
07-19-2025,0.0968,117490.00,117443.80,118564.59,117801.00,0.4655,3520.90,3508.66,3610.85,3565.76,0.1767,175.4200,174.0900,178.7400,177.4900,0.5671,3.4145,3.3540,3.4876,3.4200,,,,,
07-20-2025,0.0999,117801.00,117300.00,118921.76,118130.98,0.5380,3565.75,3540.24,3825.36,3742.17,0.2019,177.4900,175.1200,183.7200,181.2900,0.6086,3.4200,3.3806,3.5593,3.5106,,,,,
07-21-2025,0.0892,118164.10,116410.00,119745.93,116985.37,0.5443,3742.19,3612.01,3860.80,3757.42,0.2861,181.3000,177.8500,199.4800,194.0000,0.6148,3.5104,3.4023,3.6531,3.5242,0.0399,3349.47,3345.13,3401.59,3398.86
07-22-2025,0.1152,117028.10,116150.00,120288.00,119768.22,0.5230,3757.46,3617.47,3801.63,3705.68,0.3309,194.0000,193.6700,205.1300,200.7500,0.6231,3.5240,3.4231,3.5807,3.5423,0.0499,3395.47,3383.27,3433.57,3431.32
07-23-2025,0.0983,119786.10,117342.21,120300.00,117952.91,0.4667,3709.16,3543.65,3766.79,3568.63,0.2387,200.7500,184.4600,206.4200,186.8500,0.4424,3.5426,3.0715,3.5600,3.1479,0.0366,3431.99,3381.59,3438.96,3387.82
07-24-2025,0.1058,117987.40,117190.00,119590.00,118768.61,0.5361,3569.17,3507.78,3775.00,3737.46,0.2524,186.8500,179.2900,192.1000,188.9100,0.4802,3.1477,2.9593,3.2700,3.2304,0.0306,3397.57,3351.47,3406.14,3368.40
07-25-2025,0.0903,118787.20,114733.10,118870.00,117095.99,0.5152,3737.35,3574.39,3748.00,3686.63,0.2188,188.9400,175.7300,189.0400,183.8500,0.4306,3.2307,3.0000,3.2326,3.1222,0.0212,3369.11,3325.07,3373.56,3337.60
07-26-2025,0.0987,117101.10,116964.18,118430.00,117995.86,0.5398,3686.01,3686.01,3784.90,3746.45,0.2326,183.8600,183.8600,189.8300,185.9200,0.4589,3.1222,3.1076,3.2214,3.1840,,,,,
07-27-2025,0.1061,117993.80,117849.99,119800.00,118794.62,0.5717,3746.18,3731.71,3872.70,3824.04,0.2409,185.9100,184.3700,189.9000,187.1800,0.4678,3.1838,3.1570,3.2405,3.2033,,,,,
07-28-2025,0.0990,118818.10,117380.60,119900.00,118033.90,0.5570,3824.05,3753.15,3942.50,3788.34,0.2212,187.1800,182.6400,195.3900,184.2100,0.4394,3.2034,3.1113,3.3319,3.1414,0.0142,3352.57,3301.89,3352.57,3314.70
07-29-2025,0.0940,118037.50,116900.00,119410.00,117491.20,0.5471,3787.93,3715.14,3889.80,3764.22,0.1937,184.2000,178.1900,186.7500,180.0600,0.4282,3.1414,3.0522,3.1874,3.1170,0.0178,3330.47,3308.17,3334.24,3326.39
07-30-2025,0.0908,117491.20,115728.49,118930.00,117151.21,0.5493,3762.23,3663.75,3837.90,3769.58,0.1675,180.0400,170.2600,182.6900,176.1100,0.4167,3.1148,3.0000,3.1678,3.0918,0.0019,3325.45,3268.18,3334.18,3274.66
07-31-2025,0.0846,117152.08,116421.00,119100.00,116482.72,0.5345,3769.23,3716.74,3883.20,3733.54,0.1630,176.1100,174.0500,182.8400,175.4300,0.3984,3.0912,3.0434,3.1812,3.0518,0.0068,3279.20,3273.96,3314.89,3290.64
08-01-2025,0.0605,116486.96,113080.63,117080.00,113898.61,0.4550,3733.64,3490.29,3761.90,3540.25,0.0853,175.4000,161.6800,175.8300,163.7100,0.3773,3.0516,2.8919,3.0703,3.0059,0.0289,3290.00,3281.64,3363.54,3362.93
08-02-2025,0.0500,113930.20,112000.00,114260.00,112769.24,0.4070,3540.40,3370.67,3554.40,3423.30,0.0537,163.7300,155.7500,165.5000,158.9400,0.2817,3.0061,2.7365,3.0292,2.7972,,,,,
08-03-2025,0.0654,112737.10,111897.10,114980.00,114419.75,0.4352,3423.20,3350.00,3521.20,3492.02,0.0705,158.9400,156.2700,162.9100,161.4700,0.3370,2.7974,2.7273,2.9337,2.9178,,,,,
08-04-2025,0.0688,114432.20,114059.51,115810.00,114793.54,0.5211,3492.61,3483.47,3721.10,3700.89,0.1090,161.4700,160.9900,169.9100,167.2800,0.3970,2.9176,2.9111,3.0921,3.0489,0.0324,3353.39,3345.14,3385.49,3374.26
08-05-2025,0.0586,114860.10,112622.14,115460.00,113689.75,0.4698,3700.33,3544.32,3738.90,3576.18,0.0780,167.2800,162.2500,171.7100,162.6000,0.3460,3.0488,2.9000,3.1072,2.9376,0.0345,3374.02,3349.82,3390.49,3381.13
08-06-2025,0.0714,113582.00,113280.78,115870.00,115072.82,0.5105,3576.15,3546.05,3702.50,3675.23,0.1138,162.5800,161.1500,170.0900,168.0100,0.3721,2.9375,2.9018,3.0213,2.9945,0.0308,3381.32,3358.26,3385.40,3369.03
08-07-2025,0.0916,115100.00,114268.60,117770.00,117241.81,0.5914,3675.22,3647.87,3882.90,3872.00,0.1473,168.0000,166.5900,173.5900,173.0600,0.4257,2.9942,2.9645,3.1236,3.1114,0.0388,3370.58,3365.46,3401.85,3395.24
08-08-2025,0.0887,117204.00,115800.00,117900.00,116923.59,0.6681,3875.98,3860.15,4073.50,4058.57,0.1818,172.9900,172.5800,179.7500,178.2600,0.5177,3.1110,3.1033,3.3839,3.3122,0.0400,3400.89,3377.87,3408.84,3398.93
08-09-2025,0.0875,116859.20,116343.34,117950.00,116793.13,0.7635,4058.32,4004.00,4293.67,4290.80,0.2137,178.2500,176.6200,183.4600,183.0700,0.4934,3.3116,3.2455,3.3486,3.2593,,,,,
08-10-2025,0.1018,116800.10,116282.10,119190.00,118331.38,0.7333,4290.90,4161.16,4333.13,4217.31,0.2117,183.0900,177.0000,186.1900,182.7800,0.4599,3.2592,3.1517,3.2796,3.1861,,,,,
08-11-2025,0.1065,118414.30,118041.70,122370.00,118833.55,0.7441,4217.31,4154.90,4368.30,4243.67,0.1678,182.7800,175.5500,186.7800,176.1500,0.4509,3.1864,3.1340,3.3356,3.1664,0.0228,3391.22,3341.25,3405.17,3342.97
08-12-2025,0.1190,118879.20,118050.00,120327.00,120182.60,0.8994,4246.13,4190.00,4638.00,4621.52,0.2700,176.1800,173.3400,191.7000,191.5600,0.5078,3.1628,3.1033,3.3069,3.2906,0.0244,3346.83,3331.13,3359.31,3348.01
08-13-2025,0.1435,120182.60,118890.00,122870.00,122810.00,0.9374,4621.52,4558.00,4743.40,4714.00,0.3269,191.5500,190.5200,204.4400,200.1500,0.4945,3.2893,3.2015,3.3283,3.2616,0.0270,3350.55,3342.77,3370.86,3356.47
08-14-2025,0.0982,122830.00,117190.00,124400.00,117950.00,0.8657,4714.10,4452.80,4786.20,4539.40,0.2757,200.1600,187.0000,209.4900,192.4200,0.4112,3.2643,2.9781,3.3527,3.0798,0.0206,3355.85,3330.00,3374.82,3335.68
08-15-2025,0.0926,117960.00,116560.90,119360.00,117348.01,0.8203,4538.60,4368.45,4672.90,4428.93,0.2258,192.4200,182.6300,198.2300,184.9000,0.4102,3.0797,3.0038,3.1467,3.0776,0.0208,3339.24,3332.33,3348.81,3336.32
08-16-2025,0.0963,117348.01,117070.01,118070.00,117739.02,0.8226,4428.74,4374.88,4496.90,4434.51,0.2543,184.8900,184.0600,189.8800,189.2000,0.4234,3.0771,3.0720,3.1590,3.1065,,,,,
08-17-2025,0.0956,117720.00,117249.49,118680.00,117672.55,0.8373,4434.53,4397.65,4581.39,4470.36,0.2682,189.1900,187.4700,195.9500,191.3000,0.4182,3.1061,3.0788,3.1500,3.0950,,,,,
08-18-2025,0.0838,117736.10,114715.90,118100.00,116400.00,0.7809,4470.44,4227.01,4537.40,4333.21,0.2155,191.3000,180.0500,193.5700,183.3500,0.4116,3.0950,2.9411,3.1156,3.0806,0.0196,3340.35,3323.61,3358.45,3332.40
08-19-2025,0.0574,116400.00,112720.00,117190.00,113560.28,0.7117,4333.49,4123.80,4394.50,4164.80,0.1860,183.0800,176.1500,186.0800,178.9000,0.3301,3.0806,2.8709,3.0999,2.9028,0.0150,3332.76,3315.05,3345.44,3317.20
08-20-2025,0.0650,113560.28,112344.11,114700.00,114382.50,0.7903,4164.70,4062.24,4379.80,4356.00,0.2413,178.9000,176.0300,188.2200,187.2400,0.3614,2.9030,2.8100,2.9935,2.9711,0.0235,3317.81,3311.54,3350.37,3345.11
08-21-2025,0.0467,114376.10,111964.00,115020.00,112412.16,0.7430,4355.67,4203.81,4384.60,4240.90,0.1985,187.5700,179.3500,190.3500,180.7800,0.3193,2.9709,2.8504,2.9813,2.8793,0.0218,3346.58,3325.34,3352.13,3339.46
08-22-2025,0.0898,112406.00,111649.75,117570.00,117044.19,0.9945,4241.35,4208.85,4869.10,4852.80,0.3245,180.7800,177.6700,199.9500,199.7900,0.4160,2.8794,2.7810,3.1032,3.0903,0.0321,3341.14,3321.55,3378.81,3373.12
08-23-2025,0.0735,117042.21,114505.00,117380.00,115288.99,0.9524,4852.90,4659.21,4889.80,4750.27,0.3502,199.9000,195.2100,208.5300,203.6700,0.3889,3.0902,2.9670,3.1094,3.0312,,,,,
08-24-2025,0.0499,115254.00,110635.00,115810.00,112764.29,0.9717,4750.13,4718.30,4958.70,4797.30,0.3500,203.6600,201.0200,212.2100,203.6300,0.3878,3.0311,2.9876,3.1303,3.0287,,,,,
08-25-2025,0.0230,112772.22,109690.00,113890.00,109870.00,0.7886,4797.20,4335.66,4830.60,4351.84,0.2397,203.6400,187.0000,213.7000,187.0000,0.2952,3.0287,2.8262,3.0570,2.8267,0.0302,3375.94,3360.00,3376.37,3366.96
08-26-2025,0.0367,109850.00,108670.00,111630.00,111345.68,0.8849,4351.93,4311.68,4620.00,4586.18,0.3019,187.0000,185.6100,198.0900,196.3800,0.3948,2.8267,2.8230,3.0875,3.0441,0.0384,3366.78,3351.52,3394.19,3393.76
08-27-2025,0.0483,111345.68,110500.00,112850.00,112590.00,0.8882,4586.29,4511.11,4670.00,4594.30,0.3827,196.3700,193.7700,212.3400,208.5600,0.3804,3.0445,2.9723,3.0496,3.0125,0.0396,3391.76,3373.82,3398.91,3397.86
08-28-2025,0.0420,112590.00,111110.80,113630.00,111906.28,0.8328,4594.79,4428.00,4638.90,4459.44,0.4161,208.5700,202.1900,217.0500,213.6100,0.3544,3.0122,2.9480,3.0300,2.9558,0.0456,3396.80,3384.67,3423.33,3417.30
08-29-2025,0.0036,112120.00,107502.47,112790.00,107791.60,0.7764,4458.90,4268.00,4523.20,4322.13,0.3327,213.6100,200.7600,218.2000,201.0200,0.2775,2.9543,2.7881,2.9840,2.7881,0.0554,3416.99,3404.34,3453.96,3449.25
08-30-2025,0.0116,107793.67,107352.60,109120.00,108651.17,0.7854,4322.29,4257.17,4420.80,4344.17,0.3304,201.0300,197.4500,207.2700,200.6700,0.2856,2.7886,2.7600,2.8389,2.8058,,,,,
08-31-2025,0.0161,108657.00,108181.54,109680.00,109125.86,0.8310,4344.16,4339.59,4504.50,4455.07,0.3579,200.6600,200.0500,206.9300,204.8200,0.2869,2.8058,2.7945,2.8710,2.8086,,,,,
09-01-2025,0.0137,109106.20,107250.00,110010.00,108873.40,0.7627,4454.64,4261.98,4494.30,4288.79,0.3106,204.8100,196.1100,205.9700,197.6900,0.2653,2.8084,2.7014,2.8404,2.7614,0.0638,3455.08,3437.13,3489.92,3476.70
09-02-2025,0.0389,108873.38,107448.28,111930.00,111580.00,0.7728,4288.76,4209.01,4421.80,4313.34,0.3707,197.6700,194.2000,208.5900,206.7500,0.3028,2.7614,2.6993,2.8591,2.8433,0.0815,3474.74,3470.21,3540.13,3534.78
09-03-2025,0.0453,111387.50,110533.77,112720.00,112260.77,0.8356,4313.33,4283.09,4495.60,4466.29,0.3890,206.7400,206.6300,213.5500,209.5200,0.3093,2.8433,2.8112,2.8918,2.8574,0.0890,3535.13,3526.46,3578.59,3559.30
09-04-2025,0.0280,112220.60,109321.00,112410.00,110411.38,0.7696,4466.24,4265.30,4488.20,4305.61,0.3433,209.5000,201.8100,212.1900,202.6200,0.2834,2.8574,2.7845,2.8657,2.8010,0.0853,3560.61,3511.38,3571.43,3547.03
09-05-2025,0.0395,110375.00,110202.36,113520.00,111646.68,0.7832,4305.84,4253.00,4498.80,4338.82,0.3628,202.6300,201.0000,210.2400,205.5700,0.3058,2.8013,2.7777,2.8885,2.8497,0.0992,3545.53,3540.14,3600.24,3592.50
09-06-2025,0.0258,111611.00,109993.00,111830.00,110171.90,0.7591,4338.81,4233.14,4344.60,4280.09,0.3321,205.5900,199.3400,205.9500,200.9400,0.2843,2.8498,2.7927,2.8558,2.8028,,,,,
09-07-2025,0.0366,110171.90,110090.00,111440.00,111335.10,0.7672,4280.09,4268.65,4317.80,4299.81,0.3584,200.8400,199.9800,205.5000,204.9000,0.3196,2.8027,2.8002,2.9272,2.8799,,,,,
09-08-2025,0.0428,111327.76,110600.00,112940.84,112001.45,0.7661,4300.18,4278.78,4384.24,4297.10,0.4220,204.8900,204.3300,217.1700,214.4900,0.3568,2.8789,2.8557,2.9950,2.9610,0.1124,3585.50,3579.06,3646.47,3635.70
09-09-2025,0.0384,111980.71,110740.00,113292.96,111529.19,0.7689,4298.30,4276.50,4378.40,4303.80,0.4342,214.5100,210.8100,219.7700,216.3300,0.3538,2.9617,2.9341,3.0367,2.9545,0.1098,3637.06,3626.69,3675.22,3627.24
09-10-2025,0.0580,111529.20,110940.00,114308.46,113630.00,0.7799,4304.80,4283.77,4454.50,4330.76,0.4756,216.2600,215.0200,225.9600,222.5800,0.3630,2.9545,2.9133,3.1700,2.9747,0.1139,3629.04,3620.51,3657.63,3640.49
09-11-2025,0.0655,113610.00,113420.00,114754.95,114431.08,0.8157,4330.77,4329.27,4478.00,4417.76,0.4962,222.6000,221.7200,228.8100,225.6800,0.3803,2.9744,2.9508,3.0331,3.0123,0.1112,3644.84,3612.95,3648.90,3631.93
09-12-2025,0.0825,114433.05,114330.00,116825.32,116256.00,0.9193,4418.16,4414.20,4684.00,4669.80,0.5872,225.6100,225.4500,241.7100,239.4100,0.4322,3.0106,3.0098,3.1394,3.1257,0.1147,3634.07,3630.54,3656.70,3643.10
09-13-2025,0.0797,116120.00,115060.00,116385.90,115962.03,0.9153,4669.30,4606.00,4768.60,4660.11,0.5928,239.4100,235.4500,244.2600,240.2600,0.4290,3.1256,3.0858,3.1879,3.1186,,,,,
09-14-2025,0.0787,115962.02,115219.14,116226.61,115853.81,0.8986,4660.10,4579.44,4694.53,4619.43,0.6082,240.3100,239.9300,249.5800,242.5800,0.3927,3.1185,3.0113,3.1304,3.0394,,,,,
09-15-2025,0.0746,115850.10,114395.84,116970.00,115411.99,0.8543,4619.01,4464.68,4679.70,4511.73,0.5556,242.5900,230.6400,244.7300,234.6400,0.3738,3.0397,2.9528,3.0729,2.9982,0.1258,3650.00,3627.01,3685.70,3679.38
09-16-2025,0.0883,115411.99,114750.00,117010.00,116878.82,0.8493,4511.74,4416.70,4545.90,4499.65,0.5804,234.6900,230.7900,241.6100,238.3800,0.3968,2.9982,2.9651,3.0604,3.0483,0.1296,3679.04,3674.79,3703.22,3691.79
09-17-2025,0.0769,116899.90,114724.57,117360.00,115656.37,0.8515,4499.52,4417.80,4560.00,4505.00,0.5796,238.3800,232.4500,241.3800,238.2700,0.3828,3.0481,2.9847,3.0704,3.0178,0.1198,3693.48,3646.21,3707.58,3660.00
09-18-2025,0.0947,115648.63,115359.16,118000.00,117568.09,0.8924,4505.40,4491.59,4647.30,4604.30,0.6468,238.2600,236.1900,253.4500,248.4000,0.4211,3.0179,3.0066,3.1386,3.1013,0.1149,3657.83,3628.14,3673.01,3644.01
09-19-2025,0.0744,117530.00,115132.71,117537.30,115393.55,0.8369,4605.99,4437.45,4622.25,4469.40,0.5731,248.3900,235.6200,248.5900,237.2900,0.3712,3.1011,2.9881,3.1011,2.9926,0.1274,3650.47,3632.54,3686.72,3684.75
09-20-2025,0.0781,115393.54,115355.10,116300.00,115784.55,0.8441,4461.81,4448.79,4514.70,4486.76,0.5902,237.1200,236.5400,241.5800,239.8600,0.3623,2.9913,2.9677,3.0129,2.9730,,,,,
09-21-2025,0.0742,115827.70,115250.00,116100.00,115369.70,0.8417,4486.76,4444.59,4507.00,4481.01,0.5758,239.8600,236.0000,242.1000,237.6900,0.3641,2.9730,2.9535,3.0179,2.9771,,,,,
09-22-2025,0.0523,115436.60,111760.00,115690.00,113020.00,0.7216,4481.00,4056.00,4484.10,4188.80,0.4557,238.0800,214.3000,238.3900,219.5750,0.3023,2.9771,2.6900,2.9966,2.8422,0.1465,3656.31,3656.30,3748.95,3747.24
09-23-2025,0.0428,112960.00,111502.08,113490.00,111999.90,0.7168,4188.90,4117.78,4234.65,4177.17,0.4267,219.4900,212.5400,222.1600,215.2000,0.3085,2.8418,2.8014,2.9004,2.8556,0.1517,3747.47,3737.02,3791.09,3764.18
09-24-2025,0.0573,112018.11,111066.07,114210.00,113551.00,0.7127,4176.72,4075.00,4268.08,4167.28,0.4071,215.2000,205.0200,216.9500,212.2500,0.3605,2.8559,2.7900,3.0000,2.9691,0.1432,3770.04,3717.57,3779.41,3736.21
09-25-2025,0.0168,113600.10,108623.70,113840.00,109204.00,0.6015,4167.03,3832.00,4178.90,3896.50,0.3041,212.2500,193.6400,212.8800,196.7100,0.2595,2.9693,2.7245,2.9796,2.7487,0.1473,3736.06,3722.27,3761.64,3749.78
09-26-2025,0.0184,109204.00,108645.02,110520.00,109375.00,0.6489,3895.60,3857.40,4078.00,4011.90,0.3266,196.2700,190.8200,203.0000,200.1100,0.2736,2.7489,2.7001,2.8146,2.7796,0.1531,3748.67,3734.57,3783.83,3768.66
09-27-2025,0.0190,109349.98,109116.00,110010.00,109441.02,0.6467,4011.83,3974.04,4050.00,4006.70,0.3439,200.1000,199.8800,205.9400,202.7100,0.2825,2.7817,2.7626,2.8083,2.7988,,,,,
09-28-2025,0.0320,109437.70,109225.40,111150.00,110840.80,0.6658,4008.41,3965.78,4074.20,4052.94,0.3715,202.6300,198.0400,208.3100,206.8700,0.3031,2.7991,2.7671,2.8519,2.8439,,,,,
09-29-2025,0.0644,110846.00,110662.29,114640.00,114312.50,0.7380,4052.89,4042.27,4250.00,4228.69,0.4236,206.8800,204.7300,214.8400,214.7400,0.3319,2.8443,2.8338,2.9320,2.9068,0.1729,3759.63,3756.99,3834.21,3833.27
09-30-2025,0.0673,114312.60,112764.30,114990.00,114625.90,0.7246,4228.55,4093.00,4256.50,4196.18,0.3917,214.4900,204.2500,215.0400,209.9200,0.3161,2.9070,2.8137,2.9121,2.8722,0.1808,3833.09,3793.27,3871.76,3859.14
10-01-2025,0.0950,114626.00,113770.00,118280.00,117605.16,0.7822,4192.74,4116.67,4347.25,4336.19,0.4557,209.9600,206.3200,221.1300,219.5800,0.3511,2.8722,2.8138,2.9632,2.9487,0.1826,3864.51,3853.44,3895.36,3865.08
10-02-2025,0.1241,117605.15,117389.51,121111.00,120733.21,0.8473,4337.43,4291.27,4530.85,4494.66,0.5432,219.5800,218.5500,233.9900,232.7700,0.4013,2.9487,2.9271,3.1034,3.0581,0.1798,3870.39,3819.57,3897.31,3856.12
10-03-2025,0.1410,120674.50,119327.83,123996.81,122546.20,0.8656,4494.61,4430.08,4596.19,4539.19,0.5457,232.7700,227.2600,237.1500,233.1500,0.3930,3.0600,3.0056,3.0970,3.0400,0.1892,3863.00,3838.07,3891.74,3886.55
10-04-2025,0.1354,122550.10,121560.00,122896.00,121944.08,0.8403,4539.18,4441.80,4541.56,4477.59,0.5076,233.1600,224.2900,234.2100,227.4100,0.3507,3.0399,2.9397,3.0574,2.9477,,,,,
10-05-2025,0.1428,121943.96,121890.00,125750.00,122739.14,0.8490,4477.60,4469.10,4619.31,4498.83,0.5124,227.4300,226.5900,237.3800,228.1300,0.3609,2.9476,2.9469,3.0720,2.9701,,,,,
10-06-2025,0.1663,122796.20,122516.14,126296.00,125266.33,0.9280,4498.82,4489.11,4759.01,4690.99,0.5491,228.0700,227.1100,237.9600,233.6700,0.3789,2.9715,2.9563,3.0522,3.0094,0.2124,3881.32,3881.32,3969.99,3962.55
10-07-2025,0.1361,125266.32,120636.00,125351.83,122017.02,0.8543,4690.98,4448.20,4759.16,4511.73,0.4823,233.6800,220.7400,235.2800,223.5900,0.3166,3.0099,2.8414,3.0199,2.8734,0.2195,3966.88,3941.07,3991.00,3985.79
10-08-2025,0.1442,122056.00,121090.06,124254.31,122892.30,0.8515,4512.35,4411.13,4559.89,4504.80,0.5097,223.5900,217.4400,229.7700,227.7300,0.3257,2.8738,2.8311,2.9263,2.8933,0.2369,3985.73,3983.21,4059.38,4042.59
10-09-2025,0.1282,122920.90,119600.00,123822.08,121172.06,0.7835,4504.76,4266.83,4543.69,4339.34,0.4521,227.7300,216.6500,229.7700,219.0300,0.2813,2.8932,2.7700,2.9045,2.7963,0.2162,4044.75,3944.52,4057.97,3975.05
10-10-2025,0.0663,121188.50,113100.00,122670.00,114520.00,0.5915,4339.24,3857.10,4396.50,3872.20,0.3064,219.0200,193.1400,224.6100,197.0600,0.1418,2.7964,2.4000,2.8400,2.4919,0.2279,3975.59,3946.84,4023.04,4013.25
10-11-2025,0.0276,114480.00,103310.00,115240.00,110367.76,0.5205,3876.40,3500.00,4020.00,3699.58,0.1652,197.4700,164.0000,198.9500,175.7600,0.0797,2.5004,1.0000,2.5522,2.3564,,,,,
10-12-2025,0.0710,110379.90,109683.96,115720.00,115024.00,0.7017,3699.50,3648.28,4204.00,4140.41,0.3062,175.7500,172.7800,199.2000,197.0200,0.1735,2.3570,2.3141,2.5868,2.5610,,,,,
10-13-2025,0.0784,115028.90,113700.27,116130.00,115816.00,0.7633,4140.48,4042.17,4295.70,4290.27,0.3841,196.9400,190.0900,209.0000,208.7800,0.2124,2.5607,2.5105,2.6489,2.6459,0.2578,4017.05,3996.27,4117.01,4110.96
10-14-2025,0.0526,115765.00,109945.86,116060.00,113048.24,0.6931,4290.27,3890.50,4295.57,4119.60,0.3305,208.7600,191.2300,211.5300,200.7000,0.1416,2.6460,2.3898,2.6487,2.4914,0.2677,4109.34,4090.77,4179.91,4143.25
10-15-2025,0.0350,113048.24,110185.87,113830.00,111162.87,0.6289,4119.59,3930.94,4223.30,3963.23,0.2882,200.7100,192.2700,209.0800,194.3100,0.0991,2.4914,2.3806,2.5518,2.3986,0.2877,4140.49,4140.49,4218.08,4208.73
10-16-2025,0.0045,111200.10,107464.53,112150.00,107878.75,0.5832,3962.83,3826.72,4094.30,3852.13,0.2122,194.3000,182.0000,198.6500,182.8500,0.0513,2.3982,2.2593,2.4701,2.2944,0.3243,4212.30,4200.08,4330.77,4328.41
10-17-2025,-0.0033,107843.20,103516.75,109480.00,107046.00,0.5866,3852.53,3673.64,3957.20,3860.35,0.2182,182.8500,174.1000,187.8800,183.7500,0.0592,2.2947,2.1895,2.4000,2.3116,0.3004,4334.66,4186.51,4379.60,4250.15
10-18-2025,-0.0033,107046.10,106357.69,107720.00,107045.47,0.5976,3860.48,3820.14,3933.80,3887.08,0.2375,183.7300,181.8100,188.8900,186.6600,0.0813,2.3114,2.2898,2.3957,2.3599,,,,,
10-19-2025,0.0143,107083.20,106091.25,109680.00,108939.00,0.6451,3895.00,3826.40,4031.30,4002.70,0.2579,186.6600,183.2200,192.4900,189.7400,0.1029,2.3597,2.3180,2.4217,2.4070,,,,,
10-20-2025,0.0340,108939.00,107449.91,111870.00,111050.10,0.6439,4002.89,3908.36,4090.00,3999.68,0.2633,189.7500,183.8900,194.7300,190.5500,0.1606,2.4078,2.3552,2.5560,2.5330,0.3333,4250.87,4219.23,4381.58,4357.79
10-21-2025,0.0322,111050.10,107444.60,114150.00,110859.99,0.6263,3999.00,3838.88,4114.90,3956.85,0.2696,190.5600,182.6600,197.9300,191.5000,0.1360,2.5326,2.4019,2.5348,2.4793,0.2619,4362.39,4081.47,4375.53,4124.35
10-22-2025,0.0028,110866.30,106800.00,111310.00,107700.99,0.5542,3956.85,3767.37,3972.50,3781.63,0.1946,191.4800,177.1000,192.0600,180.2000,0.0833,2.4759,2.3545,2.4954,2.3641,0.2546,4123.42,4005.10,4161.37,4100.44
10-23-2025,0.0201,107662.00,106639.00,111342.60,109562.48,0.5744,3781.06,3708.51,3936.10,3830.59,0.2521,180.1700,177.2400,193.5500,188.8600,0.0932,2.3637,2.3248,2.4273,2.3857,0.2625,4093.93,4066.14,4154.73,4126.11
10-24-2025,0.0328,109560.10,109394.61,112400.00,110920.22,0.6192,3829.85,3822.00,4024.31,3939.58,0.2837,188.8600,188.5700,196.7900,193.6400,0.1521,2.3857,2.3811,2.5157,2.5144,0.2581,4126.43,4044.07,4144.38,4111.89
10-25-2025,0.0380,110900.00,110654.01,111968.52,111482.00,0.6218,3939.58,3911.88,3968.91,3946.00,0.2871,193.6400,191.2600,195.2900,194.1500,0.1918,2.5144,2.4957,2.6529,2.6009,,,,,
10-26-2025,0.0552,111482.10,111260.00,114054.85,113332.00,0.6696,3946.01,3916.74,4099.68,4062.20,0.3092,194.2100,191.9600,199.8900,197.4800,0.1961,2.6012,2.5882,2.6649,2.6103,,,,,
10-27-2025,0.0657,113332.00,112860.00,116500.00,114453.61,0.6968,4062.45,4055.45,4254.23,4128.50,0.3176,197.5000,196.8500,205.4000,198.7500,0.2034,2.6103,2.6011,2.6979,2.6264,0.2182,4103.10,3971.52,4109.42,3981.53
10-28-2025,0.0504,114489.10,112321.92,116114.13,112817.87,0.6357,4128.50,3960.01,4177.54,3979.88,0.2763,198.7400,192.0100,203.9500,192.5100,0.1877,2.6264,2.5850,2.6891,2.5920,0.2092,3979.66,3886.69,4019.76,3952.11
10-29-2025,0.0377,112846.70,109000.00,113770.00,111450.00,0.6242,3979.95,3838.00,4041.60,3951.76,0.2969,192.5200,189.2100,201.9600,195.6200,0.1868,2.5919,2.5461,2.6682,2.5901,0.2028,3940.89,3919.36,4030.46,3931.20
10-30-2025,0.0009,111477.60,106279.33,111990.00,107491.98,0.5438,3952.08,3676.04,3969.00,3756.31,0.2082,195.6100,178.5800,198.4700,182.2400,0.1117,2.5898,2.3760,2.6209,2.4262,0.2314,3957.25,3915.45,4027.21,4024.61
10-31-2025,0.0188,107537.50,107351.01,111270.00,109423.43,0.5858,3756.31,3747.05,3909.70,3858.33,0.2387,182.2400,181.1800,190.4100,186.8500,0.1504,2.4263,2.4080,2.5700,2.5106,0.2252,4022.46,3972.43,4045.94,4004.43
11-01-2025,0.0276,109423.43,109262.16,110750.00,110364.99,0.5947,3858.48,3829.20,3911.90,3879.99,0.2359,186.8200,183.7000,188.1300,186.4200,0.1490,2.5101,2.4750,2.5269,2.5075,,,,,
11-02-2025,0.0240,110365.00,108800.00,111420.00,109978.95,0.5867,3879.87,3837.92,3922.10,3860.69,0.2295,186.4000,182.0400,188.5100,185.4600,0.1506,2.5075,2.4779,2.5572,2.5110,,,,,
11-03-2025,-0.0052,109978.95,105200.20,110850.00,106840.20,0.4801,3861.26,3557.78,3919.90,3601.34,0.0999,185.5100,163.1000,189.2300,165.9100,0.0589,2.5110,2.2600,2.5342,2.3109,0.2247,3971.00,3962.37,4030.80,4002.64
11-04-2025,-0.0652,106840.20,99045.00,107460.00,100400.00,0.3208,3601.33,3061.10,3659.00,3213.60,0.0022,165.8600,146.1000,168.4900,151.1700,-0.0126,2.3107,2.0660,2.3682,2.1549,0.2031,4005.22,3928.86,4006.61,3932.15
11-05-2025,-0.0349,100350.00,98943.90,104580.00,103656.20,0.4149,3216.60,3168.13,3481.00,3442.49,0.0738,151.2400,147.3400,164.0400,161.9700,0.0722,2.1548,2.1012,2.3792,2.3400,0.2178,3934.40,3929.69,3990.62,3980.20
11-06-2025,-0.0589,103656.20,100266.00,104300.00,101079.60,0.3664,3442.14,3243.60,3459.30,3324.55,0.0369,161.9100,147.6800,163.0700,156.4000,0.0146,2.3400,2.1788,2.4173,2.2142,0.2169,3982.21,3964.61,4019.66,3977.13
11-07-2025,-0.0331,101180.00,99170.00,103930.00,103848.00,0.4251,3325.74,3178.39,3488.32,3467.46,0.0836,156.4000,149.6200,164.5200,163.4500,0.0733,2.2144,2.1457,2.3724,2.3424,0.2242,3971.00,3971.00,4027.43,4000.98
11-08-2025,-0.0480,103848.01,101422.74,104100.00,102248.01,0.4024,3467.34,3354.41,3490.50,3412.10,0.0475,163.4500,155.7500,164.9700,158.0100,0.0473,2.3420,2.2405,2.3496,2.2856,,,,,
11-09-2025,-0.0269,102248.04,101372.58,105037.39,104510.00,0.4715,3406.80,3356.85,3599.04,3580.28,0.0953,157.9800,155.0800,166.3800,165.2100,0.0710,2.2856,2.2389,2.3613,2.3374,,,,,
11-10-2025,-0.0168,104514.63,104053.38,106653.00,105598.25,0.4579,3580.36,3508.00,3658.00,3547.20,0.0971,165.2100,163.3600,170.5100,165.4800,0.1532,2.3374,2.3235,2.5829,2.5168,0.2594,4002.49,3997.80,4116.59,4116.03
11-11-2025,-0.0448,105589.20,102422.43,107500.00,102591.82,0.4070,3540.23,3407.01,3647.90,3423.30,0.0344,165.4800,155.5300,172.0000,156.0300,0.0935,2.5170,2.3852,2.5709,2.3864,0.2627,4106.01,4097.13,4148.98,4126.80
11-12-2025,-0.0509,102596.50,100870.00,105370.00,101930.00,0.4068,3416.01,3374.30,3588.00,3423.00,0.0218,156.0300,151.2200,161.2000,154.1300,0.0962,2.3864,2.3179,2.4492,2.3924,0.2836,4108.36,4099.22,4211.71,4195.26
11-13-2025,-0.0803,101900.00,98000.00,104000.00,98780.10,0.3062,3422.90,3153.33,3565.00,3178.19,-0.0585,154.0900,140.9600,157.2000,142.0100,0.0523,2.3934,2.2754,2.5254,2.2966,0.2761,4196.84,4145.21,4245.27,4170.65
11-14-2025,-0.1155,98780.10,94165.00,100550.00,95000.00,0.3011,3178.19,3054.80,3272.70,3165.60,-0.0683,142.0200,135.6400,146.3300,140.5400,0.0426,2.2905,2.2229,2.3474,2.2753,0.2494,4170.22,4032.24,4211.41,4083.60
11-15-2025,-0.1138,95000.00,94000.00,96930.00,95180.10,0.2969,3165.61,3087.37,3234.60,3155.53,-0.0792,140.5400,137.1300,145.0300,138.8900,0.0198,2.2755,2.2100,2.3063,2.2256,,,,,
11-16-2025,-0.1262,95180.10,93333.00,96711.00,93843.00,0.2670,3155.69,3025.00,3250.70,3082.70,-0.0960,138.9100,134.4700,143.4000,136.3600,0.0060,2.2256,2.1543,2.2821,2.1955,,,,,
11-17-2025,-0.1407,93402.90,91762.00,96219.00,92292.00,0.2408,3071.15,2969.00,3226.70,3018.90,-0.1347,136.3600,129.2800,143.3800,130.5160,-0.0145,2.1955,2.1119,2.3100,2.1507,0.2381,4076.85,4006.97,4106.86,4046.57
11-18-2025,-0.1367,92305.00,89251.90,93989.00,92720.00,0.2729,3018.30,2941.02,3176.00,3097.06,-0.0742,131.0900,128.8700,142.3800,139.6500,0.0096,2.1508,2.1045,2.2440,2.2033,0.2444,4038.84,3998.03,4082.53,4067.22
11-19-2025,-0.1573,92440.00,88547.00,93602.00,90508.70,0.2307,3096.77,2870.83,3134.20,2994.50,-0.1030,139.6800,130.0000,143.0500,135.3100,-0.0424,2.2035,2.0250,2.2376,2.0898,0.2478,4053.40,4053.35,4132.84,4078.35
11-20-2025,-0.1854,90508.80,86000.00,93125.00,87486.00,0.1821,2989.00,2788.37,3063.00,2876.27,-0.1087,135.3000,131.0900,144.8600,134.4500,-0.0751,2.0898,1.9728,2.1483,2.0184,0.2474,4075.52,4039.20,4110.15,4076.84
11-21-2025,-0.2053,87469.00,80822.00,88399.00,85356.00,0.1394,2875.88,2630.10,2909.40,2772.20,-0.1449,133.9600,121.4500,137.0500,128.9800,-0.1051,2.0185,1.8178,2.0558,1.9531,0.2428,4076.60,4022.39,4101.23,4061.72
11-22-2025,-0.2145,85346.00,83432.80,85766.00,84358.15,0.1282,2771.70,2704.51,2788.20,2745.00,-0.1610,129.1200,125.0300,130.0900,126.5500,-0.1132,1.9531,1.8872,1.9661,1.9353,,,,,
11-23-2025,-0.1809,84363.20,84217.87,88187.00,87970.01,0.1675,2745.00,2741.11,2861.50,2840.70,-0.1176,126.5700,126.1200,133.7400,133.1000,-0.0479,1.9354,1.9283,2.0857,2.0778,,,,,
11-24-2025,-0.1733,87970.01,85250.00,89349.00,88783.30,0.2160,2841.85,2762.75,2989.20,2958.56,-0.0788,133.1000,128.3500,139.4500,138.9500,0.0269,2.0778,2.0229,2.2901,2.2411,0.2654,4059.78,4040.10,4139.93,4135.74
11-25-2025,-0.1899,88783.40,86100.00,89245.00,87000.00,0.2042,2958.49,2854.98,2983.40,2929.96,-0.0910,138.9500,133.0800,140.0200,137.1100,0.0015,2.2408,2.1456,2.2653,2.1856,0.2639,4130.20,4109.67,4159.54,4130.97
11-26-2025,-0.1603,87000.10,86299.50,90500.00,90182.10,0.2431,2930.77,2888.11,3046.60,3024.50,-0.0486,137.1200,135.4500,144.7400,143.5100,0.0193,2.1864,2.1436,2.2553,2.2246,0.2736,4130.56,4130.15,4173.59,4162.67
11-27-2025,-0.1488,90182.10,90067.81,91990.00,91420.43,0.2461,3021.30,2983.79,3073.10,3031.98,-0.0594,143.5000,140.6600,144.2900,141.8800,0.0140,2.2234,2.1716,2.2356,2.2129,0.2727,4160.59,4142.76,4168.83,4159.65
11-28-2025,-0.1536,91420.39,90220.50,93161.86,90903.27,0.2485,3031.99,2993.63,3101.40,3037.62,-0.0889,141.8800,136.0000,143.6600,137.4300,0.0006,2.2130,2.1560,2.2791,2.1837,0.2905,4158.13,4137.39,4227.11,4217.81
11-29-2025,-0.1527,90902.90,90200.00,91299.00,90997.50,0.2311,3037.51,2963.00,3054.50,2995.30,-0.0951,137.4100,134.8600,138.4400,136.4900,0.0112,2.1833,2.1663,2.2244,2.2068,,,,,
11-30-2025,-0.1510,90997.50,90480.01,92000.00,91180.00,0.2423,2995.46,2976.98,3053.90,3022.76,-0.0914,136.4700,135.2800,140.2500,137.0500,0.0021,2.2069,2.1789,2.2161,2.1869,,,,,
12-01-2025,-0.1951,91180.09,83870.80,91379.00,86447.00,0.1473,3021.00,2718.80,3038.40,2791.51,-0.1639,137.0600,123.1600,137.9400,126.1200,-0.0716,2.1869,1.9844,2.1976,2.0261,0.2947,4211.56,4195.13,4264.63,4231.55
12-02-2025,-0.1467,86447.00,86203.80,92340.00,91647.60,0.2327,2791.78,2784.31,3034.80,2999.40,-0.0775,126.1200,125.9000,142.5600,139.1500,-0.0067,2.0264,1.9950,2.1839,2.1677,0.2869,4238.96,4163.76,4238.96,4206.14
12-03-2025,-0.1274,91633.00,91033.40,93976.60,93712.80,0.3011,2997.94,2986.81,3169.00,3165.70,-0.0352,139.1500,137.7800,146.1000,145.5300,0.0126,2.1690,2.1413,2.2200,2.2098,0.2860,4204.00,4194.41,4241.76,4203.23
12-04-2025,-0.1418,93711.10,90904.73,94449.00,92176.35,0.2842,3167.00,3067.09,3241.57,3124.64,-0.0802,145.5300,137.8100,146.9200,138.7400,-0.0417,2.2098,2.0694,2.2145,2.0915,0.2876,4205.46,4174.93,4219.98,4208.16
12-05-2025,-0.1694,92182.72,88095.20,92744.00,89206.85,0.2412,3124.15,2985.00,3194.24,3019.95,-0.1220,138.7500,130.8100,140.7600,132.4400,-0.0707,2.0914,2.0131,2.1132,2.0281,0.2847,4206.99,4192.13,4259.29,4198.86
12-06-2025,-0.1672,89209.41,88914.80,90296.32,89444.00,0.2510,3019.81,3004.01,3069.61,3043.86,-0.1221,132.4200,131.8200,134.2000,132.4200,-0.0680,2.0282,2.0160,2.0511,2.0341,,,,,
12-07-2025,-0.1599,89438.81,87733.18,91783.00,90230.01,0.2682,3044.13,2910.08,3150.80,3085.62,-0.1177,132.4600,127.7300,136.3700,133.0900,-0.0611,2.0341,1.9881,2.1114,2.0490,,,,,
12-08-2025,-0.1495,90230.01,88964.34,92283.00,91339.90,0.2935,3086.37,3013.20,3180.20,3147.23,-0.1083,133.1100,129.6900,139.3600,134.5100,-0.0434,2.0497,2.0123,2.1257,2.0878,0.2820,4190.24,4176.09,4218.90,4190.16
12-09-2025,-0.1370,91333.70,89545.10,94665.00,92681.30,0.3576,3147.44,3091.74,3398.50,3303.28,-0.0867,134.5100,131.6000,144.9000,137.7600,-0.0379,2.0881,2.0415,2.1784,2.0998,0.2876,4191.72,4170.20,4221.46,4208.17
12-10-2025,-0.1399,92652.00,91599.00,94489.00,92379.70,0.3736,3302.16,3289.82,3448.32,3342.06,-0.0906,137.7500,135.7000,142.6300,137.1800,-0.0618,2.0997,2.0370,2.1194,2.0475,0.2929,4204.61,4182.11,4238.78,4225.64
12-11-2025,-0.1352,92431.00,89245.00,93561.80,92884.00,0.3359,3340.76,3145.53,3355.40,3250.47,-0.0915,137.2000,129.0400,137.8700,137.0400,-0.0642,2.0480,1.9781,2.0587,2.0422,0.3095,4231.50,4204.27,4286.04,4280.03
12-12-2025,-0.1602,92885.40,89500.00,93200.00,90194.00,0.2663,3250.28,3045.30,3266.99,3081.11,-0.1258,137.0500,130.3500,140.1600,131.8700,-0.0811,2.0422,1.9700,2.0493,2.0054,0.3150,4281.59,4257.43,4353.64,4298.00
12-13-2025,-0.1603,90189.98,89777.79,90671.00,90187.97,0.2790,3081.09,3078.83,3140.00,3112.00,-0.1202,131.8800,131.5900,134.4000,132.7100,-0.0731,2.0050,2.0041,2.0484,2.0228,,,,,
12-14-2025,-0.1764,90187.96,88354.60,90530.00,88460.00,0.2666,3112.38,2760.00,3130.35,3081.80,-0.1388,132.7200,129.4000,133.7200,129.9000,-0.0893,2.0227,1.9824,2.0309,1.9876,,,,,
12-15-2025,-0.1974,88460.02,85151.50,90038.80,86198.10,0.2106,3082.15,2893.38,3178.90,2945.62,-0.1658,129.9100,123.5800,135.4300,125.8300,-0.1335,1.9878,1.8689,2.0143,1.8911,0.3176,4299.13,4285.28,4350.43,4306.50
12-16-2025,-0.1816,86381.00,85263.60,88262.00,87893.00,0.2128,2945.87,2875.91,2983.70,2950.82,-0.1485,125.8400,124.8700,130.2200,128.4400,-0.1176,1.8912,1.8520,1.9507,1.9258,0.3168,4285.20,4271.45,4335.18,4303.59
12-17-2025,-0.1978,87746.20,85282.20,90427.00,86152.00,0.1610,2950.64,2790.66,3032.00,2824.80,-0.1887,128.4600,121.2600,134.2100,122.3800,-0.1449,1.9261,1.8468,1.9885,1.8662,0.3274,4297.06,4297.05,4349.22,4338.47
12-18-2025,-0.2031,85950.40,84421.40,89550.00,85590.80,0.1646,2824.80,2775.00,3002.70,2833.70,-0.2042,122.3800,116.8700,129.1500,120.0400,-0.1666,1.8666,1.8001,1.9360,1.8188,0.3251,4339.77,4308.59,4374.78,4330.98
12-19-2025,-0.1827,85590.80,85077.00,89500.00,87780.50,0.2234,2834.70,2806.90,3021.80,2976.69,-0.1598,120.0400,117.5500,128.0000,126.7300,-0.1287,1.8187,1.7705,1.9229,1.9015,0.3287,4333.79,4309.39,4356.66,4342.73
12-20-2025,-0.1789,87780.50,87780.00,88692.00,88182.82,0.2239,2975.00,2964.43,2998.00,2977.76,-0.1628,126.7400,125.2200,127.4800,126.2900,-0.1151,1.9015,1.8924,1.9611,1.9312,,,,,
12-21-2025,-0.1794,88163.80,87501.01,89172.00,88137.97,0.2220,2977.77,2943.00,3017.20,2973.21,-0.1724,126.2800,123.3300,126.8800,124.8400,-0.1262,1.9311,1.8938,1.9531,1.9070,,,,,
12-22-2025,-0.1776,88137.96,87863.60,90606.00,88321.00,0.2291,2973.21,2963.26,3077.50,2990.50,-0.1697,124.8200,124.1300,128.8000,125.2400,-0.1304,1.9071,1.8902,1.9517,1.8978,0.3600,4340.40,4338.03,4449.19,4444.91
12-23-2025,-0.1831,88310.00,86553.30,88989.00,87731.00,0.2218,2986.77,2900.00,3037.30,2972.74,-0.1765,125.0900,122.1100,126.9400,124.2200,-0.1384,1.8958,1.8629,1.9109,1.8803,0.3721,4440.67,4430.61,4499.95,4484.34
12-24-2025,-0.1833,87649.20,86271.40,87852.00,87718.00,0.2119,2972.00,2886.35,2981.60,2948.62,-0.1852,124.2200,120.4700,124.5100,122.9000,-0.1465,1.8808,1.8355,1.8843,1.8627,0.3710,4474.59,4448.35,4525.93,4480.84
12-25-2025,-0.1821,87634.70,87193.64,88615.00,87840.11,0.2103,2948.67,2909.97,2971.80,2944.85,-0.1836,122.9000,121.2100,124.3700,123.1400,-0.1457,1.8627,1.8523,1.8898,1.8644,,,,,
12-26-2025,-0.1863,87906.70,86569.53,89568.00,87393.27,0.2009,2945.04,2888.95,2996.40,2921.89,-0.1915,123.1400,119.1600,125.0400,121.9600,-0.1525,1.8644,1.8229,1.8831,1.8495,0.3865,4495.14,4492.47,4549.98,4531.51
12-27-2025,-0.1844,87471.10,86944.24,87792.00,87597.00,0.2054,2922.65,2915.39,2943.20,2932.96,-0.1752,121.9700,121.7050,124.5200,124.4100,-0.1473,1.8456,1.8397,1.8651,1.8609,,,,,
12-28-2025,-0.1853,87654.00,87349.52,88174.00,87500.10,0.2067,2932.97,2923.24,2963.40,2936.05,-0.1794,124.4590,122.9700,125.0000,123.7800,-0.1472,1.8610,1.8461,1.8810,1.8611,,,,,
12-29-2025,-0.1879,87526.40,86675.00,90401.00,87222.00,0.2056,2935.04,2907.07,3057.60,2933.34,-0.1824,123.7700,122.1900,130.0500,123.3230,-0.1515,1.8611,1.8422,1.9181,1.8518,0.3257,4523.96,4302.17,4549.13,4332.98
12-30-2025,-0.1775,87214.00,86704.98,89444.00,88335.00,0.2190,2933.32,2914.44,3009.00,2965.95,-0.1790,123.3000,122.4040,126.4600,123.8400,-0.1425,1.8517,1.8417,1.8870,1.8715,0.3274,4340.73,4322.54,4404.41,4338.49
12-31-2025,-0.1818,88197.87,87082.64,89243.00,87879.00,0.2238,2966.07,2955.79,3029.00,2977.70,-0.1764,123.8500,123.0700,127.3000,124.2300,-0.1575,1.8708,1.8091,1.8849,1.8387,0.3217,4341.43,4274.27,4343.82,4319.82
01-01-2026,-0.1780,87647.99,87268.00,88542.00,88278.00,0.2272,2977.69,2965.02,3006.50,2985.90,-0.1696,124.2400,123.9310,125.8800,125.2500,-0.1438,1.8388,1.8226,1.8773,1.8685,,,,,
01-02-2026,-0.1618,88278.00,88265.00,90949.00,90020.00,0.2861,2985.90,2920.00,3149.30,3129.29,-0.1259,125.2500,125.2000,133.0000,131.8500,-0.0764,1.8685,1.8653,2.0204,2.0157,0.3255,4348.40,4309.65,4402.47,4332.01
01-03-2026,-0.1573,90020.01,89284.13,90720.00,90503.70,0.2818,3129.05,3075.13,3145.80,3118.70,-0.1195,131.8700,129.5400,133.2300,132.8100,-0.0798,2.0157,1.9821,2.1385,2.0082,,,,,
01-04-2026,-0.1507,90575.00,90413.53,91768.30,91214.00,0.2923,3119.19,3111.90,3166.67,3144.21,-0.1124,132.8100,132.5170,135.4900,133.8900,-0.0396,2.0086,2.0028,2.1200,2.0960,,,,,
01-05-2026,-0.1239,91293.40,91060.00,94825.27,94098.83,0.3307,3144.12,3129.10,3264.66,3237.80,-0.0824,133.8500,133.0800,139.8500,138.4100,0.0702,2.0959,2.0777,2.3509,2.3356,0.3605,4340.69,4335.88,4455.87,4446.40
01-06-2026,-0.1320,94104.20,91164.00,94439.63,93218.66,0.3459,3238.04,3179.50,3308.21,3274.76,-0.0708,138.3800,136.0600,143.4400,140.1540,0.0457,2.3356,2.2022,2.4168,2.2822,0.3757,4451.38,4427.82,4497.20,4496.12
01-07-2026,-0.1527,93218.65,90526.00,93788.80,90995.84,0.2936,3274.65,3121.68,3300.99,3147.35,-0.0978,140.1400,134.2800,141.3200,136.0900,-0.0016,2.2800,2.1684,2.3200,2.1789,0.3635,4494.97,4423.47,4500.81,4456.45
01-08-2026,-0.1504,91093.40,89199.00,91677.00,91250.00,0.2805,3147.35,3050.20,3183.70,3115.55,-0.0754,136.0900,132.4970,139.7000,139.4700,-0.0206,2.1769,2.0632,2.1920,2.1374,0.3702,4456.91,4407.82,4479.65,4478.35
01-09-2026,-0.1582,91277.10,89583.58,92025.20,90410.01,0.2678,3115.63,3048.50,3147.20,3084.70,-0.0996,139.4700,134.7900,141.1100,135.8200,-0.0423,2.1376,2.0700,2.1611,2.0900,0.3801,4475.68,4452.91,4517.23,4510.61
01-10-2026,-0.1585,90540.10,90222.10,90833.00,90380.10,0.2667,3085.88,3070.59,3104.10,3081.90,-0.1012,135.8300,135.3800,136.9900,135.5700,-0.0431,2.0902,2.0772,2.1103,2.0884,,,,,
01-11-2026,-0.1563,90510.30,90251.43,91263.00,90618.00,0.2808,3086.01,3074.11,3148.80,3116.30,-0.0819,135.5800,135.1210,141.4900,138.4800,-0.0510,2.0886,2.0413,2.1101,2.0712,,,,,
01-12-2026,-0.1529,90757.60,89995.20,92515.40,90973.97,0.2697,3121.19,3061.56,3170.92,3089.27,-0.0807,138.7700,137.3000,144.7000,138.6700,-0.0619,2.0714,2.0323,2.1100,2.0474,0.4070,4488.76,4488.76,4630.26,4598.65
01-13-2026,-0.1239,90964.90,90925.17,94501.00,94090.01,0.3189,3092.37,3085.15,3243.88,3208.94,-0.0497,138.8200,137.6600,144.5000,143.3400,-0.0286,2.0474,2.0433,2.1493,2.1199,0.4033,4597.55,4569.21,4634.84,4586.43
01-14-2026,-0.0930,94090.00,93940.00,97963.62,97414.00,0.3864,3209.21,3205.40,3405.03,3373.29,-0.0259,143.3600,143.3200,148.9000,146.9300,-0.0159,2.1202,2.1100,2.1932,2.1477,0.4160,4589.89,4588.73,4643.07,4628.05
01-15-2026,-0.1107,97546.30,95054.00,97588.95,95514.00,0.3558,3373.29,3270.58,3384.32,3298.76,-0.0581,146.9200,140.8800,147.1620,142.0800,-0.0498,2.1477,2.0518,2.1478,2.0738,0.4122,4623.47,4581.19,4633.16,4615.67
01-16-2026,-0.1110,95555.46,94199.00,95850.20,95481.46,0.3532,3298.14,3250.70,3326.59,3292.48,-0.0388,142.0700,140.1500,145.5000,144.9810,-0.0502,2.0742,2.0248,2.0868,2.0729,0.4059,4610.17,4536.81,4621.24,4594.83
01-17-2026,-0.1129,95476.00,94952.00,95714.00,95271.69,0.3610,3292.57,3281.10,3329.85,3311.51,-0.0442,145.0000,143.2600,145.2700,144.1800,-0.0525,2.0727,2.0524,2.0829,2.0678,,,,,
01-18-2026,-0.1119,95305.80,94783.00,95517.70,95384.08,0.3730,3311.00,3293.92,3368.90,3340.60,-0.0547,144.1800,141.4060,144.2600,142.5900,-0.0577,2.0677,2.0439,2.0683,2.0564,,,,,
01-19-2026,-0.1347,95431.40,91866.00,95524.00,92936.40,0.3197,3340.05,3173.53,3355.70,3211.03,-0.1116,142.6800,129.7500,143.0400,134.0100,-0.0850,2.0566,1.8417,2.0642,1.9968,0.4313,4593.78,4584.64,4690.77,4677.81
01-20-2026,-0.1681,92945.40,89162.00,93037.20,89350.00,0.2286,3211.02,2975.39,3214.16,2989.22,-0.1596,134.0100,126.1560,134.6100,126.7670,-0.1354,1.9972,1.8816,1.9994,1.8868,0.4575,4667.64,4659.55,4766.40,4763.44
01-21-2026,-0.1603,89473.50,87156.00,91111.70,90181.00,0.2449,2990.18,2863.40,3069.00,3029.01,-0.1319,126.8200,124.0020,132.1400,130.9500,-0.0959,1.8871,1.8657,1.9864,1.9730,0.4780,4766.35,4756.18,4888.48,4830.48
01-22-2026,-0.1698,90260.10,88408.65,90399.00,89166.92,0.2093,3029.27,2901.76,3045.30,2942.45,-0.1504,130.9500,126.5090,131.7700,128.1600,-0.1188,1.9736,1.8993,1.9899,1.9232,0.5101,4832.69,4772.53,4942.57,4935.44
01-23-2026,-0.1691,89166.92,88440.65,91236.80,89234.22,0.2084,2942.64,2888.01,3020.44,2940.24,-0.1579,128.3300,125.1500,130.1200,127.0200,-0.1221,1.9236,1.8832,1.9652,1.9159,0.5261,4938.53,4900.09,4989.84,4987.66
01-24-2026,-0.1690,89234.22,89007.01,89966.00,89251.97,0.2141,2940.49,2939.31,2971.40,2953.92,-0.1582,127.1500,126.4600,128.0900,126.9700,-0.1227,1.9158,1.9067,1.9301,1.9147,,,,,
01-25-2026,-0.1948,89251.96,86100.00,89495.40,86480.30,0.1572,2953.92,2784.23,2964.55,2815.67,-0.2130,127.1700,117.0620,127.7200,118.7100,-0.1578,1.9148,1.8089,1.9228,1.8380,,,,,
01-26-2026,-0.1809,86480.30,86000.00,88902.00,87977.00,0.2024,2815.97,2783.26,2953.40,2925.60,-0.1754,118.8400,117.1800,125.5300,124.3800,-0.1288,1.8380,1.8164,1.9467,1.9014,0.5333,4966.70,4966.70,5111.21,5011.23
01-27-2026,-0.1717,88071.00,87180.01,89582.00,88958.00,0.2378,2928.93,2895.61,3032.00,3011.70,-0.1586,124.3900,122.9300,127.8000,126.9100,-0.1250,1.8976,1.8716,1.9301,1.9097,0.5853,5029.34,5012.50,5190.78,5181.13
01-28-2026,-0.1676,89087.70,88706.32,90600.00,89396.00,0.2400,3010.62,2979.21,3045.60,3017.16,-0.1693,126.9100,124.5900,128.2500,125.3100,-0.1237,1.9096,1.8916,1.9420,1.9124,0.6583,5177.61,5157.43,5427.50,5419.83
01-29-2026,-0.2144,89273.34,83216.21,89477.70,84375.03,0.1569,3021.20,2750.36,3027.17,2814.97,-0.2226,125.3200,115.1700,125.8500,117.2600,-0.1741,1.9119,1.7748,1.9192,1.8025,0.6451,5417.72,5095.73,5608.35,5376.74
01-30-2026,-0.2165,84378.87,81000.10,84759.00,84145.85,0.1100,2820.12,2631.54,2829.00,2700.68,-0.2232,117.2700,111.7900,119.1000,117.1800,-0.2090,1.8028,1.7087,1.8162,1.7264,0.4953,5390.90,4692.99,5458.62,4887.07
01-31-2026,-0.2718,84237.00,75555.00,84328.60,78204.41,-0.0067,2704.00,2230.00,2714.16,2416.78,-0.3146,117.1900,96.1250,118.8500,103.3800,-0.2582,1.7260,1.5004,1.7541,1.6189,,,,,
02-01-2026,-0.2882,78343.00,76276.58,79503.00,76446.00,-0.0595,2420.09,2277.00,2478.00,2288.40,-0.3321,103.3900,100.0400,106.6000,100.7500,-0.2719,1.6218,1.5672,1.6816,1.5889,,,,,
02-02-2026,-0.2694,76442.87,74502.21,79450.00,78467.33,-0.0381,2287.98,2155.75,2399.60,2340.37,-0.3056,100.7600,95.8100,106.0500,104.7500,-0.2568,1.5890,1.5290,1.6585,1.6219,0.4258,4830.80,4404.68,4884.88,4659.96
02-03-2026,-0.2911,78467.33,72859.00,79285.00,76137.27,-0.0624,2340.27,2107.48,2361.10,2281.16,-0.3366,104.8400,96.5100,105.2100,100.0600,-0.2667,1.6219,1.5247,1.6430,1.6003,0.5134,4648.44,4633.34,4993.77,4946.39
02-04-2026,-0.3238,76137.27,72000.00,77078.00,72625.36,-0.1267,2281.06,2072.57,2298.20,2124.84,-0.3959,100.0800,89.3410,100.2400,91.1200,-0.3060,1.6004,1.5018,1.6136,1.5145,0.5192,4951.65,4844.65,5091.81,4965.24
02-05-2026,-0.4128,72806.70,62181.65,73844.00,63067.00,-0.2411,2124.78,1821.04,2177.40,1846.50,-0.4773,91.1300,77.4120,93.3600,78.8500,-0.4685,1.5146,1.1346,1.5469,1.1599,0.4621,4969.00,4760.21,5042.25,4778.59
02-06-2026,-0.3453,63069.99,59930.00,71529.00,70310.62,-0.1564,1846.40,1739.90,2095.70,2052.47,-0.4167,78.8500,66.7570,88.6900,87.9900,-0.3323,1.1601,1.1103,1.5500,1.4572,0.5202,4557.40,4557.40,4970.96,4968.56
02-07-2026,-0.3533,70309.96,67293.26,71822.00,69459.50,-0.1371,2052.80,1993.46,2129.48,2099.45,-0.4155,87.9900,84.1200,89.8000,88.1700,-0.3455,1.4572,1.3827,1.4999,1.4284,,,,,
02-08-2026,-0.3422,69459.50,68735.64,71617.00,70652.38,-0.1399,2099.31,2064.71,2146.00,2092.83,-0.4261,88.1800,85.7000,88.8900,86.5600,-0.3464,1.4282,1.4085,1.4703,1.4265,,,,,
02-09-2026,-0.3448,70652.38,68233.01,72310.90,70363.99,-0.1283,2092.82,2004.68,2168.59,2120.90,-0.4212,86.5600,82.7700,89.0500,87.3010,-0.3355,1.4265,1.3713,1.4650,1.4503,0.5480,4934.10,4934.10,5086.65,5059.32
02-10-2026,-0.3611,70362.03,67857.00,70764.00,68618.47,-0.1752,2120.84,1986.64,2127.10,2006.90,-0.4537,87.3000,81.8400,87.5700,82.4100,-0.3615,1.4503,1.3910,1.4536,1.3935,0.5371,5063.99,4981.00,5078.87,5023.90
02-11-2026,-0.3691,68611.01,65702.95,69357.00,67755.09,-0.1907,2008.99,1892.72,2033.80,1969.16,-0.4690,82.4100,77.9880,84.3500,80.1000,-0.3665,1.3935,1.3414,1.4219,1.3825,0.5558,5043.89,5019.74,5119.25,5085.01
02-12-2026,-0.3876,67811.60,65065.47,68458.00,65776.48,-0.2101,1970.21,1893.91,2003.70,1921.85,-0.4877,80.1300,76.5270,82.2300,77.2700,-0.3796,1.3825,1.3452,1.4089,1.3539,0.5059,5066.28,4878.50,5099.94,4921.91
02-13-2026,-0.3589,65779.97,65577.67,69550.00,68854.05,-0.1564,1923.88,1918.30,2074.10,2052.49,-0.4378,77.2900,76.9000,85.5900,84.8060,-0.3544,1.3510,1.3472,1.4292,1.4090,0.5433,4926.44,4887.53,5047.65,5043.92
02-14-2026,-0.3486,68854.05,68681.00,70590.00,69958.00,-0.1431,2053.04,2041.04,2108.20,2084.99,-0.4165,84.7900,84.0900,88.4500,88.0100,-0.3141,1.4090,1.3959,1.5088,1.4970,,,,,
02-15-2026,-0.3593,69897.73,68020.00,71032.00,68812.00,-0.1955,2085.00,1927.48,2103.50,1957.32,-0.4291,88.0100,84.8500,91.2100,86.1200,-0.3257,1.4970,1.4437,1.6713,1.4715,,,,,
02-16-2026,-0.3592,68804.01,67251.81,70222.00,68822.87,-0.1788,1957.43,1934.31,2025.20,1998.09,-0.4300,86.1200,82.5100,86.9000,85.9800,-0.3169,1.4716,1.4421,1.5183,1.4907,0.5271,5016.40,4969.14,5017.39,4991.11
02-17-2026,-0.3702,68829.90,66557.00,69334.00,67639.04,-0.1785,1998.67,1940.16,2017.90,1998.67,-0.4352,86.0400,82.7800,87.6430,85.1900,-0.3204,1.4909,1.4260,1.5120,1.4832,0.4929,4987.45,4841.60,5000.96,4879.28
02-18-2026,-0.3827,67627.70,65812.57,68561.00,66301.56,-0.2023,1999.09,1922.59,2040.60,1940.87,-0.4614,85.2000,80.4400,86.0500,81.2400,-0.3496,1.4832,1.4156,1.4950,1.4195,0.5226,4876.06,4854.31,5011.05,4976.49
02-19-2026,-0.3771,66303.00,65604.63,67402.00,66898.00,-0.1982,1941.04,1905.12,1989.50,1950.90,-0.4562,81.2400,79.5800,82.6600,82.0300,-0.3550,1.4223,1.3807,1.4393,1.4076,0.5291,4980.91,4960.68,5022.50,4997.74
02-20-2026,-0.3687,66900.25,66427.23,68390.00,67799.68,-0.1884,1949.13,1922.31,1982.90,1974.59,-0.4397,82.0300,81.7400,85.4700,84.5100,-0.3487,1.4076,1.3772,1.4507,1.4215,0.5632,5000.07,4981.74,5109.17,5109.17
02-21-2026,-0.3634,67799.67,67516.93,68762.00,68368.94,-0.1856,1973.71,1955.04,1998.20,1981.57,-0.4311,84.5200,83.9500,86.7400,85.8200,-0.3399,1.4214,1.4171,1.4657,1.4406,,,,,
02-22-2026,-0.3708,68368.94,67132.81,68474.00,67579.45,-0.1987,1982.36,1934.04,1984.50,1949.76,-0.4466,85.8200,82.7700,85.9200,83.4800,-0.3627,1.4406,1.3794,1.4440,1.3908,,,,,
02-23-2026,-0.3988,67579.45,63855.00,67830.00,64572.12,-0.2343,1949.76,1836.96,1963.20,1863.13,-0.4804,83.4700,77.1200,83.6880,78.3700,-0.3761,1.3909,1.3295,1.4252,1.3616,0.5994,5071.77,5068.02,5238.02,5227.35
02-24-2026,-0.4031,64572.14,62500.00,65095.00,64107.00,-0.2381,1863.05,1792.80,1872.30,1853.85,-0.4792,78.3700,75.6300,78.9100,78.5500,-0.3805,1.3612,1.3122,1.3697,1.3519,0.5727,5228.85,5093.90,5249.74,5140.05
02-25-2026,-0.3581,64107.00,63835.00,70171.00,68935.98,-0.1367,1854.25,1845.98,2158.60,2100.51,-0.4043,78.5600,78.4500,92.1200,89.8600,-0.3236,1.3519,1.3404,1.4950,1.4762,0.5803,5144.66,5127.06,5217.82,5164.83
02-26-2026,-0.3711,68922.60,66500.00,69275.00,67540.00,-0.1645,2100.91,1975.11,2117.00,2032.80,-0.4303,89.8600,84.3550,90.5600,85.9300,-0.3608,1.4764,1.3826,1.4894,1.3949,0.5864,5171.42,5130.75,5205.82,5184.82
02-27-2026,-0.3899,67478.80,65108.23,68300.00,65524.00,-0.2104,2030.74,1907.51,2065.30,1921.15,-0.4617,85.9600,80.8700,88.2900,81.2000,-0.3809,1.3966,1.3367,1.4277,1.3511,0.6149,5183.53,5167.08,5281.40,5278.01
02-28-2026,-0.3787,65535.20,63019.60,67209.00,66728.13,-0.1952,1921.17,1835.46,1974.82,1958.07,-0.4398,81.2100,77.1300,85.0600,84.5000,-0.3687,1.3530,1.2700,1.3853,1.3778,,,,,
03-01-2026,-0.3884,66728.13,65076.52,68264.00,65689.00,-0.2065,1958.24,1907.66,2056.00,1930.60,-0.4501,84.5000,81.7090,88.8900,82.9400,-0.3795,1.3778,1.3366,1.4347,1.3541,,,,,
03-02-2026,-0.3536,65686.20,65008.38,70141.00,69425.28,-0.1600,1929.23,1914.58,2091.60,2043.90,-0.4195,82.9400,82.3550,90.3100,87.5700,-0.3591,1.3544,1.3334,1.4236,1.3987,0.6286,5355.36,5260.57,5419.33,5322.69
03-03-2026,-0.3667,69425.28,66138.20,69538.00,68015.36,-0.1909,2043.59,1927.75,2059.40,1968.60,-0.4356,87.5600,82.4700,88.2300,85.1300,-0.3784,1.3985,1.3363,1.4071,1.3565,0.5570,5319.39,4996.54,5379.96,5088.85
03-04-2026,-0.3171,68035.00,67391.17,74100.00,73348.33,-0.1161,1968.91,1942.58,2200.00,2150.71,-0.3876,85.1400,84.7700,94.1100,92.3800,-0.3368,1.3563,1.3452,1.4753,1.4473,0.5715,5097.16,5081.06,5206.21,5136.33
03-05-2026,-0.3377,73348.32,70612.70,73592.00,71127.00,-0.1450,2150.90,2054.40,2165.11,2080.42,-0.4091,92.3500,87.8400,92.9900,89.1300,-0.3553,1.4479,1.3959,1.4541,1.4071,0.5556,5133.87,5051.09,5195.02,5084.19
03-06-2026,-0.3642,71143.30,67725.14,71428.40,68284.83,-0.1846,2080.88,1955.49,2093.72,1983.89,-0.4383,89.1200,83.6400,89.4300,84.7200,-0.3751,1.4071,1.3460,1.4153,1.3638,0.5784,5083.00,5062.62,5177.51,5158.89
03-07-2026,-0.3720,68290.10,66921.33,68629.00,67451.74,-0.1901,1984.28,1948.09,1996.51,1970.49,-0.4479,84.7500,82.2540,85.0700,83.2800,-0.3783,1.3639,1.3470,1.3754,1.3568,,,,,
03-08-2026,-0.3741,67451.74,66536.00,68201.16,67224.00,-0.1951,1970.57,1923.80,2008.09,1958.50,-0.4543,83.2900,81.2000,84.1100,82.3200,-0.3799,1.3569,1.3380,1.3716,1.3534,,,,,
03-09-2026,-0.3576,67220.17,65588.00,69575.00,68998.00,-0.1669,1958.48,1910.30,2054.96,2026.90,-0.4310,82.3300,80.2320,87.0800,85.8300,-0.3707,1.3536,1.3215,1.3844,1.3733,0.5725,5150.05,5015.57,5198.33,5139.56
03-10-2026,-0.3459,68973.84,68375.01,71814.00,70254.98,-0.1605,2026.09,1989.24,2089.00,2042.63,-0.4282,85.8000,84.8360,88.8400,86.2500,-0.3629,1.3731,1.3604,1.4434,1.3903,0.5877,5135.02,5118.01,5238.70,5189.16
03-11-2026,-0.3423,70260.00,68971.60,71358.48,70640.00,-0.1495,2042.62,2007.00,2086.49,2069.30,-0.4213,86.2600,84.3400,88.1200,87.2900,-0.3621,1.3897,1.3705,1.4118,1.3921,0.5848,5191.27,5149.14,5223.27,5179.50
03-12-2026,-0.3466,70651.32,69175.00,70984.00,70175.69,-0.1521,2068.64,2018.15,2096.09,2063.13,-0.4268,87.3000,84.7200,87.9400,86.4600,-0.3713,1.3916,1.3650,1.3977,1.3721,0.5541,5186.29,5055.24,5191.88,5079.19
03-13-2026,-0.3356,70175.68,70014.79,73968.00,71359.88,-0.1321,2063.14,2055.69,2211.62,2111.74,-0.4105,86.4600,85.9600,93.0600,88.9200,-0.3573,1.3721,1.3716,1.4534,1.4027,0.5366,5077.01,5010.01,5128.49,5022.11
03-14-2026,-0.3405,71359.88,70200.00,71500.96,70833.10,-0.1425,2111.52,2061.85,2117.21,2086.46,-0.4226,88.9200,86.5360,89.1700,87.1000,-0.3614,1.4018,1.3850,1.4063,1.3937,,,,,
03-15-2026,-0.3320,70821.57,70651.00,72016.00,71739.41,-0.1247,2086.71,2082.51,2139.46,2129.61,-0.4115,87.1000,86.8800,89.0600,88.7700,-0.3502,1.3936,1.3911,1.4303,1.4181,,,,,
03-16-2026,-0.3087,71739.41,71616.00,74547.50,74243.10,-0.0358,2129.60,2123.20,2348.83,2346.05,-0.3650,88.7700,88.5700,96.0020,95.7900,-0.2996,1.4181,1.4147,1.5445,1.5285,0.5319,5030.01,4967.53,5038.16,5006.85
03-17-2026,-0.3059,74250.00,73394.00,76022.60,74545.00,-0.0428,2345.77,2294.70,2386.30,2328.89,-0.3707,95.7800,93.1700,97.7000,94.9300,-0.2973,1.5284,1.4943,1.6075,1.5335,0.5320,5011.69,4973.64,5044.70,5006.93
03-18-2026,-0.3369,74533.46,70474.83,74834.45,71217.00,-0.1010,2328.93,2153.00,2351.09,2187.40,-0.4031,94.9200,88.5600,95.6800,90.0400,-0.3314,1.5333,1.4359,1.5423,1.4592,0.4746,4994.72,4807.10,5016.49,4819.54
03-19-2026,-0.3438,71218.80,68731.00,71628.00,70480.85,-0.1178,2187.28,2098.94,2233.88,2146.45,-0.4100,90.0100,86.9800,91.4300,88.9900,-0.3356,1.4592,1.4219,1.4821,1.4499,0.4229,4826.60,4503.17,4867.34,4650.51
03-20-2026,-0.3478,70480.86,69360.00,71384.62,70046.25,-0.1233,2146.63,2115.85,2176.67,2133.13,-0.4100,88.9800,88.1200,90.4500,89.0000,-0.3420,1.4496,1.4246,1.4663,1.4360,0.3734,4654.99,4477.61,4736.20,4488.72
03-21-2026,-0.3440,70046.25,69935.00,71092.00,70449.32,-0.1141,2133.16,2130.40,2169.20,2155.38,-0.4024,89.0100,88.9100,90.9500,90.1420,-0.3396,1.4370,1.4333,1.4529,1.4412,,,,,
03-22-2026,-0.3653,70449.31,68075.00,70519.00,68167.08,-0.1540,2155.53,2050.00,2157.20,2058.45,-0.4260,90.1500,86.2400,90.2100,86.5800,-0.3645,1.4412,1.3808,1.4422,1.3869,,,,,
03-23-2026,-0.3398,68184.30,67332.05,71843.00,70901.44,-0.1118,2058.41,2022.32,2200.02,2161.12,-0.3916,86.5700,85.0100,92.2700,91.7700,-0.3412,1.3869,1.3612,1.4662,1.4377,0.3487,4430.24,4098.73,4536.53,4408.15
03-24-2026,-0.3476,70895.10,68889.00,71400.00,70066.38,-0.1173,2161.27,2099.58,2175.42,2147.68,-0.4034,91.7600,88.3800,92.2000,89.9900,-0.3542,1.4379,1.3830,1.4403,1.4094,0.3686,4431.61,4305.73,4484.30,4472.97
03-25-2026,-0.3390,70066.26,69865.00,72030.29,70986.57,-0.1097,2148.02,2139.02,2199.81,2166.27,-0.3938,89.9900,89.6500,93.4500,91.4400,-0.3520,1.4100,1.4016,1.4375,1.4143,0.3857,4426.10,4426.10,4602.72,4528.95
03-26-2026,-0.3578,70982.40,68102.36,71548.00,68968.40,-0.1520,2166.27,2032.63,2183.13,2063.31,-0.4279,91.4600,85.3600,91.9900,86.2900,-0.3776,1.4143,1.3345,1.4226,1.3584,0.3401,4518.82,4351.28,4544.63,4379.96
03-27-2026,-0.3858,68968.40,65498.75,69188.00,65967.14,-0.1844,2063.86,1965.77,2076.50,1984.41,-0.4517,86.2900,81.7800,87.1400,82.7000,-0.3925,1.3586,1.2703,1.3723,1.3258,0.3753,4392.13,4375.52,4555.63,4495.05
03-28-2026,-0.3768,65970.00,65851.46,67328.20,66931.10,-0.1685,1984.59,1979.18,2047.20,2023.04,-0.4475,82.7100,82.1600,84.2800,83.3400,-0.3835,1.3249,1.3182,1.3582,1.3455,,,,,
03-29-2026,-0.3803,66864.36,66086.00,67125.00,66552.93,-0.1777,2023.04,1981.90,2025.51,2000.77,-0.4573,83.3400,81.1000,83.4500,81.8570,-0.3937,1.3457,1.3152,1.3468,1.3231,,,,,
03-30-2026,-0.3799,66554.40,64938.66,68160.00,66593.83,-0.1692,2001.06,1936.70,2086.70,2021.53,-0.4516,81.8600,78.9090,84.9700,82.7200,-0.3923,1.3243,1.2937,1.3666,1.3262,0.3815,4523.65,4418.95,4580.83,4515.24
03-31-2026,-0.3652,66592.30,65924.82,68573.00,68181.30,-0.1345,2021.54,2010.09,2123.10,2105.77,-0.4492,82.7200,80.0500,84.5900,83.0840,-0.3846,1.3262,1.3030,1.3507,1.3431,0.4302,4503.97,4482.73,4687.35,4674.52
04-01-2026,-0.3651,68198.49,67525.59,69291.00,68185.48,-0.1192,2107.71,2080.26,2167.56,2143.00,-0.4528,83.1800,82.2600,86.6300,82.5400,-0.3822,1.3432,1.3304,1.3680,1.3482,0.4641,4671.41,4661.98,4793.00,4785.25
04-02-2026,-0.3767,68176.20,65688.00,68652.00,66939.27,-0.1500,2143.50,2015.85,2165.10,2068.23,-0.4751,82.5800,76.6900,83.1700,79.1700,-0.3960,1.3479,1.2799,1.3569,1.3181,0.4311,4754.77,4554.07,4800.46,4677.28
04-03-2026,-0.3778,66933.10,66241.00,67375.70,66828.00,-0.1563,2068.36,2040.00,2082.30,2052.76,-0.4684,79.1600,78.6200,80.9100,80.1800,-0.3968,1.3176,1.3028,1.3362,1.3164,,,,,
04-04-2026,-0.3737,66827.99,66746.00,67543.00,67267.48,-0.1523,2052.76,2043.90,2083.60,2062.47,-0.4644,80.1900,79.5800,81.5900,80.7900,-0.3967,1.3163,1.3060,1.3227,1.3167,,,,,
04-05-2026,-0.3702,67258.90,66600.00,67821.00,67644.01,-0.1498,2062.47,2019.10,2075.11,2068.74,-0.4685,80.8000,78.4800,81.0700,80.1700,-0.4024,1.3167,1.2785,1.3196,1.3042,,,,,
04-06-2026,-0.3498,67644.01,67310.00,70463.70,69833.05,-0.1166,2068.45,2048.90,2174.86,2149.40,-0.4563,80.1600,79.0800,83.2200,82.0100,-0.3855,1.3042,1.2967,1.3573,1.3411,0.4231,4610.56,4600.91,4706.76,4651.04
04-07-2026,-0.3546,69850.60,67706.00,69850.60,69313.92,-0.1306,2149.40,2059.70,2149.40,2115.44,-0.4569,82.0000,78.3450,82.4100,81.9200,-0.3960,1.3410,1.2940,1.3415,1.3181,0.4405,4659.70,4607.52,4718.82,4708.07
04-08-2026,-0.3353,69313.92,69296.00,72865.00,71387.32,-0.0916,2114.53,2114.53,2274.01,2210.11,-0.4479,81.9100,81.8500,87.0400,83.2800,-0.3820,1.3178,1.3178,1.3966,1.3488,0.4445,4707.45,4699.50,4857.82,4720.94
04-09-2026,-0.3256,71382.40,70434.00,72571.00,72430.01,-0.0902,2210.10,2155.90,2231.15,2213.75,-0.4413,83.2800,81.4100,84.7500,84.2700,-0.3783,1.3481,1.3213,1.3619,1.3567,0.4574,4724.14,4698.51,4801.33,4763.23
04-10-2026,-0.3166,72434.10,71391.00,73510.00,73400.01,-0.0727,2213.44,2175.50,2301.64,2256.21,-0.4334,84.2700,82.6800,85.9000,85.4700,-0.3750,1.3567,1.3344,1.3695,1.3639,0.4539,4769.25,4731.07,4794.93,4751.68
04-11-2026,-0.3172,73393.10,72521.00,73832.00,73333.21,-0.0550,2256.21,2227.70,2330.56,2299.25,-0.4337,85.4900,83.8200,86.2900,85.4200,-0.3762,1.3647,1.3395,1.3759,1.3614,,,,,
04-12-2026,-0.3355,73299.70,70570.00,73602.51,71364.90,-0.0899,2299.11,2175.70,2308.94,2214.38,-0.4517,85.4200,81.3300,86.1540,82.7100,-0.3874,1.3613,1.3184,1.3706,1.3370,,,,,
04-13-2026,-0.3185,71364.90,70478.00,73529.27,73192.99,-0.0739,2214.08,2174.00,2269.46,2253.41,-0.4434,82.7000,81.2720,84.4100,83.9600,-0.3824,1.3363,1.3187,1.3568,1.3478,0.4520,4690.82,4632.27,4877.06,4745.58
04-14-2026,-0.3096,73193.00,73060.00,76127.18,74152.37,-0.0486,2253.46,2249.40,2417.40,2314.80,-0.4455,83.9900,83.4400,87.7400,83.6400,-0.3779,1.3478,1.3431,1.3966,1.3576,0.4815,4737.03,4724.58,4846.43,4841.95
04-15-2026,-0.3029,74110.00,73500.00,75317.00,74870.40,-0.0286,2316.18,2307.90,2387.08,2363.55,-0.4377,83.6400,82.6900,85.8500,84.8200,-0.3636,1.3576,1.3499,1.4090,1.3888,0.4656,4844.86,4786.39,4871.65,4790.02
04-16-2026,-0.2994,74870.50,73298.01,75541.00,75245.99,-0.0340,2363.55,2284.40,2381.40,2350.30,-0.4060,84.8100,83.8400,90.5300,89.6000,-0.3345,1.3887,1.3790,1.4670,1.4524,0.4651,4793.71,4771.40,4838.53,4788.52
04-17-2026,-0.2795,75245.99,74524.00,78390.00,77380.00,-0.0026,2350.75,2317.02,2466.50,2426.70,-0.4097,89.6000,87.3700,90.8000,89.0430,-0.3211,1.4530,1.4222,1.5109,1.4816,0.4789,4790.80,4768.02,4891.62,4833.56
04-18-2026,-0.2944,77366.97,75432.00,77553.90,75784.94,-0.0327,2427.64,2337.50,2443.05,2353.62,-0.4285,89.0400,85.8100,89.5000,86.2100,-0.3453,1.4821,1.4235,1.4891,1.4288,,,,,
04-19-2026,-0.3048,75760.00,74339.60,76278.36,74662.56,-0.0623,2353.48,2273.50,2361.20,2281.57,-0.4366,86.2030,84.4600,87.1500,84.9900,-0.3535,1.4289,1.4090,1.4490,1.4109,,,,,
04-20-2026,-0.2896,74662.56,73637.30,76621.00,76293.00,-0.0388,2281.15,2252.06,2345.36,2338.61,-0.4299,85.0000,82.9200,86.3200,85.9900,-0.3437,1.4108,1.3910,1.4460,1.4323,0.4751,4791.09,4736.98,4827.76,4820.99
04-21-2026,-0.2953,76312.30,74800.00,77169.60,75688.00,-0.0486,2338.35,2284.30,2347.86,2314.80,-0.4334,85.9900,84.3300,86.9300,85.4600,-0.3473,1.4323,1.4114,1.4500,1.4244,0.4443,4807.47,4668.38,4833.31,4720.58
04-22-2026,-0.2696,75711.24,75285.00,79523.00,78444.00,-0.0169,2315.50,2301.50,2425.00,2391.90,-0.4222,85.4300,85.0200,89.3600,87.1500,-0.3413,1.4236,1.4167,1.4631,1.4376,0.4502,4722.21,4715.58,4772.48,4739.70
04-23-2026,-0.2743,78464.05,76979.99,78865.09,77943.00,-0.0441,2392.18,2285.26,2407.40,2325.68,-0.4324,87.1600,84.5000,87.7550,85.6200,-0.3431,1.4376,1.4092,1.4427,1.4336,0.4374,4742.73,4664.25,4754.02,4698.06
04-24-2026,-0.2762,77903.01,77368.00,78621.00,77741.20,-0.0435,2325.56,2299.87,2340.30,2327.27,-0.4238,85.6300,84.9700,86.9800,86.9080,-0.3392,1.4340,1.4242,1.4510,1.4421,0.4409,4714.25,4657.91,4740.46,4709.27
04-25-2026,-0.2784,77748.00,77143.00,77911.09,77500.00,-0.0490,2327.04,2298.25,2328.80,2313.99,-0.4303,86.9100,85.5400,86.9900,85.9400,-0.3482,1.4407,1.4188,1.4434,1.4224,,,,,
04-26-2026,-0.2716,77497.08,77314.00,78551.00,78228.00,-0.0284,2313.65,2306.40,2405.00,2364.00,-0.4250,85.9500,85.7700,87.2600,86.7300,-0.3456,1.4225,1.4168,1.4375,1.4282,,,,,
04-27-2026,-0.2835,78216.01,76447.51,79528.00,76955.36,-0.0583,2363.25,2248.00,2405.50,2291.22,-0.4413,86.7200,83.6500,88.1130,84.2700,-0.3620,1.4279,1.3770,1.4475,1.3923,0.4329,4720.50,4667.21,4729.99,4683.16
04-28-2026,-0.2881,76977.30,75646.84,77799.00,76461.99,-0.0567,2291.60,2256.63,2312.20,2295.06,-0.4446,84.2600,82.9600,84.9200,83.7800,-0.3664,1.3931,1.3677,1.4027,1.3827,0.4063,4688.95,4554.91,4701.50,4596.11
04-29-2026,-0.2956,76461.99,74912.00,77933.00,75649.91,-0.0794,2295.51,2216.17,2348.21,2240.00,-0.4523,83.7670,81.2800,85.5600,82.6110,-0.3758,1.3827,1.3453,1.4070,1.3623,0.3909,4595.17,4510.32,4610.58,4546.02
04-30-2026,-0.2881,75649.92,75290.10,76691.00,76461.51,-0.0697,2239.67,2230.15,2279.18,2263.51,-0.4493,82.6100,82.1350,84.0100,83.0700,-0.3726,1.3623,1.3583,1.3849,1.3693,0.4144,4544.78,4539.40,4647.08,4622.86
05-01-2026,-0.2749,76461.50,76161.54,78961.14,77870.90,-0.0612,2263.45,2251.37,2326.59,2284.30,-0.4466,83.0700,82.7400,84.8600,83.4800,-0.3657,1.3692,1.3637,1.4003,1.3843,0.4113,4615.05,4560.25,4660.35,4612.50
05-02-2026,-0.2695,77872.81,77831.00,78594.99,78458.67,-0.0499,2284.80,2283.00,2313.67,2311.69,-0.4419,83.4700,83.4100,84.3000,84.1880,-0.3617,1.3844,1.3809,1.3950,1.3931,,,,,
05-03-2026,-0.2652,78458.67,78041.00,79294.00,78921.14,-0.0426,2311.52,2296.10,2344.35,2329.57,-0.4410,84.1900,83.5700,84.9600,84.3200,-0.3617,1.3928,1.3811,1.4021,1.3931,,,,,
05-04-2026,-0.2559,78921.14,78169.00,80870.30,79919.11,-0.0343,2329.67,2308.36,2399.68,2349.69,-0.4426,84.3300,83.2400,85.8800,84.0800,-0.3618,1.3926,1.3825,1.4206,1.3929,0.3839,4614.98,4501.10,4641.57,4523.19
05-05-2026,-0.2398,79933.80,79704.00,81790.08,81650.01,-0.0214,2349.70,2343.70,2400.16,2381.10,-0.4256,84.0500,84.0100,86.9300,86.6400,-0.3509,1.3929,1.3892,1.4218,1.4167,0.3940,4523.10,4513.71,4586.73,4556.01
05-06-2026,-0.2418,81641.70,80663.00,82833.00,81427.80,-0.0350,2382.73,2335.40,2424.11,2348.00,-0.4088,86.6400,86.0900,90.0300,89.1800,-0.3473,1.4168,1.4069,1.4572,1.4245,0.4354,4568.50,4546.38,4723.13,4691.52
05-07-2026,-0.2563,81427.90,79450.00,81709.17,79876.14,-0.0593,2350.63,2278.10,2357.14,2288.83,-0.4163,89.1600,87.6100,90.4300,88.0500,-0.3668,1.4246,1.3801,1.4288,1.3820,0.4339,4688.69,4685.13,4764.84,4686.34
05-08-2026,-0.2540,79876.14,79145.00,80500.00,80126.00,-0.0521,2289.10,2263.70,2321.44,2306.38,-0.3894,88.0600,87.6070,92.8400,92.1000,-0.3530,1.3822,1.3772,1.4272,1.4120,0.4429,4687.52,4677.54,4749.68,4715.85
05-09-2026,-0.2477,80124.40,80086.00,81065.32,80797.42,-0.0427,2306.64,2298.00,2337.93,2329.09,-0.3818,92.1100,91.7400,94.1900,93.2500,-0.3487,1.4119,1.4105,1.4352,1.4213,,,,,
05-10-2026,-0.2484,80797.70,80237.00,81568.00,80724.20,-0.0429,2329.08,2310.70,2371.16,2328.74,-0.3734,93.2500,92.5900,96.9000,94.5100,-0.3359,1.4210,1.4113,1.5077,1.4494,,,,,
05-11-2026,-0.2386,80720.70,80400.00,82458.00,81780.00,-0.0392,2328.48,2302.09,2382.48,2337.66,-0.3528,94.5000,94.2500,98.4700,97.6310,-0.3249,1.4496,1.4392,1.4884,1.4733,0.4490,4732.50,4648.21,4748.74,4735.72
05-12-2026,-0.2489,81798.20,79802.51,81955.44,80672.90,-0.0610,2337.68,2255.29,2345.30,2284.80,-0.3720,97.6200,93.5400,97.8300,94.7200,-0.3399,1.4732,1.4177,1.4855,1.4407,0.4427,4726.75,4638.34,4773.56,4715.13
05-13-2026,-0.2581,80672.90,78699.83,81302.50,79676.66,-0.0699,2284.84,2232.00,2323.10,2262.93,-0.3953,94.7300,90.2200,95.9600,91.2200,-0.3471,1.4404,1.4109,1.4691,1.4249,0.4339,4711.82,4669.54,4726.99,4686.48
05-14-2026,-0.2420,79676.65,78867.00,82066.22,81404.16,-0.0556,2263.06,2237.11,2319.78,2297.73,-0.3852,91.2200,89.7700,93.6800,92.7300,-0.3091,1.4249,1.4150,1.5501,1.5079,0.4231,4692.88,4644.40,4718.79,4651.20
05-15-2026,-0.2637,81404.16,78570.00,81650.00,79083.35,-0.0881,2298.09,2203.00,2302.19,2218.70,-0.4084,92.7300,88.4500,92.9900,89.2300,-0.3427,1.5079,1.4251,1.5111,1.4345,0.3915,4654.11,4511.68,4666.02,4547.89
05-16-2026,-0.2718,79080.00,77598.00,79236.30,78208.04,-0.1039,2218.85,2161.00,2231.02,2180.20,-0.4256,89.2300,85.4800,89.4100,86.6500,-0.3514,1.4345,1.3955,1.4390,1.4154,,,,,
05-17-2026,-0.2715,78208.03,77681.95,78624.00,78240.00,-0.1006,2180.53,2166.30,2198.00,2188.35,-0.4256,86.6400,85.5500,87.2800,86.6400,-0.3499,1.4151,1.4019,1.4289,1.4188,,,,,
05-18-2026,-0.2845,78230.00,75992.00,78460.00,76849.26,-0.1304,2188.62,1914.69,2193.94,2115.74,-0.4374,86.6300,83.3630,86.9500,84.8600,-0.3655,1.4188,1.3500,1.4257,1.3847,0.3973,4559.00,4480.44,4584.34,4566.94
05-19-2026,-0.2825,76849.26,76061.12,77440.00,77062.00,-0.1301,2115.96,2092.13,2146.70,2116.63,-0.4402,84.8700,83.5500,85.9300,84.4400,-0.3781,1.3835,1.3528,1.3985,1.3573,0.3734,4564.56,4464.97,4589.54,4488.63
05-20-2026,-0.2772,76974.80,76433.52,77877.00,77632.24,-0.1220,2116.81,2100.43,2149.80,2136.30,-0.4291,84.4500,83.7600,87.0400,86.1200,-0.3730,1.3573,1.3465,1.3809,1.3684,0.3886,4508.57,4453.57,4552.94,4538.26
05-21-2026,-0.2772,77633.91,76619.02,78243.00,77630.80,-0.1219,2133.76,2102.38,2159.00,2136.41,-0.4202,86.1200,85.2000,87.9500,87.4600,-0.3695,1.3702,1.3498,1.3865,1.3759,0.3900,4537.80,4488.53,4570.72,4542.95
05-22-2026,-0.2934,77633.76,75556.40,77914.00,75892.47,-0.1489,2136.24,2055.25,2141.40,2070.81,-0.4372,87.4700,83.8590,87.8000,84.9000,-0.3850,1.3760,1.3305,1.3788,1.3422,0.3820,4536.40,4492.01,4559.90,4516.75
05-23-2026,-0.2814,75892.48,74027.00,77345.00,77173.32,-0.1191,2070.78,2001.74,2150.00,2143.21,-0.4234,84.9000,81.3100,87.0700,86.9700,-0.3722,1.3406,1.2880,1.3727,1.3702,,,,,
05-24-2026,-0.2854,77173.31,76095.35,77604.00,76748.00,-0.1409,2143.31,2075.82,2150.80,2090.37,-0.4387,86.9800,84.3000,87.4800,84.6700,-0.3845,1.3704,1.3372,1.3769,1.3432,,,,,
05-25-2026,-0.2811,76559.87,76000.00,77960.00,77206.90,-0.1341,2090.46,2059.33,2142.90,2106.94,-0.4343,84.6600,83.5800,86.5000,85.3300,-0.3799,1.3431,1.3305,1.3665,1.3534,0.3981,4523.60,4519.80,4580.38,4569.32
05-26-2026,-0.2924,77206.90,75645.54,78129.00,75999.18,-0.1455,2106.94,2052.00,2141.50,2079.20,-0.4444,85.3300,83.0100,86.1000,83.8100,-0.3899,1.3533,1.3250,1.3661,1.3314,0.3800,4563.90,4482.56,4580.40,4510.37
05-27-2026,-0.3004,75999.18,74513.64,76168.00,75141.03,-0.1535,2075.69,2039.37,2097.60,2059.59,-0.4454,83.8200,82.6990,84.7900,83.6500,-0.3913,1.3340,1.3150,1.3432,1.3284,0.3634,4495.20,4401.57,4538.55,4455.91
05-28-2026,-0.3159,75141.03,72445.11,75271.00,73477.34,-0.1736,2059.51,1964.01,2063.10,2010.78,-0.4551,83.6700,79.8300,83.8000,82.1900,-0.3958,1.3284,1.2645,1.3379,1.3186,0.3755,4452.21,4366.57,4516.67,4495.50
05-29-2026,-0.3149,73477.33,72362.80,74380.00,73576.51,-0.1717,2010.78,1973.36,2046.00,2015.37,-0.4556,82.1900,80.2400,83.1900,82.1200,-0.3939,1.3187,1.2926,1.3333,1.3228,0.3895,4503.35,4489.21,4595.40,4541.41
05-30-2026,-0.3122,73576.51,73107.24,74180.00,73871.19,-0.1681,2015.40,1999.33,2032.50,2024.07,-0.4508,82.1100,81.5000,83.1100,82.8400,-0.3832,1.3209,1.3125,1.3670,1.3462,,,,,
05-31-2026,-0.3144,74019.00,73272.90,74315.00,73637.13,-0.1762,2024.11,1991.10,2038.90,2004.28,-0.4574,82.8400,81.2200,83.4000,81.8400,-0.3898,1.3462,1.3178,1.3525,1.3316,,,,,
06-01-2026,-0.3356,73628.70,70555.00,74239.00,71355.13,-0.1759,2004.27,1954.00,2023.60,2005.10,-0.4628,81.8500,78.9700,83.0800,81.0300,-0.4056,1.3288,1.2776,1.3432,1.2973,0.3723,4553.50,4448.00,4553.50,4485.10
06-02-2026,-0.3717,71355.14,66302.56,71590.00,67484.99,-0.2173,2003.01,1876.90,2009.10,1904.30,-0.5006,81.0200,74.3700,81.5700,75.3300,-0.4403,1.2972,1.1726,1.3011,1.2215,0.3738,4480.95,4463.03,4541.65,4490.05
06-03-2026,-0.3956,67485.08,64650.01,67920.70,64909.01,-0.2688,1904.90,1767.20,1910.88,1779.01,-0.5286,75.3300,70.8300,76.0800,71.1100,-0.4536,1.2215,1.1856,1.2483,1.1925,0.3569,4487.76,4426.35,4496.85,4434.85
06-04-2026,-0.4081,64903.20,61255.90,65864.80,63571.19,-0.2713,1778.50,1714.40,1851.48,1773.10,-0.5443,71.1290,66.6600,73.1100,68.7400,-0.4617,1.1923,1.1400,1.2198,1.1747,0.3692,4463.05,4423.98,4515.45,4474.89
06-05-2026,-0.4254,63571.11,59070.60,63958.10,61712.00,-0.3413,1772.98,1539.26,1782.60,1602.64,-0.5716,68.7500,61.3700,69.0400,64.6200,-0.4882,1.1747,1.0686,1.1787,1.1169,0.3251,4486.00,4312.00,4493.97,4331.00
06-06-2026,-0.4350,61608.98,59448.45,62092.00,60682.68,-0.3601,1606.10,1505.00,1621.50,1556.87,-0.5900,64.6290,60.1100,65.3900,61.8400,-0.5031,1.1153,1.0500,1.1209,1.0845,,,,,
06-07-2026,-0.4242,60682.67,60345.00,63029.00,61838.92,-0.3312,1559.30,1551.00,1650.00,1627.35,-0.5713,61.8100,61.4300,66.0900,64.6600,-0.4813,1.0845,1.0809,1.1715,1.1319,,,,,
06-08-2026,-0.4091,61838.90,61621.13,64613.00,63466.73,-0.3056,1629.80,1622.64,1725.40,1689.44,-0.5527,64.6700,64.2700,67.9400,67.4700,-0.4606,1.1318,1.1252,1.1878,1.1772,0.3208,4343.99,4268.41,4353.34,4316.96
06-09-2026,-0.4216,63466.73,60713.50,63926.00,62117.95,-0.3171,1689.44,1612.37,1716.30,1661.60,-0.5652,67.4650,63.4600,68.1700,65.5800,-0.4763,1.1770,1.1175,1.1875,1.1430,0.3037,4323.44,4236.63,4363.65,4260.99
06-10-2026,-0.4252,62117.95,60678.99,62879.00,61738.38,-0.3305,1661.70,1604.34,1669.00,1628.98,-0.5805,65.5700,62.7800,65.7100,63.2830,-0.4968,1.1430,1.0931,1.1456,1.0982,0.2459,4263.00,4067.22,4270.60,4071.92
06-11-2026,-0.4103,61738.38,61028.22,63964.00,63332.00,-0.3128,1631.50,1601.50,1694.00,1672.10,-0.5589,63.2700,62.2700,67.3700,66.5300,-0.4800,1.0980,1.0875,1.1508,1.1349,0.2890,4099.78,4023.86,4220.28,4212.75
06-12-2026,-0.4096,63332.01,62739.81,64402.00,63408.07,-0.3160,1672.50,1649.82,1690.80,1664.24,-0.5582,66.5300,65.8400,68.7660,66.6430,-0.4811,1.1347,1.1245,1.1577,1.1324,0.2918,4210.50,4170.23,4246.45,4222.00
06-13-2026,-0.4017,63409.66,63385.40,64344.30,64254.00,-0.3121,1664.20,1658.02,1685.13,1673.80,-0.5475,66.6500,66.4220,68.7100,68.2500,-0.4748,1.1327,1.1276,1.1603,1.1462,,,,,
06-14-2026,-0.4047,64254.97,63588.00,64750.00,63931.00,-0.3139,1675.70,1651.74,1696.90,1669.44,-0.5508,68.2460,66.9100,69.5500,67.7600,-0.4788,1.1462,1.1252,1.1566,1.1375,,,,,
06-15-2026,-0.3809,63975.30,63921.00,67287.50,66487.44,-0.2535,1669.44,1667.70,1848.51,1816.20,-0.5034,67.7700,67.7600,76.0700,74.9000,-0.4211,1.1367,1.1364,1.2934,1.2634,0.3186,4222.50,4222.50,4369.53,4309.68
06-16-2026,-0.3874,66487.44,65289.80,66983.50,65792.70,-0.2620,1816.20,1756.80,1839.32,1795.60,-0.5089,74.9200,72.2700,75.5900,74.0800,-0.4402,1.2634,1.2038,1.2645,1.2218,0.3253,4322.56,4306.16,4354.96,4331.44
06-17-2026,-0.4006,65793.35,63892.00,66403.00,64370.66,-0.2824,1795.60,1725.50,1809.05,1745.90,-0.5217,74.0700,71.3700,74.6800,72.1400,-0.4550,1.2218,1.1748,1.2269,1.1893,0.3033,4333.43,4219.20,4382.76,4259.62
06-18-2026,-0.4133,64370.66,62159.76,64804.70,63012.28,-0.2978,1745.60,1669.20,1762.41,1708.52,-0.5377,72.1400,68.1200,72.6200,69.7300,-0.4726,1.1878,1.1307,1.1916,1.1510,0.2881,4234.13,4201.51,4330.00,4210.00
06-19-2026,-0.4116,63012.28,62236.10,63404.70,63193.97,-0.2984,1708.46,1677.36,1718.40,1706.97,-0.5412,69.7300,67.8500,70.0500,69.2000,-0.4805,1.1511,1.1182,1.1528,1.1337,0.2703,4228.05,4122.00,4230.09,4151.74
06-20-2026,-0.4054,63186.40,62988.50,64361.00,63858.68,-0.2896,1706.97,1698.51,1749.00,1728.58,-0.5231,69.1900,68.8380,72.5460,71.9400,-0.4758,1.1335,1.1260,1.1551,1.1441,,,,,
06-21-2026,-0.4062,63858.67,63617.10,64579.00,63770.33,-0.2934,1728.61,1714.51,1745.50,1719.29,-0.5138,71.9500,71.8800,74.6600,73.3450,-0.4780,1.1453,1.1353,1.1555,1.1393,,,,,
06-22-2026,-0.4008,63823.00,63171.19,65618.00,64359.17,-0.2879,1720.80,1699.62,1779.30,1732.65,-0.5177,73.3500,72.1900,74.9800,72.7500,-0.4820,1.1382,1.1200,1.1639,1.1305,0.2825,4145.18,4136.72,4221.38,4191.61
06-23-2026,-0.4191,64359.03,61709.00,64482.00,62388.98,-0.3170,1732.64,1633.10,1737.00,1661.84,-0.5430,72.7400,68.0800,72.9000,68.9300,-0.4946,1.1306,1.0908,1.1342,1.1030,0.2586,4186.78,4090.88,4198.70,4113.61
06-24-2026,-0.4332,62388.98,59001.00,63229.00,60869.51,-0.3378,1661.85,1550.93,1692.90,1611.10,-0.5520,68.9300,64.6000,70.4100,67.5710,-0.5082,1.1044,1.0448,1.1140,1.0732,0.2237,4118.80,3959.19,4119.56,3999.60
06-25-2026,-0.4473,60869.52,58000.00,61993.00,59356.99,-0.3598,1611.10,1530.00,1661.20,1557.73,-0.5613,67.5800,63.7200,69.6100,66.1800,-0.5273,1.0732,1.0106,1.0902,1.0316,0.2322,4016.55,3963.48,4044.24,4027.14
06-26-2026,-0.4449,59354.88,58240.91,60776.00,59620.51,-0.3554,1557.74,1510.00,1595.70,1568.30,-0.5223,66.1790,65.8000,73.9100,72.0600,-0.5220,1.0316,1.0072,1.0560,1.0431,0.2458,4026.55,3983.18,4096.15,4071.70
06-27-2026,-0.4395,59620.50,59578.21,60930.00,60199.37,-0.3500,1568.34,1566.01,1610.94,1581.40,-0.5280,72.0500,70.8200,73.1600,71.1900,-0.5173,1.0430,1.0366,1.0771,1.0535,,,,,
06-28-2026,-0.4454,60206.90,59172.74,60549.00,59559.05,-0.3536,1578.95,1554.47,1588.70,1572.80,-0.5306,71.1900,70.0500,72.3700,70.8000,-0.5211,1.0535,1.0380,1.0584,1.0452,,,,,
06-29-2026,-0.4446,59379.29,58865.50,60110.20,59650.39,-0.3548,1566.55,1549.60,1585.34,1569.94,-0.5267,71.1200,70.2600,73.1400,71.4000,-0.5231,1.0447,1.0315,1.0557,1.0408,,,,,