"Date","SPY Flow (D)","HYG Flow (D)","LQD Flow (D)","JAAA Flow (D)","BKLN Flow (D)","MCHI Flow (D)","SPY AUM","HYG AUM","LQD AUM","JAAA AUM","BKLN AUM","MCHI AUM"
06-29-2023,2485.47,-678.90,518.32,12.44,4.18,0.00,417584.85,14505.42,36724.67,3158.49,3841.61,7595.27
06-30-2023,766.59,476.81,246.26,19.90,75.41,0.00,423496.37,15043.57,37237.29,3180.30,3925.01,7651.82
07-03-2023,1152.94,37.40,-269.60,14.93,0.00,0.00,425163.73,15015.47,36760.02,3181.11,3929.42,7785.23
07-05-2023,-5238.89,-700.13,53.62,0.00,21.01,0.00,419147.99,14278.42,36610.40,3181.75,3953.09,7721.53
07-06-2023,1506.72,-1136.63,-767.83,9.91,-4.21,0.00,417353.99,13036.96,35477.17,3191.66,3950.04,7546.05
07-07-2023,1670.77,14.74,-95.00,2.48,4.21,0.00,417892.12,13083.30,35358.50,3196.72,3958.55,7680.55
07-10-2023,1841.65,347.21,-284.81,0.00,0.00,-26.98,420744.18,13464.44,35180.96,3197.36,3962.04,7652.53
07-11-2023,-2373.53,533.24,169.29,9.92,14.75,0.00,421196.31,14044.25,35495.75,3207.29,3981.27,7727.71
07-12-2023,3473.71,1441.58,95.62,7.44,27.43,0.00,427823.17,15636.44,35963.25,3217.32,4017.08,7895.37
07-13-2023,-2206.69,210.09,85.88,24.82,29.60,0.00,429263.50,15921.95,36317.78,3246.06,4050.52,8056.37
07-14-2023,-6204.71,-429.71,292.01,0.00,33.86,0.00,422635.08,15451.69,36406.69,3248.02,4086.26,7957.85
07-17-2023,-808.50,180.46,75.29,22.38,0.00,0.00,423452.36,15604.52,36449.28,3273.69,4082.74,7902.11
07-18-2023,-157.81,217.67,32.24,0.00,21.15,0.00,426305.78,15858.76,36586.76,3274.35,4101.80,7755.15
07-19-2023,-726.57,-285.88,53.88,0.00,8.46,0.00,426586.27,15593.77,36841.79,3275.66,4109.79,7777.68
07-20-2023,3732.47,-670.46,-43.34,0.00,-44.40,0.00,427454.99,14860.89,36502.25,3281.58,4065.39,7749.61
07-21-2023,180.86,60.01,397.70,9.98,-4.23,0.00,427769.80,14947.69,36951.61,3294.86,4063.66,7746.18
07-24-2023,-3505.26,37.58,43.05,44.96,0.00,0.00,425981.75,15002.40,36971.36,3341.16,4032.82,7871.12
07-25-2023,726.60,346.09,-75.30,0.00,0.00,0.00,427914.36,15331.56,36907.11,3341.83,4034.78,8008.13
07-26-2023,1411.76,-405.84,-150.64,10.00,0.00,-47.05,429266.51,14931.40,36863.05,3357.86,4033.88,8044.53
07-27-2023,1753.07,150.37,21.58,0.00,10.50,0.00,428282.65,15065.74,36557.25,3359.88,4043.30,7970.96
07-28-2023,-927.53,52.57,32.09,5.01,0.00,0.00,431611.08,15146.01,36757.79,3366.90,4046.17,8354.89
07-31-2023,1804.98,158.01,-376.07,12.54,6.30,0.00,434062.84,15333.84,36474.16,3384.15,4053.57,8427.33
08-01-2023,-3203.48,-595.56,-430.88,2.51,0.00,0.00,429722.30,14604.08,35586.28,3369.13,4052.27,8263.14
08-02-2023,-22.82,-552.79,-563.68,9.99,-50.42,0.00,423763.52,13983.24,34802.17,3379.79,4000.83,8021.37
08-03-2023,-2948.33,7.43,200.80,5.00,-6.30,0.00,419764.13,13966.72,34675.12,3382.76,3994.15,8199.84
08-04-2023,-1436.81,341.38,-31.41,19.97,0.00,0.00,416142.42,14379.14,35028.64,3404.09,3997.10,8130.84
08-07-2023,-982.65,-164.08,-201.13,5.00,0.00,0.00,418910.57,14237.02,34720.16,3409.77,3999.16,8066.17
08-08-2023,608.43,-470.58,126.64,17.49,-31.54,0.00,417752.95,13764.48,34981.45,3427.94,3968.51,7929.66
08-09-2023,4039.16,246.46,-84.75,19.99,0.00,0.00,418861.84,14044.30,34959.75,3447.93,3972.92,7957.22
08-10-2023,178.27,-112.29,297.17,0.00,2.11,0.00,419196.48,13948.18,34984.65,3448.62,3977.88,8022.60
08-11-2023,-691.06,142.40,115.84,22.49,0.00,0.00,418115.77,14061.67,34961.70,3473.19,3981.59,7786.75
08-14-2023,-1158.11,-665.69,-786.72,0.00,0.00,-27.61,419376.57,13379.63,34151.56,3474.58,3980.59,7690.32
08-15-2023,-828.82,-231.58,-262.06,22.51,4.22,0.00,413783.22,13123.95,33770.56,3497.80,3985.51,7579.46
08-16-2023,-2413.87,693.48,-376.04,120.10,-10.54,0.00,408331.12,13805.15,33226.84,3619.34,3977.34,7447.25
08-17-2023,65.95,-156.45,-197.47,5.01,-42.20,0.00,405331.86,13570.10,32951.32,3625.07,3933.76,7523.13
08-18-2023,-2748.95,214.81,-207.37,20.03,-21.09,0.00,402546.01,13769.93,32799.84,3645.82,3914.22,7354.45
08-21-2023,-1396.17,-917.50,-124.64,0.00,0.00,0.00,403910.26,12849.08,32519.79,3646.55,3883.12,7309.01
08-22-2023,-395.37,1116.99,10.34,10.02,23.03,0.00,402400.18,13985.21,32617.02,3658.03,3907.59,7306.52
08-23-2023,-1160.94,392.59,207.29,0.00,20.94,-60.67,405667.48,14469.01,33277.76,3660.22,3931.95,7322.76
08-24-2023,841.56,-752.90,-220.66,30.08,6.29,0.00,401061.11,13673.94,32959.32,3690.30,3940.02,7353.10
08-25-2023,2053.85,460.75,-125.72,0.00,0.00,0.00,405862.92,14142.85,32857.70,3692.51,3943.12,7338.61
08-28-2023,-1407.90,52.05,-125.81,17.56,10.49,0.00,406986.28,14239.61,32837.73,3711.55,3956.22,7472.15
08-29-2023,-796.90,313.29,-52.59,10.04,33.60,0.00,412080.53,14620.72,33020.06,3723.07,3994.18,7644.00
08-30-2023,-359.31,119.90,21.19,40.17,39.94,0.00,413363.17,14777.93,33041.06,3763.99,4038.04,7601.87
08-31-2023,3021.26,-22.54,148.31,15.07,35.77,0.00,415816.43,14760.89,33237.46,3779.05,4076.64,7528.80
09-01-2023,-1711.21,30.06,-976.01,0.00,0.00,0.00,414866.30,14722.79,31904.56,3761.75,4081.60,7676.62
09-05-2023,-947.41,164.58,-440.64,5.00,54.81,0.00,412204.82,14831.81,31253.24,3766.75,4137.78,7617.73
09-06-2023,1752.19,-395.02,-354.32,15.00,21.09,-72.90,411088.39,14395.18,30829.18,3782.50,4159.56,7531.70
09-07-2023,2342.37,118.91,259.94,10.00,16.87,0.00,412160.79,14539.87,31207.41,3793.26,4179.22,7326.86
09-08-2023,2401.89,-215.90,135.68,5.00,16.89,0.00,415179.50,14338.46,31421.50,3802.06,4202.03,7298.62
09-11-2023,-1225.00,178.86,-198.80,20.02,2.11,-70.52,416728.43,14538.39,31170.74,3822.84,4207.76,7331.80
09-12-2023,-1704.08,-7.46,-104.46,0.00,35.96,-35.76,412682.38,14524.06,31077.53,3824.37,4247.44,7299.38
09-13-2023,-334.43,141.73,146.30,27.55,78.34,0.00,412860.71,14678.08,31244.71,3853.46,4329.14,7246.32
09-14-2023,-1517.98,-462.89,439.18,5.01,57.21,0.00,414913.87,14239.14,31644.26,3860.01,4390.64,7283.63
09-15-2023,1215.92,-306.62,-146.21,45.12,16.97,-26.78,409637.13,13905.82,31405.76,3907.46,4411.98,7210.27
09-18-2023,2571.23,59.71,208.26,10.03,61.57,0.00,412510.97,13953.17,31690.31,3918.28,4439.79,7202.53
09-19-2023,-1175.65,261.02,41.75,0.00,90.61,-97.45,410449.26,14184.93,31639.10,3919.06,4531.14,7079.14
09-20-2023,-2213.42,491.19,228.97,0.00,166.49,-44.13,404425.98,14691.99,31906.04,3920.62,4698.34,6969.49
09-21-2023,3574.21,-126.66,-333.44,10.04,280.34,0.00,401321.49,14468.58,31240.85,3930.66,4973.81,6841.21
09-22-2023,7160.82,-118.41,-309.32,0.00,21.06,0.00,407548.57,14370.06,31127.43,3932.23,4996.12,7037.25
09-25-2023,365.83,-148.22,-788.56,5.02,0.00,0.00,409560.81,14183.29,30074.01,3937.25,4994.55,6949.00
09-26-2023,2139.02,-569.11,-267.42,0.00,-58.96,-8.72,405658.69,13571.19,29741.07,3938.82,4930.38,6845.98
09-27-2023,-3448.86,-117.88,-1570.18,32.66,-98.86,0.00,402309.47,13432.75,28010.94,3971.47,4826.59,6877.92
09-28-2023,-2683.11,434.03,-122.45,12.56,-31.52,0.00,402033.55,13875.30,27912.43,3983.24,4792.67,6853.00
09-29-2023,3020.61,-110.41,990.67,72.83,-96.61,0.00,403967.58,13806.28,28896.48,4056.88,4698.81,6928.32
10-02-2023,-1175.09,-575.88,765.81,0.00,-147.10,0.00,402825.34,13068.97,29255.64,4035.08,4547.96,6888.76
10-03-2023,-2179.44,240.67,-261.84,19.99,-83.99,0.00,395169.38,13194.95,28647.37,4053.44,4453.51,6768.79
10-04-2023,-2255.02,-1012.22,-527.37,14.98,-6.28,-85.03,396099.43,12186.29,28334.89,4066.80,4444.33,6640.85
10-05-2023,-2400.78,-57.86,-381.01,29.96,0.00,-84.49,393255.04,12146.88,27943.87,4097.58,4444.17,6574.35
10-06-2023,466.88,108.65,340.78,17.48,-14.65,0.00,398435.37,12258.29,28143.98,4116.70,4432.86,6714.29
10-09-2023,-3801.24,0.00,0.00,19.98,0.00,0.00,397118.40,12261.94,28155.07,4137.52,4433.61,6699.10
10-10-2023,2355.61,565.27,169.61,0.00,54.48,0.00,401560.16,12943.57,28712.37,4135.03,4493.19,6805.68
10-11-2023,-347.58,-21.94,121.36,29.96,12.59,0.00,402952.19,12916.86,29028.74,4165.83,4511.69,6851.41
10-12-2023,-1047.27,0.00,50.91,0.00,2.10,0.00,399439.60,12858.65,28746.90,4166.66,4516.35,6784.07
10-13-2023,477.06,-101.88,-402.62,7.49,0.00,0.00,397913.83,12776.72,28538.75,4174.16,4520.03,6722.94
10-16-2023,647.27,-459.17,-91.21,0.00,23.14,0.00,402790.91,12292.67,28276.17,4174.99,4545.54,6734.58
10-17-2023,414.29,-450.97,261.91,32.48,37.88,0.00,403163.46,11797.12,28276.48,4208.32,4582.85,6694.13
10-18-2023,-152.62,-144.93,-738.60,5.00,10.52,0.00,397616.03,11607.67,27340.28,4215.84,4592.34,6591.00
10-19-2023,279.64,-548.62,69.37,20.00,2.10,0.00,394556.47,11033.69,27187.51,4236.69,4594.05,6481.87
10-20-2023,682.56,345.70,-127.78,40.02,42.07,-75.18,390280.75,11361.73,27140.34,4278.42,4633.86,6316.86
10-23-2023,779.31,373.93,-49.29,5.00,16.82,0.00,390401.37,11776.17,27304.81,4285.14,4615.59,6334.42
10-24-2023,-1955.51,-396.87,119.23,15.02,18.78,0.00,391271.64,11427.42,27587.39,4301.01,4635.14,6466.88
10-25-2023,1143.72,-355.07,-59.97,30.04,-10.43,0.00,386795.83,11036.56,27252.68,4329.32,4623.87,6392.47
10-26-2023,2045.92,-166.13,207.81,72.57,14.61,0.00,384250.75,10865.95,27678.49,4406.30,4633.62,6405.39
10-27-2023,-557.02,101.08,-109.72,27.55,8.34,0.00,381859.31,10976.90,27558.21,4436.51,4644.10,6443.23
10-30-2023,4681.20,-108.40,69.79,12.53,4.17,0.00,391210.94,10866.69,27532.43,4449.93,4646.50,6510.82
10-31-2023,41.56,166.18,457.05,5.01,0.00,0.00,393808.59,11061.73,27939.34,4456.72,4645.07,6417.43
11-01-2023,-3785.69,775.12,49.59,15.05,4.17,0.00,394115.86,11825.93,28211.31,4449.48,4645.26,6417.47
11-02-2023,-1733.06,1157.99,589.82,24.95,52.05,0.00,399797.00,13150.59,29134.08,4475.33,4710.31,6474.05
11-03-2023,2928.66,344.53,667.42,69.89,64.73,0.00,406518.99,13622.59,30028.96,4550.68,4788.77,6628.84
11-06-2023,1217.28,636.36,152.85,54.98,31.41,0.00,408462.39,14237.31,30026.06,4606.58,4829.07,6683.75
11-07-2023,108.88,302.92,81.10,10.00,58.74,0.00,409736.96,14522.30,30299.97,4617.50,4888.02,6655.96
11-08-2023,-2052.76,420.62,-244.85,5.00,54.54,0.00,408112.78,14948.47,30248.91,4625.27,4944.81,6632.86
11-09-2023,2688.89,7.38,143.75,22.51,-41.98,0.00,407563.33,14905.97,30043.85,4649.65,4904.80,6549.03
11-10-2023,1800.15,125.07,81.20,25.02,48.29,0.00,415807.49,15048.57,30245.29,4677.47,4954.90,6531.34
11-13-2023,-1277.74,44.20,-173.24,10.02,37.81,0.00,414208.75,15096.09,30118.70,4688.42,4995.34,6593.47
11-14-2023,-242.14,1001.99,10.21,2.50,65.15,0.00,421935.70,16281.11,30634.44,4691.87,5069.36,6690.99
11-15-2023,1750.06,-290.60,259.44,32.56,6.32,0.00,424438.26,15942.93,30676.62,4727.26,5078.89,6858.22
11-16-2023,3686.15,-185.73,51.52,15.04,2.11,17.88,428734.01,15750.67,30952.30,4744.19,5079.02,6650.77
11-17-2023,-4524.21,467.84,228.35,5.01,0.00,0.00,424758.84,16235.51,31292.49,4752.05,5078.84,6654.57
11-20-2023,-180.30,639.31,31.25,5.02,75.80,0.00,427751.76,16927.87,31450.69,4758.96,5117.34,6787.39
11-21-2023,817.42,-253.55,-94.13,50.20,2.09,0.00,427714.50,16671.68,31379.02,4809.16,5117.64,6704.30
11-22-2023,-249.27,126.75,345.40,52.71,,0.00,429216.64,16829.80,31809.98,4864.78,,6690.42
11-24-2023,-1456.23,44.82,146.93,65.30,0.00,0.00,428022.46,16874.26,31837.94,4933.02,5124.93,6716.35
11-27-2023,2276.76,-194.21,-460.06,0.00,2.09,0.00,429466.95,16716.75,31646.36,4934.00,5128.97,6651.77
11-28-2023,3113.13,67.38,-769.80,27.65,0.00,0.00,433003.51,16831.03,30964.77,4964.61,5128.39,6651.54
11-29-2023,2001.63,142.64,169.21,12.57,10.45,0.00,434668.63,17093.25,31421.19,4980.15,5141.59,6541.14
11-30-2023,-613.66,-30.24,-651.05,0.00,12.55,0.00,435819.95,17029.49,30623.23,4982.13,5155.81,6578.20
12-01-2023,2966.68,271.63,-520.48,57.90,16.74,0.00,441390.24,17301.01,30318.02,5015.01,5173.43,6519.74
12-04-2023,-1767.61,430.07,85.58,10.02,-2.09,0.00,437252.19,17734.63,30307.26,5025.03,5174.79,6408.57
12-05-2023,4246.80,90.56,-479.88,0.00,0.00,0.00,441266.40,17864.37,30041.32,5026.03,5177.38,6304.49
12-06-2023,2510.22,242.02,-225.55,10.02,8.38,0.00,442058.71,18134.53,29982.94,5037.06,5189.79,6314.81
12-07-2023,-3205.19,-151.50,-324.02,0.00,16.78,0.00,442408.82,17987.18,29580.27,5040.07,5209.63,6308.46
12-08-2023,595.82,60.61,32.32,80.24,2.10,0.00,444820.83,18006.66,29474.39,5124.40,5214.26,6256.09
12-11-2023,-1633.71,-90.71,-42.89,0.00,12.59,-40.68,444921.67,17900.92,29436.67,5124.40,5234.07,6239.60
12-12-2023,-2702.71,67.98,343.16,27.60,0.00,0.00,444262.77,17993.83,29901.32,5153.03,5240.36,6273.17
12-13-2023,4896.64,680.72,215.35,15.06,27.36,0.00,455277.66,18841.38,30652.63,5169.12,5273.75,6230.80
12-14-2023,2728.66,442.61,-21.92,0.00,0.00,0.00,459319.57,19440.46,30907.53,5179.41,5292.33,6301.96
12-15-2023,20924.65,15.39,-143.76,50.31,27.49,-41.24,478291.13,19414.68,30698.56,5232.84,5323.54,6273.00
12-18-2023,10173.09,-376.16,-132.42,40.27,19.04,0.00,490681.28,19026.36,30429.67,5275.21,5313.27,6228.25
12-19-2023,660.83,53.70,43.94,25.18,199.91,-147.71,494264.95,19144.18,30517.91,5302.49,5516.28,6133.97
12-20-2023,1234.56,369.49,363.05,0.00,115.80,0.00,488276.92,19562.27,30964.19,5303.55,5636.18,5862.20
12-21-2023,889.03,-902.87,408.15,0.00,50.57,0.00,494206.72,18676.56,31291.25,5305.65,5692.72,5978.86
12-22-2023,-5436.39,92.69,495.11,15.12,,-112.96,489578.04,18789.73,31758.72,5295.44,,5723.55
12-26-2023,1065.40,-38.66,0.00,0.00,,0.00,492721.80,18770.62,31797.66,5296.50,,5732.18
12-27-2023,737.05,278.66,-77.05,10.04,97.17,0.00,494203.61,19108.53,32034.81,5307.59,5865.74,5756.28
12-28-2023,3952.74,-15.53,-33.35,0.00,207.15,0.00,498395.47,19078.45,31910.46,5308.65,6078.62,5888.92
12-29-2023,-3478.18,-271.55,44.34,25.10,,-40.50,493539.33,18797.34,31862.37,5338.00,,5892.39
01-02-2024,-879.00,-612.62,-121.57,5.02,33.87,0.00,489882.71,18084.71,31526.32,5344.09,6122.36,5758.66
01-03-2024,-2669.38,-231.36,669.60,20.10,23.31,0.00,483327.57,17751.35,32151.16,5364.19,6144.04,5820.29
01-04-2024,-1242.03,191.70,909.84,0.00,25.42,0.00,480494.70,17927.02,32840.68,5367.39,6167.45,5764.43
01-05-2024,-2545.93,-497.97,577.11,72.91,-29.65,-71.86,478818.73,17435.26,33332.29,5442.46,6135.94,5651.52
01-08-2024,-1076.38,505.81,456.16,0.00,33.88,-15.85,484491.37,17995.50,33970.53,5444.62,6173.33,5569.55
01-09-2024,-1661.12,-130.68,873.56,10.06,76.27,-39.17,482184.19,17893.94,34894.57,5455.77,6250.39,5454.01
01-10-2024,-1113.83,184.79,1618.43,7.55,29.66,0.00,483801.22,18120.71,36523.02,5464.41,6282.54,5445.07
01-11-2024,-1858.97,-308.70,700.05,0.00,8.48,-77.13,481635.42,17816.65,37423.51,5466.58,6291.06,5424.44
01-12-2024,-1024.17,555.81,131.97,12.59,59.35,0.00,481008.35,18417.94,37633.10,5483.52,6350.52,5417.80
01-16-2024,-1120.36,-232.16,-352.64,27.72,8.48,0.00,478103.85,18107.83,36941.04,5512.33,6362.93,5275.75
01-17-2024,-1496.18,61.64,393.11,10.08,-2.12,-37.90,473940.71,18084.89,37243.82,5524.61,6357.44,5095.30
01-18-2024,-6470.78,-322.12,-1644.87,42.87,-8.48,0.00,471620.89,17796.54,35562.34,5569.68,6348.12,5123.18
01-19-2024,262.08,-69.16,293.81,55.49,-4.24,-22.24,477713.88,17737.35,35892.67,5628.52,6344.88,5098.86
01-22-2024,4124.54,807.29,-315.90,30.29,74.20,0.00,482893.52,18611.76,35666.81,5659.93,6380.44,4962.63
01-23-2024,72.52,-478.41,-611.56,186.81,109.57,-57.70,484385.50,18094.95,34925.63,5849.06,6488.69,5066.64
01-24-2024,1066.73,38.50,957.46,45.46,58.99,0.00,485850.13,18165.15,35828.68,5895.68,6548.13,5179.82
01-25-2024,2644.76,262.26,-423.69,37.89,-4.21,0.00,491089.03,18476.76,35583.85,5933.57,6550.02,5225.95
01-26-2024,-2634.41,-394.44,-327.56,60.62,56.94,0.00,488133.55,18096.45,35240.63,5997.76,6605.26,5194.48
01-29-2024,-1779.49,116.10,-512.95,0.00,-23.19,0.00,490033.88,18244.36,34890.34,5997.76,6583.83,5110.27
01-30-2024,1866.64,395.44,-54.82,27.80,23.20,0.00,491644.02,18623.79,34873.20,6026.75,6605.54,5004.17
01-31-2024,1841.12,588.77,32.93,0.00,-4.22,0.00,485555.14,19193.19,35071.62,6030.33,6599.70,4968.41
02-01-2024,-5023.99,-665.57,374.98,0.00,-56.91,0.00,486554.58,18496.14,35552.91,6000.53,6540.74,4998.64
02-02-2024,-8266.32,108.16,586.28,60.41,0.00,0.00,483414.14,18549.14,35725.20,6065.75,6539.77,4924.10
02-05-2024,-1038.18,-392.86,-1607.47,68.01,-16.86,-7.24,480845.04,18077.39,33812.59,6133.77,6524.61,4963.65
02-06-2024,1675.53,306.79,-86.70,10.08,4.21,-36.55,483646.50,18450.55,33950.61,6145.06,6531.78,5170.52
02-07-2024,-4346.80,-300.20,-316.38,30.23,-2.11,0.00,483251.82,18172.54,33521.61,6176.52,6534.16,5117.24
02-08-2024,4083.82,61.65,119.60,7.56,21.10,0.00,487673.39,18232.75,33509.78,6185.31,6556.31,5056.01
02-09-2024,-3638.12,53.94,-10.83,80.66,52.75,0.00,486854.44,18305.30,33419.34,6269.69,6611.69,5072.32
02-12-2024,8195.85,131.14,183.68,221.94,12.67,0.00,494586.35,18444.90,33612.94,6492.91,6629.74,5140.75
02-13-2024,-300.48,-578.81,616.06,25.23,-19.01,0.00,487592.60,17738.99,33849.12,6519.43,6609.72,5076.02
02-14-2024,-3556.97,-237.54,-598.53,0.00,-29.57,0.00,488756.01,17541.67,33396.96,6520.72,6582.53,5124.49
02-15-2024,997.68,-476.17,-354.26,10.09,21.13,0.00,492709.38,17102.69,33191.37,6532.11,6608.34,5145.37
02-16-2024,-1856.85,169.33,-1186.18,73.20,21.15,0.00,488571.75,17233.34,31893.24,6609.23,6634.19,5226.88
02-20-2024,2822.29,-268.79,376.10,5.05,6.35,0.00,488465.01,16988.16,32352.01,6616.90,6605.68,5197.44
02-21-2024,2805.47,353.76,-430.93,10.11,8.42,0.00,491911.32,17327.19,31839.18,6627.01,6616.93,5291.56
02-22-2024,-3256.60,-722.29,376.10,0.00,35.80,0.00,498981.45,16666.82,32293.77,6627.01,6658.40,5368.57
02-23-2024,-3401.57,485.89,-333.92,101.06,23.19,0.00,495758.40,17165.92,32054.28,6733.40,6688.14,5380.42
02-26-2024,2920.31,-524.86,-291.70,15.17,75.95,0.00,496811.59,16635.83,31658.10,6749.90,6770.49,5360.21
02-27-2024,227.69,-308.64,333.81,10.12,23.23,-39.76,497891.23,16321.70,31918.28,6761.35,6798.71,5378.33
02-28-2024,3497.24,-563.08,300.81,10.12,0.00,0.00,500604.71,15748.51,32240.87,6772.81,6801.35,5230.87
02-29-2024,-354.24,231.26,634.28,2.53,4.23,-31.28,502965.43,16000.41,32917.17,6776.68,6803.84,5219.48
03-01-2024,-5469.60,216.12,796.56,32.90,40.16,-54.94,501496.07,16158.14,33754.97,6778.63,6847.92,5227.94
03-04-2024,-51.29,430.68,-172.44,70.53,2.11,0.00,500863.99,16603.70,33564.87,6850.52,6856.82,5149.13
03-05-2024,1972.34,-69.28,624.76,20.16,0.00,-15.65,497734.04,16538.98,34352.20,6872.04,6861.09,5073.50
03-06-2024,1394.52,-107.80,378.81,15.12,57.19,-108.28,501724.03,16462.19,34863.22,6888.53,6922.56,5040.75
03-07-2024,-1299.83,-30.86,304.20,60.49,14.84,0.00,505636.49,16461.00,35216.46,6950.40,6942.74,5003.09
03-08-2024,-1648.14,448.23,-141.43,88.23,36.06,0.00,500737.04,16930.35,35124.71,7042.82,6980.87,5007.00
03-11-2024,1637.51,-309.51,-196.11,0.00,16.97,0.00,501812.51,16606.32,34919.37,7044.22,7003.51,5113.80
03-12-2024,-2530.19,193.28,206.95,25.23,63.71,0.00,504876.32,16806.00,35029.08,7070.85,7070.15,5237.18
03-13-2024,3282.17,-487.24,-152.06,27.76,19.12,0.00,507203.93,16330.96,34829.81,7100.01,7091.54,5252.24
03-14-2024,-3301.80,-472.13,-423.03,0.00,2.13,0.00,502582.16,15803.01,34134.15,7101.42,7094.30,5174.30
03-15-2024,8464.43,-408.77,-408.92,113.60,0.00,-32.24,506171.59,15379.82,33725.95,7219.31,7094.91,5132.61
03-18-2024,13658.52,-184.93,-172.18,15.16,4.25,0.00,523117.86,15219.32,33572.47,7235.90,7056.13,5158.47
03-19-2024,4538.90,254.68,32.30,55.58,-2.11,0.00,530636.75,15515.01,33667.66,7292.92,7056.82,5121.77
03-20-2024,-1959.91,-116.07,-334.41,0.00,10.57,0.00,533452.84,15404.53,33351.67,7294.36,7060.68,5174.44
03-21-2024,-546.45,890.21,205.07,0.00,101.35,0.00,534641.81,16314.40,33624.58,7295.81,7157.33,5135.82
03-22-2024,-9058.79,-62.00,-497.50,55.62,18.99,0.00,524870.30,16257.29,33273.86,7355.79,7175.76,5068.00
03-25-2024,3102.40,364.37,-315.03,15.18,12.66,-103.27,526358.11,16616.84,32867.20,7372.42,7192.05,4948.22
03-26-2024,2910.98,-178.26,-801.64,40.48,0.00,0.00,527786.78,16426.98,32056.95,7414.36,7191.95,4968.30
03-27-2024,3110.17,456.95,368.22,2.53,8.44,-23.85,535541.40,16903.46,32553.04,7419.83,7198.67,4929.40
03-28-2024,-4130.88,-217.11,21.75,32.91,122.40,-134.73,532012.76,16698.68,32623.62,7458.62,7324.70,4822.68
04-01-2024,104.70,-566.45,65.33,0.00,12.67,0.00,531045.98,16005.08,32246.04,7420.35,7347.81,4900.14
04-02-2024,-313.46,30.79,85.93,60.49,2.11,0.00,526904.14,15981.73,32284.39,7482.33,7347.82,4910.00
04-03-2024,3189.80,-176.47,-53.63,52.94,16.91,0.00,530695.71,15822.63,32271.66,7536.76,7365.32,4902.17
04-04-2024,-1453.92,361.00,-161.09,10.09,2.11,0.00,522782.01,16207.63,32173.51,7549.84,7369.60,4878.16
04-05-2024,-564.21,-130.77,-204.45,116.03,-21.15,0.00,528008.04,16055.94,31754.64,7670.44,7348.00,4855.73
04-08-2024,-1089.07,-122.92,-566.47,45.43,21.15,0.00,526730.04,15938.90,31201.07,7717.40,7373.40,4861.25
04-09-2024,466.58,361.20,-470.48,10.10,57.13,0.00,528032.91,16333.35,30897.51,7729.03,7433.53,4895.84
04-10-2024,-7840.54,-1178.22,-376.27,0.00,10.58,0.00,515285.29,15048.65,30098.48,7730.56,7440.64,4883.38
04-11-2024,-385.76,-497.03,-1038.98,47.98,-42.31,0.00,518741.35,14533.71,29003.92,7780.08,7397.28,4917.82
04-12-2024,-1528.63,-15.27,-793.61,27.79,-33.85,0.00,509751.56,14494.82,28247.36,7812.50,7362.46,4776.62
04-15-2024,4392.07,-236.37,603.94,35.38,0.00,-63.16,507974.73,14205.08,28595.53,7850.99,7367.28,4723.58
04-16-2024,-4515.97,37.98,-21.00,22.76,-74.07,-7.91,502424.21,14188.84,28424.84,7875.31,7286.96,4667.59
04-17-2024,-1183.32,287.56,-240.27,37.94,-160.71,-31.33,498343.93,14498.09,28378.48,7914.81,7125.04,4647.06
04-18-2024,1576.99,-53.05,-294.51,20.24,-112.06,0.00,498848.17,14433.68,27991.05,7936.61,7013.12,4684.82
04-19-2024,5520.10,-60.58,167.74,177.10,0.00,0.00,499975.93,14400.64,28202.57,8118.52,7014.88,4672.63
04-22-2024,-1634.18,-37.94,-84.00,5.06,0.00,0.00,502686.20,14415.35,28164.69,8126.79,6972.28,4767.75
04-23-2024,-3621.54,99.00,462.75,65.84,42.04,0.00,505038.59,14577.96,28704.44,8194.25,7020.43,4834.24
04-24-2024,75.83,-382.42,-221.45,75.99,37.87,0.00,505222.42,14175.65,28372.74,8271.88,7061.84,4905.15
04-25-2024,505.61,236.77,-178.58,0.00,6.31,0.00,503424.58,14361.01,28083.93,8273.51,7065.77,4924.21
04-26-2024,-3045.01,-121.77,-41.85,60.82,58.92,0.00,505487.44,14298.29,28154.95,8339.26,7127.39,5019.46
04-29-2024,-1093.16,298.04,-231.12,35.50,61.04,0.00,506020.77,14640.95,28056.28,8376.41,7195.18,5053.53
04-30-2024,2244.37,-229.96,-42.22,10.14,2.11,0.00,500291.77,14365.17,27857.90,8388.21,7199.46,4973.13
05-01-2024,-426.77,-450.82,-10.50,20.29,18.97,0.00,498152.70,13875.04,27865.94,8365.40,7221.31,4990.09
05-02-2024,-1426.04,198.11,210.07,65.61,48.49,0.00,501262.83,14119.02,28215.23,8432.68,7274.27,5244.61
05-03-2024,-2070.22,466.30,316.67,323.07,149.79,0.00,505473.89,14663.71,28716.81,8760.96,7432.48,5280.04
05-06-2024,-460.16,222.88,212.48,189.41,133.06,0.00,510234.01,14912.52,29015.25,8952.14,7575.72,5285.29
05-07-2024,413.26,115.48,-42.62,118.72,152.28,0.00,511357.86,15023.04,29024.40,9074.46,7735.39,5235.35
05-08-2024,-103.46,-76.96,-352.26,73.28,46.57,0.00,511250.36,14909.98,28574.50,9149.55,7784.43,5194.52
05-09-2024,439.69,199.62,-74.47,25.27,23.29,0.00,514391.68,15121.34,28559.51,9180.27,7810.26,5299.35
05-10-2024,-702.02,-115.25,394.44,207.38,23.30,0.00,514613.75,14984.78,28845.71,9393.22,7839.47,5336.32
05-13-2024,4037.38,145.78,-95.59,2.53,21.20,117.18,518532.61,15140.76,28785.32,9397.60,7866.93,5562.55
05-14-2024,755.21,268.73,223.31,20.25,6.36,0.00,521872.09,15415.10,29103.75,9421.57,7873.51,5537.42
05-15-2024,-2276.90,553.01,501.42,20.26,57.29,0.00,525768.63,16038.63,29855.09,9443.69,7934.06,5548.14
05-16-2024,26.48,385.73,0.00,30.39,6.37,0.00,524808.86,16418.25,29798.23,9475.95,7941.50,5676.01
05-17-2024,872.27,115.68,-64.43,98.79,8.49,168.87,526310.55,16522.78,29670.25,9582.30,7950.60,5886.60
05-20-2024,4498.91,277.43,342.88,10.14,19.11,160.63,531338.39,16812.86,29961.51,9594.33,7915.28,6013.13
05-21-2024,2596.08,370.19,-310.20,45.64,25.30,37.58,535279.81,17198.22,29729.45,9641.87,7942.36,5952.63
05-22-2024,-663.93,192.98,-268.12,0.00,63.27,0.00,533177.60,17354.57,29419.85,9645.67,8007.14,5904.05
05-23-2024,-3496.13,-300.41,-888.91,0.00,21.09,0.00,525798.82,17014.37,28416.09,9647.57,8029.53,5799.75
05-24-2024,-525.83,53.79,-373.33,142.10,0.00,0.00,528950.67,17066.52,28098.23,9795.46,8031.50,5789.64
05-28-2024,450.09,-161.37,235.13,0.00,31.65,0.00,529531.60,16897.34,28178.83,9797.39,8069.93,5786.19
05-29-2024,3707.53,-253.46,-425.18,0.00,0.00,0.00,529324.42,16582.84,27592.13,9799.32,8069.81,5707.80
05-30-2024,2865.38,76.52,73.97,0.00,10.56,0.00,529068.72,16682.44,27836.30,9801.25,8081.40,5731.36
05-31-2024,548.81,229.89,265.82,35.57,27.46,0.00,533903.57,16963.91,28237.86,9842.62,8114.19,5627.52
06-03-2024,-1001.12,376.63,331.20,15.25,40.16,0.00,533555.79,17320.46,28667.63,9809.40,8161.25,5666.43
06-04-2024,-2822.40,261.04,-343.07,88.53,44.42,0.00,531556.40,17596.98,28432.99,9897.93,8208.57,5709.52
06-05-2024,-2800.36,184.42,107.62,70.83,14.81,0.00,535012.11,17826.69,28625.77,9970.73,8229.14,5735.57
06-06-2024,-775.20,-200.30,-388.59,30.36,0.00,0.00,534136.43,17626.77,28222.77,10003.07,8231.44,5751.24
06-07-2024,3420.93,-408.31,550.21,88.57,33.89,0.00,537054.02,17160.04,28512.28,10095.62,8264.65,5646.06
06-10-2024,2509.89,76.78,459.70,58.22,19.06,0.00,540995.81,17235.22,28918.08,10155.85,8289.24,5685.55
06-11-2024,-2757.50,-7.68,256.10,22.79,0.00,0.00,539696.23,17249.63,29301.34,10180.65,8291.07,5580.34
06-12-2024,-8294.91,153.74,-182.20,70.91,29.68,0.00,535918.68,17507.44,29297.08,10253.58,8325.01,5604.51
06-13-2024,-2274.09,38.66,-21.57,32.93,6.36,0.00,534897.39,17535.69,29433.70,10288.54,8327.46,5595.54
06-14-2024,-2903.56,-633.73,-173.46,60.80,-33.92,0.00,531911.96,16832.03,29256.32,10355.48,8284.33,5568.36
06-17-2024,-9224.86,38.48,314.35,0.00,-42.35,0.00,526745.37,16875.73,29431.41,10355.48,8239.67,5608.89
06-18-2024,-1230.42,69.29,420.76,45.63,,0.00,526848.98,16996.50,29998.21,10405.21,,5605.87
06-20-2024,1480.25,38.61,-97.57,20.29,-14.82,0.00,527001.90,17011.66,29772.75,10427.55,8224.84,5631.65
06-21-2024,5796.75,-131.10,313.06,30.44,2.12,0.00,530278.92,16890.08,30077.81,10462.11,8224.76,5562.14
06-24-2024,4027.65,-154.32,345.35,10.15,0.00,0.00,532702.04,16767.56,30532.87,10474.33,8172.36,5595.81
06-25-2024,6158.99,108.23,-108.31,25.38,37.85,0.00,540977.94,16869.61,30400.26,10499.71,8210.10,5556.23
06-26-2024,-354.10,-85.00,497.83,20.30,54.68,0.00,541473.82,16755.66,30682.94,10522.08,8263.48,5553.51
06-27-2024,1063.98,200.57,-53.74,17.77,16.82,0.00,543033.81,16968.98,30727.45,10541.93,8285.04,5447.11
06-28-2024,5160.92,-169.84,323.45,73.63,14.73,0.00,546016.88,16805.40,30837.83,10621.83,8304.09,5449.28
07-01-2024,27.20,-231.69,374.77,0.00,0.00,0.00,547519.24,16460.91,30923.63,10565.39,8309.97,5474.80
07-02-2024,-5154.30,7.67,106.08,20.22,12.64,0.00,545740.82,16479.64,31193.40,10585.60,8324.14,5496.22
07-03-2024,-2442.27,92.11,-234.62,30.32,0.00,0.00,546071.92,16603.21,31151.43,10620.13,8325.73,5588.12
07-05-2024,-4881.89,299.92,-118.04,103.65,4.21,0.00,544218.04,16946.43,31237.74,10730.14,8333.96,5514.06
07-08-2024,1775.08,53.97,-486.06,10.12,4.22,0.00,546563.31,17021.52,30781.45,10746.63,8343.44,5468.02
07-09-2024,3720.45,-92.63,21.62,0.00,48.52,0.00,550702.56,16931.98,30733.82,10748.75,8393.78,5529.19
07-10-2024,305.64,131.26,161.81,27.85,33.76,0.00,556694.38,17088.56,30927.71,10778.72,8433.76,5519.69
07-11-2024,3874.00,463.94,388.76,86.09,4.22,0.00,555682.03,17618.31,31501.71,10866.96,8440.60,5617.10
07-12-2024,3144.53,302.69,477.96,101.30,31.68,0.00,561901.68,17953.93,32090.31,10974.75,8477.21,5685.53
07-15-2024,307.79,-15.55,119.90,134.30,10.57,0.00,563854.50,17955.59,32085.86,11109.06,8492.94,5570.66
07-16-2024,-2104.71,62.26,86.87,10.14,35.95,0.00,565337.95,18079.87,32321.74,11121.39,8533.43,5559.77
07-17-2024,6297.96,-132.77,239.99,263.59,6.35,0.00,563689.65,17936.05,32575.84,11387.22,8540.10,5487.96
07-18-2024,2339.35,-577.58,21.83,5.07,10.58,0.00,561608.82,17349.13,32484.52,11394.54,8552.56,5461.36
07-19-2024,5498.75,-218.42,-152.25,50.71,44.45,-67.84,563090.90,17106.01,32205.68,11449.76,8597.31,5363.21
07-22-2024,-987.70,-93.48,97.49,5.07,61.38,-25.30,568184.83,17052.15,32301.56,11459.35,8601.16,5428.37
07-23-2024,-3217.03,23.42,389.96,50.75,52.56,0.00,564086.68,17095.43,32657.75,11510.10,8657.48,5324.56
07-24-2024,5510.27,-140.70,10.82,35.52,0.00,-117.76,556429.51,16922.17,32487.88,11547.90,8653.22,5156.81
07-25-2024,-1325.43,-296.47,742.52,38.07,-10.51,-116.63,552258.79,16641.28,33322.30,11588.25,8641.11,4976.62
07-26-2024,-2825.66,62.47,-194.24,91.39,0.00,-164.52,555555.13,16730.89,33311.86,11693.44,8644.25,4842.05
07-29-2024,2285.72,-140.79,-336.37,27.96,-10.51,-190.37,558300.87,16584.10,33045.57,11730.62,8641.87,4640.96
07-30-2024,-1824.63,172.02,-141.36,0.00,-48.41,-156.90,553724.34,16754.02,32927.57,11730.62,8594.95,4438.17
07-31-2024,-5202.94,-117.27,108.82,0.00,-105.25,-24.52,557214.39,16687.39,33284.21,11730.62,8491.36,4503.50
08-01-2024,3083.15,164.68,32.89,0.00,-298.98,0.00,552653.18,16751.93,33265.96,11672.97,8191.55,4440.11
08-02-2024,298.68,38.98,-864.76,80.99,-490.52,-164.45,542803.62,16726.35,32753.47,11760.93,7681.07,4252.48
08-05-2024,3864.86,7.77,-77.46,5.07,-247.78,0.00,530324.79,16617.70,32528.54,11761.35,7396.25,4233.24
08-06-2024,-3335.60,-516.65,958.34,-243.02,-119.09,-40.70,532444.31,16220.02,33348.50,11520.60,7304.95,4197.71
08-07-2024,-1724.25,-807.89,-153.58,0.00,-96.48,0.00,526637.05,15436.53,33050.09,11520.60,7221.06,4213.01
08-08-2024,-959.19,-210.07,87.38,0.00,-23.11,0.00,537779.39,15246.77,33119.75,11520.60,7199.74,4299.79
08-09-2024,-397.81,0.00,-469.40,10.13,-29.42,0.00,539950.45,15246.18,32806.30,11533.00,7171.17,4282.40
08-12-2024,-53.30,38.95,65.81,20.26,-136.61,0.00,539991.95,15299.77,32940.03,11555.55,7039.92,4318.71
08-13-2024,-1199.35,124.77,-1220.00,0.00,-98.86,0.00,547860.60,15454.11,31913.97,11553.26,6944.87,4348.19
08-14-2024,379.41,218.76,674.55,70.91,-88.39,0.00,550348.28,15701.32,32743.06,11626.47,6859.14,4270.40
08-15-2024,843.36,-39.14,100.00,0.00,-37.90,0.00,560231.18,15686.82,32765.81,11628.77,6825.09,4321.72
08-16-2024,-995.44,376.30,-243.86,0.00,29.49,0.00,560421.98,16088.77,32579.61,11633.35,6845.38,4387.39
08-19-2024,-1219.23,-188.45,-99.94,0.00,-12.62,0.00,564688.41,15939.79,32564.55,11635.65,6789.01,4428.37
08-20-2024,167.89,228.27,-278.33,0.00,0.00,0.00,563752.61,16182.40,32382.15,11640.24,6794.91,4329.31
08-21-2024,-2150.38,244.23,413.15,10.14,-23.01,0.00,564003.21,16444.62,32870.73,11652.68,6776.97,4372.30
08-22-2024,3253.38,-118.31,-134.30,12.68,-29.31,0.00,562209.31,16317.54,32575.32,11667.66,6751.34,4344.94
08-23-2024,-1640.01,362.61,367.52,30.44,0.00,0.00,566997.25,16746.64,33128.27,11705.02,6754.39,4382.76
08-26-2024,1743.17,63.31,-1019.16,17.77,0.00,0.00,566961.99,16817.56,32078.00,11725.10,6760.92,4303.70
08-27-2024,-3979.93,0.00,55.94,20.31,4.20,0.00,563920.98,16815.88,32114.73,11747.73,6787.83,4319.76
08-28-2024,1263.35,39.59,33.55,40.63,-39.99,0.00,561815.29,16846.56,32093.45,11790.68,6749.65,4248.75
08-29-2024,-1200.00,39.56,-111.63,15.24,10.53,0.00,560621.25,16902.48,31937.79,11808.24,6758.95,4288.53
08-30-2024,-2902.37,-118.81,902.95,101.62,,0.00,563409.99,16785.13,32712.35,11919.24,,4321.55
09-03-2024,2960.18,134.66,288.70,0.00,,0.00,554472.79,16802.63,33041.21,11855.95,,4269.60
09-04-2024,-910.80,-306.79,222.35,0.00,4.21,0.00,552696.91,16538.01,33464.77,11858.30,6796.91,4253.45
09-05-2024,-2452.56,-449.53,-626.35,0.00,-48.44,0.00,548605.65,16132.08,32941.63,11858.30,6755.77,4252.60
09-06-2024,1263.84,-332.13,-807.83,111.30,-132.84,-57.80,540466.01,15789.10,32151.75,11976.69,6623.43,4136.51
09-09-2024,2268.41,63.22,-1111.39,0.00,-25.30,0.00,549056.51,15880.84,31127.87,11979.06,6602.87,4142.34
09-10-2024,-2677.31,-134.58,-562.89,40.50,-40.09,0.00,548828.85,15733.94,30645.07,12019.56,6563.31,4118.95
09-11-2024,-7217.23,205.67,-101.59,30.38,-21.10,0.00,547373.09,15939.23,30539.21,12052.32,6542.70,4153.27
09-12-2024,1469.89,110.74,598.14,0.00,6.33,0.00,552952.09,16080.86,31125.13,12054.70,6551.61,4161.10
09-13-2024,-2291.20,340.80,112.81,111.43,42.23,0.00,553718.68,16454.66,31330.82,12173.34,6596.34,4165.84
09-16-2024,1011.48,71.47,497.85,0.00,0.00,0.00,555535.89,16574.27,31985.36,12175.74,6599.21,4186.22
09-17-2024,2025.90,-79.65,-477.56,50.69,10.57,0.00,557720.99,16515.13,31476.76,12228.84,6611.41,4221.54
09-18-2024,-1125.82,-215.31,-363.50,0.00,14.80,0.00,554997.34,16318.52,30994.83,12231.25,6629.21,4204.48
09-19-2024,4434.22,-630.71,-101.84,0.00,12.69,0.00,568931.04,15745.68,30943.89,12233.66,6643.35,4341.26
09-20-2024,4167.02,64.10,147.35,71.01,69.80,0.00,570235.00,15785.80,31046.43,12311.95,6712.13,4339.87
09-23-2024,255.59,64.01,667.79,38.06,86.70,0.00,572097.29,15844.22,31722.11,12352.45,6748.68,4402.10
09-24-2024,9397.95,79.98,-226.42,109.13,60.87,0.00,582957.61,15924.60,31566.46,12464.04,6806.41,4724.69
09-25-2024,3625.88,103.98,-465.21,20.31,-23.08,0.00,585493.42,16019.84,30895.92,12489.26,6783.22,4661.65
09-26-2024,2308.27,71.95,-687.58,10.16,79.73,55.06,590209.59,16091.26,30214.78,12499.42,6862.73,5101.08
09-27-2024,-543.66,7.99,56.37,20.32,8.39,99.24,588941.04,16138.56,30383.25,12527.13,6875.86,5311.87
09-30-2024,-1829.04,168.28,486.58,35.57,4.20,283.84,589650.90,16301.31,30804.14,12562.70,6883.21,5625.56
10-01-2024,3817.41,96.13,-33.88,50.82,18.90,0.00,587950.54,16328.18,30762.36,12546.51,6903.71,5847.25
10-02-2024,-2445.45,39.88,225.78,0.00,42.02,52.96,585619.87,16357.56,30933.73,12551.47,6948.88,6158.43
10-03-2024,-5005.63,-350.75,101.42,384.33,2.10,0.00,579638.54,15997.52,30891.87,12938.36,6953.97,6088.01
10-04-2024,-738.23,-286.81,-426.25,0.00,8.41,0.00,584210.50,15696.53,30252.79,12946.04,6966.51,6248.67
10-07-2024,114.61,-971.08,-623.77,70.85,56.81,44.87,578731.63,14676.66,29517.14,13019.46,7028.28,6487.20
10-08-2024,-3206.88,198.33,-687.99,58.21,0.00,508.80,581100.02,14877.73,28848.71,13080.26,7033.76,6390.42
10-09-2024,1031.56,-357.07,-499.69,30.38,27.39,0.00,586286.18,14521.67,28285.89,13113.23,7068.52,6251.22
10-10-2024,-1644.95,-23.81,-121.87,48.11,71.72,247.98,583518.58,14486.41,28163.81,13163.93,7144.75,6574.01
10-11-2024,1238.55,-79.29,620.45,164.61,69.65,0.00,588294.49,14423.98,28765.89,13333.81,7217.61,6594.99
10-14-2024,5158.03,0.00,0.00,0.00,0.00,0.00,598022.03,14431.89,28776.72,13336.44,7222.26,6512.23
10-15-2024,7387.80,262.11,-365.52,0.00,107.76,0.00,600854.86,14711.72,28562.20,13339.07,7333.31,6179.99
10-16-2024,-4231.24,127.24,66.81,65.90,27.48,0.00,599420.02,14864.43,28685.83,13407.61,7364.04,6249.63
10-17-2024,291.17,-422.19,357.04,103.94,33.84,0.00,599613.19,14425.28,28858.84,13514.22,7394.27,6100.21
10-18-2024,-1077.15,63.65,-310.43,50.71,19.02,0.00,600940.86,14500.24,28518.49,13572.95,7427.41,6358.32
10-21-2024,643.04,39.81,-55.38,27.91,50.83,0.00,600509.72,14510.16,28167.25,13598.18,7424.77,6265.33
10-22-2024,379.30,-611.87,-569.92,38.05,12.62,0.00,600605.05,13878.40,27591.29,13641.60,7438.77,6337.45
10-23-2024,4928.58,-119.03,613.63,45.67,60.99,0.00,599980.32,13721.18,28108.23,13687.27,7500.06,6316.29
10-24-2024,-953.56,-71.22,-32.76,101.50,0.00,0.00,600309.81,13678.99,28153.04,13791.49,7500.16,6261.85
10-25-2024,-3156.38,142.74,-142.35,40.61,16.83,0.00,596974.89,13820.40,27958.33,13840.27,7519.40,6289.35
10-28-2024,-260.54,-626.40,808.80,33.01,63.12,0.00,598301.33,13208.57,28733.78,13878.75,7575.62,6358.69
10-29-2024,-1015.91,31.75,-43.67,30.49,29.43,0.00,598247.18,13236.88,28726.56,13909.24,7617.04,6322.43
10-30-2024,203.51,1007.84,513.76,0.00,0.00,0.00,596479.04,14248.60,29232.88,13911.98,7616.45,6231.97
10-31-2024,2926.67,-79.38,0.00,0.00,-21.05,0.00,588304.35,14141.54,29178.82,13914.71,7590.89,6189.67
11-01-2024,796.33,-237.67,-534.49,50.83,-4.21,0.00,591529.50,13847.28,28359.09,13905.10,7587.91,6240.36
11-04-2024,228.46,-291.94,-291.58,149.30,0.00,0.00,590123.00,13566.56,28276.86,14057.17,7589.83,6286.40
11-05-2024,2335.24,797.57,-141.44,159.45,4.21,0.00,599722.82,14361.04,28237.23,14219.44,7593.70,6434.91
11-06-2024,4525.96,631.60,371.26,50.63,338.85,-40.92,619518.75,15009.70,28335.46,14272.88,7945.19,6248.41
11-07-2024,1684.71,584.90,-302.82,50.64,134.91,-229.94,625828.14,15653.64,28347.80,14334.84,8088.41,6277.62
11-08-2024,3692.26,103.14,-98.43,81.09,97.07,0.00,632012.46,15797.50,28365.65,14424.46,8192.71,5988.12
11-11-2024,1674.08,0.00,0.00,45.64,0.00,0.00,634298.24,15807.69,28344.01,14472.95,8197.69,5997.35
11-12-2024,-2423.77,-644.72,296.28,0.00,131.03,-49.81,630084.52,15112.46,28360.86,14475.81,8333.29,5752.19
11-13-2024,3222.54,-111.06,-315.12,116.68,107.84,-19.27,633480.24,15005.99,27942.06,14603.99,8443.73,5720.16
11-14-2024,417.85,-39.68,75.78,50.77,93.07,-86.52,630140.78,14967.11,27994.19,14657.65,8539.09,5583.57
11-15-2024,5548.20,-388.86,432.68,71.09,48.66,0.00,627387.71,14530.96,28401.30,14731.64,8589.12,5567.64
11-18-2024,-4626.57,221.48,259.37,101.58,162.94,-47.51,625291.03,14774.70,28764.10,14839.06,8700.89,5596.30
11-19-2024,-6115.42,213.90,227.77,152.43,134.64,0.00,621633.34,15012.17,29033.97,14991.49,8839.92,5567.01
11-20-2024,-236.14,87.28,-195.51,60.97,75.77,0.00,621428.54,15094.90,28754.82,15070.24,8917.05,5590.20
11-21-2024,-4545.96,39.66,693.15,30.52,75.78,0.00,620263.28,15153.85,29442.75,15103.73,8999.34,5545.58
11-22-2024,1395.01,-198.56,530.60,48.34,46.34,0.00,623831.55,14952.98,29964.79,15140.15,9050.16,5416.43
11-25-2024,982.90,365.29,97.43,40.67,31.61,0.00,626700.75,15360.84,30459.91,15183.81,9089.23,5409.46
11-26-2024,-3465.47,199.08,109.69,0.00,10.55,0.00,626835.06,15545.69,30478.99,15186.80,9101.65,5379.29
11-27-2024,-270.43,294.37,-328.08,264.47,0.00,0.00,624221.81,15853.46,30242.50,15454.31,9104.48,5506.83
11-29-2024,3711.93,191.10,21.94,117.00,0.00,0.00,631506.84,16072.95,30479.42,15580.49,9108.06,5488.61
12-02-2024,301.05,63.81,640.74,142.52,19.00,0.00,633422.01,16079.27,31056.61,15655.05,9132.67,5519.48
12-03-2024,996.01,-413.31,363.82,70.95,25.35,0.00,634714.40,15676.23,31329.96,15729.11,9158.93,5548.34
12-04-2024,-5767.48,87.49,285.82,101.38,63.38,0.00,632753.68,15783.82,31771.11,15821.12,9223.42,5504.80
12-05-2024,6956.79,-55.75,-176.75,10.13,46.49,0.00,638554.23,15729.65,31587.50,15831.25,9271.46,5516.57
12-06-2024,1485.88,79.64,77.31,73.46,0.00,0.00,641700.03,15832.98,31719.94,15920.40,9272.35,5577.50
12-09-2024,6354.18,0.00,132.77,10.14,10.57,0.00,644172.86,15832.36,31764.01,15933.69,9291.42,5923.88
12-10-2024,876.40,39.88,319.96,121.73,76.16,-20.39,643153.49,15864.28,32046.16,16058.58,9368.63,5695.04
12-11-2024,-421.85,422.52,418.76,40.58,12.69,0.00,647972.47,16294.97,32379.49,16102.34,9384.01,5661.46
12-12-2024,243.02,-191.42,153.87,81.18,23.28,0.00,644714.07,16079.32,32323.20,16193.09,9409.01,5684.62
12-13-2024,8127.42,-501.73,294.84,27.92,97.37,0.00,652900.18,15542.38,32465.70,16230.60,9510.11,5598.93
12-16-2024,3172.70,79.46,347.81,0.00,48.70,0.00,658643.37,15627.73,32858.80,16233.80,9563.92,5527.13
12-17-2024,-9039.70,79.49,-272.10,132.11,23.31,0.00,647112.93,15677.58,32568.73,16365.90,9583.46,5461.13
12-18-2024,-10243.99,-428.44,-533.02,111.78,-46.59,0.00,618156.23,15122.30,31638.14,16480.93,9532.03,5414.81
12-19-2024,-14137.23,-228.17,-956.13,40.66,-188.40,0.00,603497.46,14820.30,30464.95,16515.08,9330.56,5435.65
12-20-2024,22711.40,70.46,-160.00,0.00,4.23,0.00,630919.80,14930.70,30398.70,16521.58,9336.34,5462.29
12-23-2024,-3188.75,-235.50,107.00,0.00,0.00,0.00,632340.99,14683.97,30388.81,16440.31,9285.62,5494.71
12-24-2024,-2825.52,39.22,-266.48,0.00,,0.00,636461.85,14725.07,30176.03,16443.56,,5538.71
12-26-2024,1383.24,,,0.00,,,637637.65,,,16446.81,,
12-27-2024,-2224.49,-86.35,-385.05,101.18,0.00,0.00,628438.87,14646.91,29732.83,16557.80,9293.83,5513.38
12-30-2024,4756.93,-164.83,-511.54,0.00,0.00,0.00,626423.06,14657.82,29107.06,16561.07,9297.30,5463.44
12-31-2024,2558.91,31.40,0.00,20.25,0.00,0.00,626343.43,14707.93,29039.11,16584.60,9299.07,5450.71
01-02-2025,-439.34,-172.94,-256.42,40.51,42.12,0.00,624531.94,14557.18,28782.70,16628.40,9346.33,5355.75
01-03-2025,-1899.64,-267.68,-203.00,40.52,37.92,0.00,630517.40,14318.53,28510.15,16675.50,9390.39,5388.17
01-06-2025,-1834.91,15.78,31.97,197.61,37.95,0.00,632209.35,14365.20,28477.85,16876.44,9441.27,5316.38
01-07-2025,1577.35,-7.91,-74.44,380.10,31.67,0.00,626756.78,14335.50,28248.50,17259.94,9477.05,5266.58
01-08-2025,-4709.00,268.40,253.82,288.93,12.67,-27.29,623028.93,14579.57,28557.81,17555.80,9494.00,5195.64
01-10-2025,1621.27,-346.76,-190.74,0.00,40.15,0.00,615144.09,14193.35,28183.46,17566.19,9530.94,5068.80
01-13-2025,-1480.48,-353.65,231.62,109.09,21.12,-70.40,614628.61,13818.57,28377.29,17675.28,9551.11,5009.76
01-14-2025,755.94,659.15,-431.07,25.37,6.34,-194.04,616089.44,14512.77,27943.55,17718.09,9558.96,4916.18
01-15-2025,640.38,723.67,399.49,157.45,69.71,-90.04,628076.81,15331.35,28693.53,17879.06,9637.84,4873.31
01-16-2025,-3260.79,411.58,266.07,132.08,74.01,0.00,623506.56,15748.90,29033.07,18014.69,9714.05,4878.67
01-17-2025,6567.07,-348.39,170.72,223.56,12.69,0.00,636370.18,15429.68,29206.53,18256.20,9730.11,4961.22
01-21-2025,-6871.72,-111.06,42.68,0.00,44.43,0.00,635031.00,15359.17,29424.64,18259.79,9725.85,5008.38
01-22-2025,-3737.31,-405.65,193.23,91.57,67.37,0.00,635174.43,14957.28,29548.89,18354.96,9797.79,4973.01
01-23-2025,-1182.67,-318.24,53.55,50.88,31.59,0.00,637366.12,14624.32,29522.28,18409.46,9830.99,4973.01
01-24-2025,-1737.72,55.64,138.85,231.55,18.96,0.00,633870.04,14698.43,29736.12,18648.33,9853.88,5087.71
01-27-2025,6232.40,143.24,-85.66,152.73,44.25,0.00,630781.80,14834.21,29835.97,18801.06,9894.08,5131.66
01-28-2025,-3265.56,-39.77,312.48,10.18,10.53,0.00,633294.11,14816.76,30151.25,18814.94,9903.18,5177.76
01-29-2025,-30.24,207.12,-193.97,305.52,280.12,0.00,630305.28,15021.99,29882.22,19127.97,10183.52,5174.54
01-30-2025,-2798.73,39.83,171.98,611.28,86.35,0.00,630822.02,15080.73,30115.72,19739.25,10272.16,5277.46
01-31-2025,-3358.07,-7.97,107.71,142.63,54.77,0.00,624339.22,15067.08,30139.25,19889.69,10326.66,5179.90
02-03-2025,4033.70,-31.89,440.38,112.11,-21.07,0.00,623628.95,14944.66,30514.15,19923.30,10301.68,5152.03
02-04-2025,-1015.75,-142.63,192.92,101.52,-4.21,0.00,627109.67,14818.84,30798.75,20032.71,10298.92,5290.32
02-05-2025,541.63,230.06,-311.75,187.89,2.11,0.00,630122.77,15083.01,30679.48,20224.58,10300.94,5213.92
02-06-2025,211.46,-127.22,-108.18,0.00,-2.11,0.00,632628.61,14958.25,30514.71,20228.56,10296.33,5283.57
02-07-2025,394.15,-310.14,140.37,71.12,-31.58,0.00,627054.35,14615.32,30520.47,20307.67,10264.75,5352.43
02-10-2025,-1141.27,-341.18,118.25,50.82,-50.53,0.00,630199.72,14298.45,30646.05,20362.50,10217.76,5474.70
02-11-2025,876.93,143.06,107.53,101.66,-69.51,0.00,631304.25,14423.35,30693.52,20468.18,10147.44,5431.82
02-12-2025,-695.75,-39.69,214.64,91.51,-21.06,0.00,628958.37,14358.29,30729.60,20559.70,10122.79,5561.54
02-13-2025,-2353.32,-71.32,64.02,549.07,10.53,0.00,633134.68,14326.64,31053.36,21100.46,10138.03,5548.67
02-14-2025,-2835.12,437.03,-570.28,121.97,14.74,0.00,630394.56,14791.54,30602.07,21234.96,10157.38,5727.70
02-18-2025,4024.64,71.65,-54.01,0.00,29.50,0.00,636063.13,14865.05,30415.14,21239.14,10194.08,5798.45
02-19-2025,-917.06,199.05,-301.14,294.99,132.86,0.00,636662.32,15052.75,30144.80,21538.36,10325.30,5757.71
02-20-2025,1562.73,294.37,-118.43,-50.87,23.19,0.00,635546.96,15358.70,30068.21,21474.82,10347.03,5846.69
02-21-2025,3936.19,-159.24,32.34,0.00,25.30,0.00,628608.02,15189.91,30220.61,21483.26,10369.73,5966.75
02-24-2025,4709.09,-79.57,346.37,0.00,4.22,44.53,630197.26,15127.43,30648.87,21487.49,10319.49,5794.20
02-25-2025,2536.95,7.97,-412.41,0.00,-23.06,128.76,629788.43,15152.26,30463.76,21487.49,10296.22,5964.10
02-26-2025,-326.78,191.40,-240.56,0.00,-67.09,0.00,629558.79,15382.38,30279.62,21495.94,10234.83,6115.06
02-27-2025,4605.37,39.98,164.32,50.89,-37.76,0.00,624130.08,15418.50,30335.56,21546.83,10196.93,6081.94
02-28-2025,-9094.25,-159.86,120.08,325.70,-48.25,33.05,624842.98,15256.73,30542.13,21881.12,10143.33,5937.39
03-03-2025,4545.36,399.60,-197.05,122.18,-10.48,85.58,618390.19,15579.93,30347.86,21912.54,10133.31,5959.92
03-04-2025,2130.81,15.91,897.74,81.12,-234.83,42.34,612960.55,15576.28,31123.44,21993.66,9881.23,6071.16
03-05-2025,-173.00,182.69,654.31,-50.70,-136.05,0.00,619623.04,15774.78,31686.84,21942.96,9753.85,6358.34
03-06-2025,-1049.58,-492.96,-304.47,162.24,-43.99,0.00,607590.77,15240.95,31297.73,22096.48,9707.17,6395.69
03-07-2025,-1632.34,-404.42,422.94,-20.27,-127.75,0.00,609384.79,14838.90,31651.42,22089.28,9580.40,6408.23
03-10-2025,9187.01,198.28,-302.99,30.43,-291.14,0.00,602035.34,15003.05,31478.80,22106.62,9278.92,6199.58
03-11-2025,700.74,79.13,-282.52,-30.41,-330.57,0.00,598191.09,15053.59,31035.51,22076.21,8934.59,6324.32
03-12-2025,-500.73,-229.04,-605.36,-20.27,-309.17,0.00,600614.41,14820.79,30323.18,22042.88,8624.57,6299.37
03-13-2025,195.68,94.75,-129.26,-60.78,-196.35,66.66,592533.79,14836.21,30263.99,21986.44,8411.41,6376.34
03-14-2025,-2095.26,518.36,205.14,81.06,-125.08,0.00,603076.98,15410.72,30460.05,22071.85,8289.37,6549.97
03-17-2025,1070.05,-157.65,-129.53,-70.94,8.34,0.00,608053.24,15279.97,30423.20,22005.26,8293.06,6694.41
03-18-2025,-8899.18,7.90,-433.07,-20.27,-72.95,23.37,592809.35,15276.62,30040.21,21976.31,8218.25,6710.79
03-19-2025,-11048.24,23.67,-238.59,70.92,-14.59,70.03,588027.17,15344.92,29961.50,21986.30,8204.31,6777.06
03-20-2025,-1190.42,364.04,-76.32,-90.94,54.18,0.00,585628.02,15726.71,29888.02,21895.37,8269.82,6586.29
03-21-2025,848.55,-134.69,-457.97,-454.68,0.00,0.00,585212.52,15569.52,29341.06,21444.93,8271.03,6464.70
03-24-2025,-1608.76,79.11,152.20,-121.27,25.04,0.00,593902.94,15701.07,29365.47,21332.10,8265.34,6480.83
03-25-2025,1378.66,-39.69,194.83,141.54,10.40,0.00,596241.03,15657.27,29595.32,21486.38,8278.95,6411.70
03-26-2025,172.61,142.84,-32.51,-80.93,0.00,0.00,589759.59,15743.74,29442.30,21409.69,8282.82,6399.85
03-27-2025,-455.16,-55.35,-226.65,-192.24,0.00,-33.05,587356.48,15662.36,29175.69,21255.19,8281.87,6458.57
03-28-2025,-3062.15,-505.24,140.11,0.00,-14.57,0.00,572777.86,15107.78,29482.61,21263.58,8261.90,6330.66
03-31-2025,-6503.90,739.65,54.20,131.82,-74.86,0.00,569468.28,15852.78,29612.25,21399.62,8175.11,6295.17
04-01-2025,1677.07,-149.55,391.21,-81.14,-89.29,0.00,573317.44,15659.00,29980.36,21217.59,8083.82,6310.10
04-02-2025,28.06,204.08,260.60,70.66,18.68,0.00,577217.01,15886.62,30275.52,21292.46,8099.35,6287.14
04-03-2025,-4717.25,393.04,576.16,10.10,-263.55,0.00,544827.77,16128.88,30884.51,21281.46,7789.82,6216.65
04-04-2025,9999.98,218.06,-533.24,-141.20,-616.83,0.00,521759.96,16161.95,30294.96,21140.26,7124.14,5860.79
04-07-2025,5991.24,-554.39,-901.57,-584.99,-161.87,-111.54,526526.48,15466.98,28855.64,20563.42,6927.09,5295.05
04-08-2025,756.63,-541.76,-522.52,-332.97,-373.06,0.00,519009.52,14915.15,28043.09,20150.25,6582.77,5201.82
04-09-2025,6504.18,-198.26,0.00,-261.30,10.24,-64.22,575495.12,14791.19,28174.43,19793.96,6647.62,5384.95
04-10-2025,-4077.93,605.44,1028.57,0.00,-175.48,-76.93,551749.03,15342.90,28925.13,19786.04,6436.83,5329.01
04-11-2025,-1417.52,-22.91,178.55,-29.99,-2.05,-183.43,560290.53,15346.40,29086.91,19811.38,6443.42,5293.06
04-14-2025,-2138.04,-198.91,-314.91,-80.21,-172.70,0.00,562583.32,15265.70,29042.34,19750.85,6293.24,5405.54
04-15-2025,-2343.58,-131.07,201.32,0.00,14.44,0.00,559324.48,15165.39,29337.54,19766.59,6315.05,5376.53
04-16-2025,1156.43,-463.54,-265.74,-145.64,-51.64,0.00,547944.29,14700.68,29200.99,19624.86,6260.76,5253.14
04-17-2025,5048.08,-61.80,-42.71,20.09,-97.05,0.00,553728.32,14702.05,29121.29,19656.69,6168.38,5285.30
04-21-2025,-947.78,-100.86,-170.61,110.57,-233.51,0.00,539808.99,14540.41,28650.53,19790.86,5895.24,5278.10
04-22-2025,-1928.20,-440.38,-443.21,-20.13,18.47,0.00,551389.92,14164.83,28308.16,19770.73,5923.58,5445.94
04-23-2025,632.52,-116.42,-656.61,211.34,-86.36,0.00,561220.29,14149.15,27797.53,20021.78,5871.79,5517.80
04-24-2025,-4447.83,62.54,-266.16,-98.32,53.77,0.00,568040.10,14234.36,27759.23,19923.46,5930.75,5552.87
04-25-2025,-2405.60,-172.25,-236.16,110.92,0.00,0.00,569798.67,14098.29,27676.27,20042.33,5936.19,5544.02
04-28-2025,-1900.10,-141.30,-313.03,-131.14,-33.15,0.00,568270.99,13966.50,27442.39,19919.08,5909.23,5527.87
04-29-2025,468.45,251.37,227.33,10.09,0.00,0.00,572036.87,14230.35,27714.24,19921.28,5912.72,5514.71
04-30-2025,-3880.16,487.45,108.43,221.94,-24.90,0.00,569040.63,14674.57,27710.33,20171.17,5885.86,5514.97
05-01-2025,860.52,-164.62,701.94,-315.69,-2.07,0.00,573492.79,14480.67,28198.62,19804.38,5887.87,5521.52
05-02-2025,-1005.61,-234.69,-85.74,136.03,26.99,0.00,580925.36,14271.51,28022.78,19956.24,5925.19,5696.00
05-05-2025,170.07,587.79,96.15,121.01,-2.08,0.00,577418.29,14857.38,28067.53,20077.24,5925.35,5684.69
05-06-2025,-1549.12,62.69,447.89,100.84,-10.40,0.00,571448.52,14917.17,28574.08,20182.09,5916.43,5733.47
05-07-2025,-1760.83,-274.21,267.15,342.92,129.03,0.00,572164.62,14645.16,28913.62,20537.22,6049.76,5619.38
05-08-2025,673.71,336.94,524.92,-50.46,156.19,0.00,576156.53,15015.81,29316.67,20490.82,6216.75,5693.07
05-09-2025,2004.60,-117.80,-437.40,80.75,73.02,32.04,577847.24,14896.49,28879.22,20579.72,6295.16,5704.61
05-12-2025,2059.95,-204.17,-149.36,323.14,93.96,31.93,598833.68,14796.88,28690.07,20927.70,6413.26,5922.89
05-13-2025,1369.55,363.79,330.26,-50.55,79.64,197.80,604562.67,15197.41,29038.68,20881.28,6496.83,6101.68
05-14-2025,-3610.18,-150.63,117.26,20.22,35.65,32.86,601592.83,15013.02,29023.69,20905.64,6537.30,6214.83
05-15-2025,-2409.35,466.68,445.70,-192.17,48.27,0.00,601804.21,15458.16,29643.70,20701.18,6586.05,6115.61
05-16-2025,-4633.20,300.16,224.17,90.97,37.78,0.00,601422.26,15780.38,29922.14,20796.27,6625.08,6087.85
05-19-2025,6092.79,181.93,524.01,-60.66,56.68,43.48,608135.43,15959.48,30459.48,20743.81,6630.18,6167.71
05-20-2025,2082.59,102.81,-246.07,50.57,37.49,32.81,607873.66,16074.73,30158.12,20790.27,6668.80,6234.32
05-21-2025,800.20,-63.32,-74.75,0.00,12.50,65.97,598891.40,15952.96,29773.91,20806.72,6677.84,6301.71
05-22-2025,-1749.64,-39.43,169.11,30.36,24.99,0.00,596887.55,15910.98,30065.45,20841.20,6699.85,6272.57
05-23-2025,-4547.13,39.42,-74.29,60.73,8.33,32.84,588402.59,15926.98,30008.41,20906.06,6703.48,6303.50
05-27-2025,1679.36,86.60,21.24,0.00,6.24,0.00,602180.26,16106.57,30311.05,20918.45,6721.19,6215.44
05-28-2025,2275.21,-87.11,364.42,81.04,-6.25,21.58,601099.28,16018.30,30606.26,21007.78,6717.02,6171.24
05-29-2025,0.00,-102.94,21.39,-60.80,14.59,0.00,603514.00,15947.26,30763.15,20951.11,6739.44,6230.03
05-30-2025,-2684.69,190.42,-139.64,-60.82,0.00,32.34,600832.27,16134.40,30683.92,20906.78,6741.03,6155.17
06-02-2025,147.51,269.70,-473.55,-121.73,0.00,0.00,603509.61,16328.21,30012.99,20699.00,6752.09,6195.33
06-03-2025,1510.95,189.50,299.38,131.33,2.09,0.00,608529.99,16552.34,30356.40,20834.45,6755.82,6258.86
06-04-2025,715.16,292.75,-278.40,0.00,0.00,0.00,609313.91,16874.96,30293.38,20842.70,6757.21,6359.12
06-05-2025,-2562.94,47.56,-420.59,121.30,-12.55,0.00,603603.42,16919.39,29790.99,20959.84,6743.17,6381.84
06-06-2025,-859.76,-348.69,-430.19,80.85,10.45,0.00,608991.13,16565.80,29197.07,21057.35,6754.40,6374.03
06-09-2025,3115.25,,,-121.37,8.36,,612718.31,,,20935.98,6765.16,
06-10-2025,3867.97,-15.84,-85.77,30.34,12.55,0.00,619977.29,16415.30,28961.07,20974.61,6777.99,6459.55
06-11-2025,994.92,87.23,0.00,60.71,0.00,0.00,619278.67,16534.12,29059.07,21039.48,6779.77,6495.15
06-12-2025,-2255.02,444.94,43.11,20.24,20.93,0.00,619381.07,16976.60,29259.58,21063.88,6797.48,6488.31
06-13-2025,-5161.10,23.83,-639.38,50.61,0.00,0.00,607395.50,16969.05,28449.09,21127.01,6792.71,6373.77
06-16-2025,-2178.79,15.86,21.54,0.00,4.18,0.00,610983.69,17018.13,28420.10,21135.35,6802.09,6383.14
06-17-2025,-1144.97,-365.47,-666.68,207.71,8.37,0.00,604776.15,16635.08,27859.52,21343.06,6810.68,6332.16
06-18-2025,0.00,-87.30,-21.59,20.26,,0.00,604606.73,16564.95,27860.09,21371.76,,6277.41
06-20-2025,597.45,87.39,-129.63,334.49,16.74,0.00,602135.67,16671.88,27743.69,21714.81,6831.23,6227.30
06-23-2025,2853.21,286.35,140.50,-162.24,4.19,0.00,610810.62,16993.84,27937.46,21556.82,6800.58,6293.22
06-24-2025,3270.76,494.19,682.19,60.85,10.41,0.00,620923.50,17543.08,28767.06,21621.94,6820.59,6449.57
06-25-2025,4065.73,55.97,663.94,30.43,22.94,0.00,624990.58,17617.00,29419.68,21652.37,6848.84,6436.58
06-26-2025,-879.90,88.04,511.36,81.15,43.82,0.00,629121.83,17738.50,30009.42,21737.81,6899.56,6454.81
06-27-2025,1009.30,-425.02,458.16,10.15,20.89,0.00,633461.13,17323.58,30412.44,21760.81,6925.56,6410.72
06-30-2025,-3228.39,80.24,-348.44,40.61,18.81,0.00,633538.92,17442.42,30248.74,21805.72,6951.56,6395.43
07-01-2025,4543.46,265.38,219.11,71.08,10.46,0.00,637382.66,17634.74,30399.23,21781.99,6964.57,6407.84
07-02-2025,-3921.00,-176.19,-535.62,141.54,12.56,0.00,636482.26,17468.93,29837.59,21927.87,6981.93,6382.65
07-03-2025,1675.15,40.07,-283.96,161.79,,0.00,643571.84,17515.33,29490.17,22102.77,,6362.67
07-07-2025,-938.53,-144.29,-130.78,0.00,33.53,0.00,637592.90,17349.72,29201.75,22102.77,7025.78,6354.08
07-08-2025,2079.62,-96.08,10.84,-40.47,8.39,0.00,639217.13,17237.49,29158.70,22066.66,7034.16,6404.79
07-09-2025,310.17,-63.99,21.64,131.56,0.00,0.00,643408.50,17192.51,29300.03,22202.61,7038.36,6341.04
07-10-2025,-3682.21,80.08,21.73,-50.61,-10.50,0.00,641570.68,17275.68,29347.89,22156.37,7032.81,6393.27
07-11-2025,1783.82,-72.08,-434.94,131.61,2.10,0.00,641229.28,17171.50,28725.49,22296.79,7037.84,6388.04
07-14-2025,-2682.49,-39.97,-226.87,162.05,18.91,0.00,639444.66,17142.13,28492.26,22463.27,7063.12,6443.39
07-15-2025,1155.72,-231.97,-550.84,-40.52,0.00,0.00,638125.13,16888.97,27858.88,22422.75,7066.18,6571.11
07-16-2025,1773.55,-95.87,-473.83,70.91,-2.10,0.00,641939.06,16798.54,27446.87,22498.11,7063.74,6553.67
07-17-2025,2184.99,143.85,-453.31,303.96,-21.04,0.00,647588.55,16968.89,27012.95,22802.07,7044.67,6602.86
07-18-2025,2259.51,80.04,270.02,30.40,12.63,0.00,649824.45,17064.81,27331.81,22845.98,7058.77,6670.81
07-21-2025,-4456.09,184.27,-64.92,81.10,0.00,0.00,646283.93,17284.87,27383.83,22927.09,7021.74,6711.53
07-22-2025,31.43,80.28,76.07,-50.69,-12.56,0.00,646739.91,17383.04,27512.15,22880.91,7009.05,6789.33
07-23-2025,-3207.50,-241.10,217.75,101.40,10.47,151.91,648562.44,17148.78,27684.18,22986.84,7020.92,7027.22
07-24-2025,6845.44,0.00,0.00,-10.14,4.19,0.00,655867.64,17148.78,27684.18,22981.23,7025.69,7027.22
07-25-2025,-1775.99,-217.07,-913.02,40.58,25.14,201.12,656719.10,16927.35,26845.73,23035.42,7051.35,7187.48
07-28-2025,2324.43,-120.57,-130.80,0.00,-2.09,11.76,659157.39,16815.18,26651.80,23039.96,7052.00,7182.74
07-29-2025,1337.57,-128.67,315.34,101.52,-10.48,0.00,658543.64,16692.43,27139.07,23141.48,7041.43,7162.31
07-30-2025,-2730.75,185.02,-317.35,-40.61,-8.38,0.00,654995.72,16843.69,26737.06,23105.43,7032.64,7081.50
07-31-2025,5549.83,-56.20,-207.26,101.54,-35.62,0.00,658159.58,16793.83,26553.23,23211.54,6996.94,7029.11
08-01-2025,-8120.89,24.09,-87.35,213.28,-16.76,0.00,639674.77,16702.37,26555.18,23337.17,6974.80,6906.19
08-04-2025,-3980.16,374.89,964.05,80.94,-25.13,0.00,645076.78,17133.49,27568.04,23418.11,6955.80,7030.08
08-05-2025,1546.14,352.11,-263.39,-20.24,0.00,0.00,643492.91,17491.49,27322.95,23402.50,6956.97,7079.90
08-06-2025,-502.42,128.08,582.04,111.32,0.00,0.00,647666.57,17629.58,27894.85,23518.47,6960.79,7134.59
08-07-2025,-316.30,168.21,318.36,91.10,0.00,0.00,646841.36,17795.20,28199.36,23614.23,6958.58,7109.84
08-08-2025,1738.26,168.18,87.78,50.62,0.00,0.00,653688.07,17960.24,28204.69,23678.88,6959.12,7108.95
08-11-2025,2898.68,64.06,-251.63,192.47,0.00,0.00,655007.38,18030.48,27982.61,23871.35,6961.55,7059.82
08-12-2025,-3368.36,104.13,109.52,-70.91,20.97,0.00,659041.84,18159.17,28098.44,23805.13,6983.23,7165.71
08-13-2025,128.55,713.85,394.36,0.00,10.49,93.67,661318.17,18921.47,28653.47,23809.83,6996.54,7466.04
08-14-2025,-3772.39,-40.21,440.65,40.54,0.00,120.42,657766.26,18857.64,28990.94,23850.37,6996.73,7470.28
08-15-2025,1096.62,-176.69,-362.25,101.34,0.00,0.00,657098.93,18683.72,28597.01,23961.16,6998.04,7509.61
08-18-2025,-1865.69,-136.55,175.44,0.00,0.00,0.00,655216.15,18552.56,28731.95,23965.89,6961.05,7533.01
08-19-2025,1350.98,-249.08,-142.35,0.00,0.00,83.70,652780.64,18306.14,28641.11,23970.62,6962.57,7577.19
08-20-2025,767.54,-112.50,-219.39,172.41,0.00,23.79,651976.16,18185.00,28429.42,24147.79,6962.99,7632.45
08-21-2025,-4083.70,-321.29,164.59,111.58,-4.18,0.00,645383.83,17845.08,28493.98,24264.16,6960.82,7659.70
08-22-2025,-540.27,304.91,382.69,162.34,0.00,0.00,654642.41,18226.64,29075.42,24436.13,6964.37,7831.72
08-25-2025,3097.27,-112.81,451.38,81.20,-2.09,36.77,654949.75,18133.24,29483.40,24522.16,6967.60,7892.89
08-26-2025,-160.63,-185.53,-43.97,50.76,0.00,0.00,657530.76,17968.69,29437.80,24577.76,6970.02,7897.76
08-27-2025,387.13,-234.20,65.95,60.92,-83.70,36.91,659487.53,17750.00,29513.45,24643.53,6887.46,7733.63
08-28-2025,-2619.37,121.24,384.86,203.12,-12.56,0.00,658951.70,17888.80,29965.06,24851.55,6877.12,7773.80
08-29-2025,8207.44,105.18,396.74,182.84,0.00,0.00,662953.38,17987.38,30241.75,25049.18,6878.92,7890.07
09-02-2025,-3771.61,-80.88,219.54,111.80,-8.38,0.00,654755.97,17772.15,30257.97,25057.01,6871.75,7929.89
09-03-2025,-2337.43,-8.03,-316.21,-80.98,0.00,0.00,655748.89,17797.18,30110.79,24976.03,6873.95,7896.53
09-04-2025,-4087.24,289.52,43.86,0.00,-33.52,0.00,657145.68,18125.65,30342.08,24980.97,6842.72,7773.54
09-05-2025,-1849.87,386.85,99.30,70.87,-10.48,0.00,653311.43,18554.15,30646.85,25066.68,6835.93,7903.81
09-08-2025,2491.38,-56.54,-177.73,141.82,-12.58,0.00,657213.99,18504.16,30605.56,25213.48,6828.83,8027.17
09-09-2025,4507.10,96.97,189.68,-20.26,-37.77,0.00,663513.98,18582.80,30710.92,25198.19,6791.78,8123.78
09-10-2025,-3869.05,32.29,-244.80,-70.94,-10.49,0.00,661625.22,18638.91,30586.07,25127.25,6782.74,8085.39
09-11-2025,-3228.45,72.75,245.76,10.13,-16.79,0.00,663973.69,18742.62,30943.75,25142.35,6768.20,8261.57
09-12-2025,3683.33,40.48,-381.19,40.54,0.00,0.00,667357.62,18775.92,30512.92,25192.83,6772.61,8245.07
09-15-2025,2366.79,-8.09,-123.13,30.42,2.10,0.00,673017.03,18795.16,30477.82,25228.23,6781.28,8292.55
09-16-2025,-2411.46,-113.47,370.45,10.14,0.00,0.00,669766.22,18686.88,30852.51,25238.37,6782.90,8357.52
09-17-2025,-11448.35,-97.29,325.59,-30.43,0.00,0.00,657689.42,18583.65,31096.66,25212.91,6784.13,8469.38
09-18-2025,-3098.32,-397.12,100.78,10.14,12.63,0.00,657725.23,18207.67,31115.07,25228.03,6799.37,8348.52
09-19-2025,1987.12,-219.08,-201.03,-91.31,8.42,0.00,661100.76,17990.97,30919.36,25146.63,6807.21,8330.42
09-22-2025,-763.33,89.27,480.32,0.00,0.00,0.00,663301.02,18084.11,31327.81,25146.63,6770.40,8308.65
09-23-2025,4067.15,64.93,144.88,60.90,-2.09,0.00,663693.85,18151.37,31538.30,25212.49,6769.44,8210.70
09-24-2025,5039.38,81.18,547.23,91.37,-6.28,0.00,666832.34,18217.17,31971.23,25303.86,6763.96,8336.56
09-25-2025,1057.91,40.55,189.18,101.52,-31.41,0.00,664549.17,18207.23,32084.00,25410.39,6729.76,8361.63
09-26-2025,-2434.17,40.44,-188.73,233.54,-16.75,0.00,666035.81,18256.61,31922.76,25659.08,6712.97,8298.89
09-29-2025,2117.69,267.05,-222.23,81.28,-12.56,0.00,669917.93,18547.77,31829.74,25740.36,6703.85,8452.30
09-30-2025,7531.03,486.18,-278.91,132.08,12.57,0.00,680289.28,19028.96,31515.31,25877.53,6717.50,8489.54
10-01-2025,-6796.35,623.77,-22.29,-30.49,-12.57,0.00,675814.24,19582.65,31475.80,25735.13,6703.11,8558.40
10-02-2025,568.31,306.74,300.72,10.12,0.00,0.00,676807.13,19894.79,31846.18,25750.34,6703.44,8635.94
10-03-2025,3746.54,72.67,0.00,70.84,8.38,0.00,680664.00,19969.82,31798.79,25831.39,6712.74,8592.16
10-06-2025,-3512.95,40.38,144.89,151.86,0.00,0.00,679667.18,20017.28,31855.69,25983.25,6715.33,8608.28
10-07-2025,4063.30,-250.42,-311.22,20.25,0.00,0.00,681128.61,19752.40,31593.96,26008.63,6715.01,8517.42
10-08-2025,-1739.57,24.22,367.37,-60.76,-18.86,0.00,683345.19,19766.60,31953.10,25953.00,6694.93,8531.16
10-09-2025,-1783.34,-669.64,-178.07,70.90,-178.06,0.00,679705.71,19029.99,31700.17,26023.90,6509.09,8414.57
10-10-2025,2852.29,0.00,-410.83,-70.90,-305.47,0.00,664142.19,18940.73,31399.38,25968.38,6187.15,7981.05
10-13-2025,783.62,0.00,0.00,0.00,0.00,0.00,675290.32,18967.42,31450.70,25968.38,6186.69,8205.95
10-14-2025,-5338.75,376.62,468.75,0.00,-29.21,0.00,668913.12,19394.68,32039.41,25968.38,6158.90,8128.51
10-15-2025,2284.49,-273.16,-123.23,-131.74,0.00,-50.41,673948.01,19196.17,31917.74,25811.14,6170.16,8134.43
10-16-2025,1828.43,-137.12,280.08,-313.84,-73.18,0.00,671526.04,19041.24,32286.96,25507.37,6096.20,8142.59
10-17-2025,2543.70,-338.44,157.28,-30.38,-100.35,0.00,677628.37,18677.60,32404.80,25487.05,5995.24,8114.16
10-20-2025,-3221.32,241.42,123.43,-10.13,0.00,0.00,681607.66,18963.94,32619.06,25486.97,5966.15,8238.51
10-21-2025,-1040.49,435.58,22.50,-91.22,0.00,0.00,680590.16,19412.65,32684.42,25395.75,5967.94,8158.38
10-22-2025,4128.52,-476.24,-270.40,-131.77,6.24,0.00,681074.92,18922.44,32402.80,25268.97,5976.82,8096.54
10-23-2025,-6677.32,-233.91,78.84,0.00,0.00,0.00,678333.41,18697.90,32437.47,25263.98,5980.26,8246.53
10-24-2025,-470.14,88.77,179.96,0.00,37.49,0.00,683241.26,18825.04,32669.21,25273.95,6024.23,8285.91
10-27-2025,2470.90,226.42,101.39,0.00,10.43,0.00,694135.99,19095.87,32836.14,25278.94,6043.10,8430.27
10-28-2025,548.22,8.11,-169.32,-202.84,18.79,0.00,696273.82,19106.51,32665.22,25081.04,6066.84,8375.09
10-29-2025,-755.53,72.96,-33.86,81.15,12.54,0.00,695489.85,19157.52,32433.92,25167.15,6081.81,8398.48
10-30-2025,2609.89,-348.17,583.38,131.90,0.00,0.00,691190.94,18770.77,32873.34,25304.04,6082.10,8281.91
10-31-2025,10472.26,-121.21,-33.51,40.59,0.00,0.00,703548.74,18640.17,32725.15,25354.62,6083.31,8154.49
11-03-2025,-1193.23,-8.08,333.93,-142.13,0.00,0.00,703600.42,18499.85,32838.81,25108.18,6085.69,8172.55
11-04-2025,-170.76,-152.36,431.22,60.66,12.55,0.00,695186.83,18325.07,33330.36,25173.82,6094.84,8072.94
11-05-2025,1856.38,-56.06,-398.77,-111.23,20.91,0.00,699589.19,18285.88,32820.55,25067.55,6117.49,8153.35
11-06-2025,982.40,-184.38,-386.38,10.11,112.94,0.00,692749.97,18095.48,32573.80,25082.62,6233.26,8228.60
11-07-2025,-1239.41,-264.46,55.44,20.23,54.40,0.00,692447.75,17820.36,32564.48,25107.82,6288.30,8159.07
11-10-2025,-1643.60,72.08,464.73,192.24,8.37,0.00,701519.26,17946.77,33054.48,25305.06,6302.20,8301.81
11-11-2025,-681.26,0.00,0.00,-192.28,0.00,0.00,702289.81,17947.28,33021.75,25117.74,6303.16,8298.55
11-12-2025,-34.13,56.24,-232.31,0.00,8.38,0.00,702722.99,18025.51,32914.37,25122.71,6313.30,8291.21
11-13-2025,1946.92,-136.74,-66.63,30.37,20.95,0.00,693035.10,17840.63,32695.63,25158.05,6334.33,8271.88
11-14-2025,-5878.69,64.17,-265.28,111.39,2.10,0.00,686950.70,17892.41,32362.57,25279.42,6334.64,8150.87
11-17-2025,4903.04,-521.06,198.54,-182.34,10.47,0.00,685589.11,17356.79,32574.94,25102.03,6348.04,8080.21
11-18-2025,532.45,8.01,176.56,70.92,0.00,0.00,680513.17,17351.56,32771.67,25172.95,6345.81,8020.99
11-19-2025,231.04,40.02,-452.71,60.79,6.29,0.00,683315.01,17402.32,32311.22,25238.73,6352.00,7961.93
11-20-2025,2219.78,88.09,320.13,-50.67,0.00,0.00,674974.79,17499.45,32700.80,25193.03,6354.92,7816.73
11-21-2025,-228.34,-160.25,-232.31,-20.27,0.00,0.00,681410.51,17346.23,32531.10,25182.69,6352.28,7836.40
11-24-2025,-4677.88,104.21,133.01,50.70,0.00,0.00,687189.19,17488.09,32782.66,25233.39,6321.30,7967.54
11-25-2025,-1973.66,586.42,378.22,70.98,27.10,0.00,691454.86,18110.79,33273.56,25309.36,6351.03,7983.25
11-26-2025,641.37,217.33,-156.27,-10.14,,0.00,696875.54,18357.90,33216.91,25309.20,,7962.72
11-28-2025,135.96,217.68,-145.54,-10.15,33.38,0.00,700758.23,18611.08,33020.47,25309.02,6389.84,7972.80
12-01-2025,3519.74,185.79,-89.43,0.00,75.15,0.00,700618.48,18686.57,32636.24,25219.26,6467.42,8065.75
12-02-2025,-815.87,265.00,288.03,-30.34,27.15,0.00,701536.95,18976.72,32964.94,25193.90,6495.76,7999.86
12-03-2025,-1363.16,249.27,354.94,50.58,8.35,0.00,702277.08,19255.02,33376.88,25244.48,6510.77,7930.48
12-04-2025,4067.58,-241.59,-244.44,0.00,10.45,0.00,707151.95,19008.61,33072.44,25224.51,6525.67,7952.28
12-05-2025,12661.54,152.97,-244.00,0.00,29.29,0.00,721308.16,19170.35,32776.95,25239.49,6566.13,8025.01
12-08-2025,685.83,169.15,-298.98,0.00,4.19,0.00,719547.35,19310.33,32432.33,25244.48,6574.56,7974.07
12-09-2025,-3451.70,120.64,-486.54,0.00,10.49,0.00,715474.25,19424.69,31908.47,25244.48,6586.86,7878.06
12-10-2025,-751.20,136.68,-176.72,0.00,23.07,0.00,719556.91,19561.12,31859.95,25249.47,6612.10,7924.34
12-11-2025,4640.83,538.67,-177.43,-424.96,12.59,0.00,725706.10,20131.90,31659.47,24824.51,6625.32,7905.60
12-12-2025,4650.50,249.64,-22.16,-344.01,31.48,0.00,722624.72,20352.38,31454.06,24490.18,6656.96,7899.29
12-15-2025,409.00,56.29,-88.14,-40.49,27.28,0.00,722001.80,20426.91,31389.79,24454.52,6687.35,7816.69
12-16-2025,-21475.95,169.02,132.31,-80.99,31.49,0.00,698885.80,20581.00,31586.36,24373.53,6718.01,7640.12
12-17-2025,-509.33,233.24,-165.72,-20.25,23.09,0.00,690314.87,20812.74,31414.41,24358.09,6740.38,7646.13
12-18-2025,-3154.94,72.38,-364.51,-40.50,12.59,0.00,692603.22,20923.54,31139.64,24322.39,6756.02,7713.81
12-19-2025,5615.62,-185.31,-265.87,0.00,21.00,0.00,702312.87,20654.97,30686.24,24332.00,6778.82,7779.80
12-22-2025,-2177.75,-593.81,-154.15,-10.13,0.00,0.00,704683.00,20078.52,30527.07,24221.05,6749.64,7820.31
12-23-2025,1780.92,-112.44,-143.11,0.00,25.10,0.00,709679.78,19972.36,30408.61,24221.05,6776.49,7789.02
12-24-2025,963.32,40.17,-99.16,0.00,0.00,0.00,712930.66,20021.29,30355.45,24225.85,6778.06,7785.53
12-26-2025,3555.05,,,0.00,0.00,,716330.37,,,24240.25,6780.53,
12-29-2025,5521.21,,,0.00,0.00,,719350.95,,,24245.05,6784.12,
12-30-2025,-1066.03,-193.13,-99.65,0.00,100.54,0.00,717296.48,19836.69,30167.53,24249.85,6886.22,7782.16
12-31-2025,-240.38,48.32,55.31,30.31,0.00,0.00,711833.91,19888.65,30132.06,24284.96,6887.45,7738.15
01-02-2026,-1397.72,-217.49,-275.73,20.21,8.38,0.00,711939.11,19675.94,29808.03,24314.79,6899.07,7978.95
01-05-2026,-3279.62,-217.55,-462.48,111.19,67.08,0.00,713162.90,19491.51,29422.63,24430.81,6973.38,8033.80
01-06-2026,-5156.97,-347.05,-77.28,101.10,60.86,0.00,712441.86,19157.90,29353.18,24546.47,7038.99,8066.57
01-07-2026,2041.12,-48.46,-220.87,0.00,44.10,0.00,712028.44,19116.12,29169.62,24551.33,7085.82,7973.24
01-08-2026,2034.11,-307.02,55.29,70.83,243.69,0.00,714116.30,18807.67,29135.65,24627.02,7331.13,8003.53
01-09-2026,-2723.84,-8.08,-440.95,151.80,92.45,0.00,716020.75,18821.85,28787.68,24788.61,7425.53,7999.16
01-12-2026,-1353.43,-56.62,-55.30,10.12,132.41,0.00,715852.85,18765.98,28700.42,24803.64,7561.15,8238.25
01-13-2026,4831.76,8.09,-265.13,20.25,86.21,0.00,719299.14,18787.45,28486.93,24823.89,7650.17,8163.78
01-14-2026,2359.19,-267.12,-486.96,10.13,67.31,0.00,717825.13,18510.09,28075.38,24838.92,7717.02,8149.56
01-15-2026,-1345.88,-32.36,-454.98,81.02,86.24,0.00,718343.07,18492.91,27600.04,24924.87,7805.22,8153.29
01-16-2026,-1072.59,-323.87,-421.37,20.26,35.77,0.00,716852.70,18170.53,27101.67,24964.82,7842.30,8031.29
01-20-2026,-2870.09,-299.60,342.78,20.28,39.98,0.00,699287.48,17833.96,27292.47,24990.03,7838.61,7918.70
01-21-2026,-5317.22,-24.24,-296.90,40.56,43.94,0.00,702016.39,17851.30,27128.74,25030.59,7881.81,8024.14
01-22-2026,-1027.81,24.30,386.76,149.56,14.65,0.00,704841.86,17900.03,27579.04,25185.12,7896.97,8081.37
01-23-2026,137.79,-24.33,199.37,43.10,23.02,0.00,705268.06,17871.22,27782.03,25238.17,7910.21,8053.87
01-26-2026,-861.57,64.87,199.39,40.58,-58.52,0.00,707928.18,17941.99,28018.50,25283.74,7847.00,8058.41
01-27-2026,3567.41,24.33,876.27,182.66,-146.20,-100.57,714397.91,17962.83,28844.58,25471.42,7691.00,8018.31
01-28-2026,104.33,40.55,11.07,50.75,-25.03,0.00,714448.76,17985.33,28831.77,25527.20,7655.16,8099.95
01-29-2026,-1599.59,97.22,-298.72,578.66,-74.99,0.00,711935.67,18060.95,28534.43,26105.87,7558.25,8132.83
01-30-2026,2604.69,-89.01,-1040.03,111.67,-99.70,0.00,711512.90,17973.85,27473.15,26145.23,7451.82,7936.06
02-02-2026,-4495.66,-242.78,-44.22,141.74,-2.08,0.00,710856.83,17662.02,27311.41,26292.16,7474.04,7839.74
02-03-2026,4311.46,-330.51,561.42,172.14,-120.75,0.00,709166.55,17314.91,27877.97,26464.30,7335.56,7740.13
02-04-2026,-3309.89,-72.48,594.55,48.10,-47.77,-12.23,702282.05,17242.34,28437.36,26517.64,7258.16,7645.68
02-05-2026,377.34,-112.75,186.94,81.02,0.00,-24.20,694064.08,17116.75,28760.79,26593.41,7251.52,7601.10
02-06-2026,-1253.70,-410.42,276.23,202.52,2.07,-12.07,706464.96,16740.36,29023.86,26806.51,7266.26,7764.66
02-09-2026,-2314.96,40.32,452.81,30.39,0.00,0.00,707514.07,16801.71,29498.20,26836.90,7275.56,7812.19
02-10-2026,312.45,581.32,-88.42,0.00,-26.95,0.00,705528.68,17396.95,29505.98,26831.60,7242.48,7819.39
02-11-2026,934.31,-8.08,33.26,0.00,0.00,0.00,706445.31,17379.11,29488.36,26836.90,7242.05,7804.20
02-12-2026,6713.01,0.00,442.77,10.13,-18.64,0.00,702058.49,17362.25,30095.35,26852.33,7219.40,7637.83
02-13-2026,-6063.49,0.00,200.34,20.26,-51.74,0.00,696437.10,17364.66,30352.92,26888.51,7165.99,7614.46
02-17-2026,647.64,-112.97,234.17,121.66,-55.87,0.00,697892.21,17251.52,30617.37,27010.17,7111.05,7628.51
02-18-2026,-2149.92,-112.97,223.24,50.69,2.07,0.00,699634.63,17174.46,30808.07,27060.86,7119.12,7673.45
02-19-2026,-1990.36,-137.46,-434.86,0.00,-60.07,0.00,695771.94,17031.91,30388.30,27066.20,7053.11,7635.45
02-20-2026,-855.61,40.42,379.30,70.98,-146.94,0.00,699748.33,17075.48,30770.45,27147.88,6902.31,7653.52
02-23-2026,-103.39,40.42,-133.88,20.29,-153.06,0.00,692408.65,17105.01,30665.02,27168.17,6693.56,7671.43
02-24-2026,-102.32,-161.60,491.35,0.00,-274.88,0.00,697635.16,16932.14,31143.87,27168.17,6381.56,7630.83
02-25-2026,-1237.27,40.37,111.63,0.00,124.41,0.00,702073.42,16981.59,31246.44,27173.52,6508.89,7655.00
02-26-2026,2945.14,-193.89,714.20,101.46,8.16,0.00,701245.36,16780.53,31978.90,27274.98,6520.18,7474.62
02-27-2026,-5272.87,-80.75,133.99,10.15,-130.65,-11.88,693019.74,16664.34,32120.23,27166.80,6369.86,7435.91
03-02-2026,-4392.58,136.99,435.57,-30.31,-113.97,0.00,688954.84,16718.71,32315.49,27152.61,6245.52,7381.82
03-03-2026,-1236.00,-200.46,-110.86,0.00,-154.41,-94.04,681262.78,16498.97,32206.43,27098.89,6083.18,7087.84
03-04-2026,-136.04,72.08,-975.62,-20.18,50.73,0.00,686407.72,16628.70,31248.61,27084.08,6177.43,7106.55
03-05-2026,-3084.73,-940.34,-499.18,0.00,-114.43,-45.85,679495.22,15654.46,30615.59,27089.45,6072.62,6933.65
03-06-2026,-2419.87,8.02,-242.98,111.01,-128.94,-90.05,668192.51,15605.64,30286.69,27211.24,5937.87,6932.66
03-09-2026,5247.15,599.29,-253.31,-60.58,38.85,-57.01,679083.09,16215.83,30179.21,27150.67,5981.24,6964.59
03-10-2026,-4782.36,215.89,996.01,-171.63,10.23,-127.05,672935.83,16469.15,31010.71,26979.04,6024.22,6966.67
03-11-2026,3384.88,-577.02,1144.88,-30.29,-106.99,-11.77,675777.68,15851.82,31879.17,26959.43,5920.28,6920.03
03-12-2026,7609.86,-583.55,327.41,20.20,-63.81,-58.55,673032.03,15192.53,32019.30,26963.60,5846.92,6777.19
03-13-2026,-4063.71,222.72,-390.61,-30.28,-43.16,0.00,665007.65,15369.82,31535.36,26927.98,5800.82,6784.88
03-16-2026,-165.56,356.88,551.73,0.00,43.14,0.00,671626.32,15766.67,32231.45,26965.33,5846.42,6897.12
03-17-2026,-8329.00,111.31,315.14,-50.53,26.71,0.00,664970.36,15922.27,32708.39,26920.13,5876.40,6848.88
03-18-2026,-1140.16,-119.60,-109.21,0.00,28.79,0.00,654822.11,15762.81,32480.60,26914.80,5905.20,6722.23
03-19-2026,66.16,-222.68,-1131.65,-40.42,28.79,0.00,653129.93,15492.42,31430.09,26879.70,5926.89,6626.46
03-20-2026,2441.28,317.14,-425.47,0.00,10.27,67.85,643900.50,15761.64,30664.09,26879.70,5937.60,6543.32
03-23-2026,15099.79,245.04,-485.53,-10.11,36.97,0.00,666584.52,16066.89,30365.78,26885.54,5951.11,6577.36
03-24-2026,-7505.68,698.22,-401.69,60.68,96.15,0.00,656617.76,16733.54,29910.31,26956.88,6045.51,6606.03
03-25-2026,-2808.20,39.60,54.19,-80.94,120.66,0.00,657374.26,16828.18,30092.76,26875.94,6175.25,6703.28
03-26-2026,1641.58,-341.65,-555.06,0.00,90.12,0.00,647550.33,16395.56,29297.71,26881.25,6260.64,6525.54
03-27-2026,-2613.09,-481.99,0.00,10.12,28.65,0.00,634171.24,15835.60,29197.75,26886.06,6277.43,6504.33
03-30-2026,1427.48,393.14,-656.25,-30.35,-22.47,0.00,633095.01,16273.20,28735.72,26855.70,6253.30,6497.04
03-31-2026,-2970.10,-15.77,790.69,-80.94,12.25,0.00,648531.41,16362.94,29678.50,26674.20,6272.61,6613.23
04-01-2026,-715.44,198.39,1121.38,0.00,8.18,0.00,652481.34,16541.25,30712.40,26679.49,6287.99,6644.52
04-02-2026,-1015.37,71.33,-151.99,0.00,,0.00,652236.77,16610.27,30677.34,26695.37,,6628.62
04-06-2026,3836.76,39.62,130.77,0.00,,0.00,659024.20,16698.31,30804.97,26700.66,,6587.51
04-07-2026,2174.06,-484.82,-152.55,0.00,12.29,0.00,661704.20,16204.51,30651.17,26700.66,6334.29,6536.49
04-08-2026,7054.61,452.77,326.89,-20.18,45.07,0.00,685522.20,16765.05,31094.10,26691.06,6403.71,6793.42
04-09-2026,135.17,247.84,896.84,0.00,8.23,0.00,689928.52,17043.09,31999.25,26696.35,6407.62,6794.19
04-10-2026,-374.03,-168.19,579.82,37.86,12.33,0.00,688833.78,16847.89,32508.18,26750.10,6409.77,6788.57
04-13-2026,-1630.40,-23.99,141.91,0.00,8.21,0.00,694188.91,16842.69,32762.60,26760.69,6413.26,6809.18
04-14-2026,651.93,208.13,328.61,20.21,94.31,0.00,703040.72,17112.85,33226.85,26786.20,6521.71,6875.61
04-15-2026,1249.81,433.85,-43.99,40.43,6.16,0.00,709958.16,17536.95,33132.41,26831.94,6533.63,6888.25
04-16-2026,2974.69,-56.21,329.46,12.64,16.45,0.00,714796.36,17470.29,33341.57,26849.89,6559.73,6986.04
04-17-2026,245.61,-698.17,251.68,10.11,24.71,0.00,723642.61,16827.98,33776.09,26865.31,6598.04,7037.84
04-20-2026,1526.92,-297.91,143.03,15.17,51.60,0.00,723464.82,16524.09,33901.24,26885.80,6617.80,7034.17
04-21-2026,2975.82,474.88,285.90,93.57,22.59,0.00,721831.49,16965.86,34072.85,26990.04,6644.82,6927.35
04-22-2026,-2886.53,80.33,-1885.02,0.00,51.38,-35.10,726471.17,17058.80,32244.12,26995.37,6699.94,6890.59
04-23-2026,-35.57,345.68,-230.55,0.00,8.23,0.00,723441.80,17377.55,31947.70,27000.71,6707.45,6765.74
04-24-2026,-3790.32,-545.81,-1380.46,50.62,4.11,-34.46,725411.37,16848.01,30589.49,27062.02,6712.74,6790.36
04-27-2026,1535.40,144.62,219.28,0.00,-2.06,0.00,727844.65,16991.19,30712.97,27067.36,6706.80,6712.55
04-28-2026,4397.39,184.77,262.32,0.00,20.55,0.00,728662.71,17159.47,30955.27,27078.05,6730.17,6661.19
04-29-2026,-782.68,-200.65,87.38,0.00,28.79,0.00,727589.30,16919.10,30894.46,27088.74,6759.39,6705.43
04-30-2026,3165.03,-80.07,543.53,-70.97,78.14,0.00,738258.36,16871.81,31465.23,26911.17,6836.74,6746.26
05-01-2026,467.06,-80.23,-892.17,186.81,24.67,0.00,740899.70,16736.65,30523.22,27119.45,6865.44,6746.13
05-04-2026,-3423.14,-231.90,-532.26,65.69,20.57,0.00,734524.76,16461.99,29899.60,27190.52,6888.86,6735.56
05-05-2026,2584.00,39.88,-454.83,0.00,20.58,0.00,743108.79,16524.34,29537.91,27195.90,6912.70,6730.60
05-06-2026,434.17,279.53,-304.18,15.16,37.07,0.00,754377.59,16843.62,29376.22,27221.83,6958.95,6882.21
05-07-2026,4148.03,-40.03,207.41,5.06,30.93,0.00,755649.00,16775.83,29461.74,27232.27,6991.75,6860.84
05-08-2026,767.95,-207.80,-184.82,10.12,51.56,0.00,762892.41,16581.25,29371.86,27253.16,7045.41,6857.92
05-11-2026,2581.74,31.99,196.32,-80.96,72.21,-70.22,766974.54,16598.33,29509.42,27177.57,7124.53,6812.95
05-12-2026,1995.54,143.85,-119.74,-40.49,4.13,0.00,767781.54,16698.90,29288.18,27137.08,7126.43,6764.78
05-13-2026,-3837.31,167.39,260.34,-20.24,18.58,0.00,768434.86,16882.83,29566.22,27122.20,7147.11,6939.60
05-14-2026,2078.39,151.59,-379.89,0.00,82.60,0.00,776420.62,17051.54,29191.16,27127.55,7233.80,6767.29
05-15-2026,-5048.82,-255.57,-1248.41,40.50,-12.40,0.00,761984.15,16721.81,27731.72,27173.42,7214.41,6596.25
05-18-2026,5578.47,-389.62,312.44,0.00,2.06,0.00,767043.76,16333.21,28020.30,27178.79,7179.41,6562.28
05-19-2026,-6054.64,-182.89,-10.76,-10.13,6.16,0.00,755962.24,16111.32,27876.93,27168.66,7179.96,6585.53
05-20-2026,2200.48,118.99,985.66,10.13,59.51,0.00,766350.28,16299.18,29076.30,27184.16,7240.27,6596.63
05-21-2026,-1964.75,-151.36,183.48,5.07,0.00,-56.87,765785.43,16158.63,29311.13,27194.59,7238.78,6437.86
05-22-2026,668.50,-63.77,-108.12,12.67,0.00,0.00,769341.53,16108.44,29258.75,27218.00,7240.41,6402.59
05-26-2026,1043.80,-183.50,292.48,0.00,-34.89,0.00,775130.17,15971.52,29675.48,27223.37,7212.23,6452.31
05-27-2026,1275.28,-96.02,-87.02,91.26,-55.46,0.00,776539.05,15879.18,29614.72,27314.63,7154.67,6385.04
05-28-2026,1050.41,200.09,43.55,48.16,0.00,0.00,782058.78,16089.72,29749.11,27368.19,7153.25,6327.37
05-29-2026,830.07,32.04,436.84,73.53,0.00,0.00,784628.32,16138.39,30220.05,27344.31,7154.36,6346.57
06-01-2026,-2117.59,-72.15,-164.00,40.42,-12.32,0.00,784620.19,15972.11,29932.84,27390.15,7144.73,6379.58
06-02-2026,1782.05,111.58,32.67,90.97,14.38,0.00,787437.69,16094.99,29974.73,27481.13,7153.87,6578.88
06-03-2026,4935.57,119.64,-435.68,275.44,0.00,0.00,786553.04,16180.87,29460.10,27756.57,7152.34,6453.77
06-04-2026,-75.37,222.86,-162.94,40.43,18.47,0.00,789794.60,16426.29,29346.66,27802.50,7169.95,6426.87
06-05-2026,8250.43,-135.49,-206.74,73.30,0.00,0.00,777088.82,16230.63,28979.56,27886.83,7163.73,6261.62
06-08-2026,-4680.23,-206.46,-64.93,10.11,10.25,0.00,774732.48,16037.35,28865.80,27896.94,7174.82,6241.72
06-09-2026,4139.86,39.74,162.05,0.00,-8.20,0.00,776896.31,16084.20,29113.41,27896.94,7161.38,6255.36
06-10-2026,1622.25,7.95,151.69,121.37,22.54,0.00,765953.87,16079.68,29218.21,28023.85,7174.52,6246.67
06-11-2026,-217.65,-47.67,367.80,40.46,6.14,0.00,779125.25,16078.24,29812.05,28064.31,7178.81,6250.57
06-12-2026,-1476.34,111.54,337.91,20.23,0.00,0.00,781588.07,16214.63,30121.09,28095.65,7186.31,6328.38
06-15-2026,-3041.83,159.59,805.84,73.37,0.00,0.00,791562.78,16418.61,30950.11,28169.02,7197.77,6334.56
06-16-2026,-12521.60,88.01,414.12,45.54,2.05,0.00,774646.23,16495.83,31405.44,28214.56,7200.60,6231.04
06-17-2026,-12750.98,87.96,512.88,98.67,24.62,0.00,752670.05,16554.85,31817.33,28318.83,7223.84,6128.16
06-18-2026,17375.88,-47.89,-206.68,101.22,0.00,0.00,776399.76,16513.17,31689.50,28436.89,7223.62,6092.62
06-22-2026,6686.45,15.97,87.24,15.19,-63.58,0.00,780226.53,16520.88,31674.41,28452.08,7125.66,6092.98
06-23-2026,3126.32,215.49,173.92,0.00,-8.16,0.00,772110.12,16722.93,31898.32,28452.08,7105.66,5960.14
06-24-2026,770.36,255.19,424.59,0.00,20.38,0.00,772123.19,16990.13,32491.78,28457.70,7122.67,5933.03
06-25-2026,4104.57,422.96,-372.09,0.00,16.29,0.00,776183.50,17409.49,32120.43,28452.08,7131.66,5840.44
06-26-2026,-1978.88,167.55,744.19,0.00,12.21,0.00,773853.64,17569.41,32873.18,28463.32,7136.56,5787.65