Symbol,Time,Open,High,Low,Latest,Change,%Change,Volume,"Open Int"
ERG21,2021-02-08,1669.75,1800.25,1582.75,1751.75,6.75,+0.39%,388,228
ERG21,2021-02-09,1740,1858.75,1740,1797.25,45.5,+2.60%,265,288
ERG21,2021-02-10,1787.5,1875,1698.75,1728.5,-68.75,-3.83%,328,336
ERG21,2021-02-11,1774,1843.5,1723,1778,49.5,+2.86%,449,477
ERG21,2021-02-12,1793.75,1880,1755,1868.25,90.25,+5.08%,427,595
ERG21,2021-02-16,1784.5,1868.25,1674.25,1756.5,-111.75,-5.98%,859,707
ERG21,2021-02-17,1770.25,1866.5,1740,1840.25,83.75,+4.77%,602,833
ERG21,2021-02-18,1840.75,1960.25,1840,1943.25,103,+5.60%,1065,918
ERG21,2021-02-19,1943.5,1981.5,1897.75,1960.75,17.5,+0.90%,928,911
ERG21,2021-02-22,1967,1967,1567.25,1774,-186.75,-9.52%,1706,939
ERG21,2021-02-23,1779.75,1790,1371,1527.25,-246.75,-13.91%,2092,956
ERH21,2021-02-24,1604,1737.25,1527.75,1624,96.75,+6.33%,970,942
ERH21,2021-02-25,1626.75,1692.5,1534.5,1591.5,-32.5,-2.00%,810,903
ERH21,2021-02-26,1525.75,1576.75,1404.5,1457,-134.5,-8.45%,671,746
ERH21,2021-03-01,1436.75,1574.25,1413.5,1526,69,+4.74%,528,752
ERH21,2021-03-02,1560,1612,1467.25,1479.25,-46.75,-3.06%,529,770
ERH21,2021-03-03,1483.25,1672.75,1483.25,1588.5,109.25,+7.39%,667,845
ERH21,2021-03-04,1596.25,1638,1512.5,1536.75,-51.75,-3.26%,550,839
ERH21,2021-03-05,1529.5,1554.25,1446.75,1541.5,4.75,+0.31%,469,856
ERH21,2021-03-08,1613.5,1807,1613.5,1786.25,244.75,+15.88%,729,928
ERH21,2021-03-09,1811.25,1872.25,1811.25,1846.5,60.25,+3.37%,419,961
ERH21,2021-03-10,1846.5,1893.75,1768.75,1818,-28.5,-1.54%,1083,1183
ERH21,2021-03-11,1840,1859.5,1733.5,1824,6,+0.33%,613,1227
ERH21,2021-03-12,1853,1859,1729.75,1751,-73.,-4.00%,595,1196
ERH21,2021-03-15,1862,1911.75,1743.5,1794.25,43.25,+2.47%,869,1210
ERH21,2021-03-16,1808,1827.25,1722.25,1795.75,1.5,+0.08%,597,1208
ERH21,2021-03-17,1800.25,1848.75,1748.25,1836.5,40.75,+2.27%,452,1241
ERH21,2021-03-18,1835.25,1859,1762.75,1774,-62.5,-3.40%,681,1383
ERH21,2021-03-19,1784.75,1843.75,1733,1831.75,57.75,+3.26%,529,1439
ERH21,2021-03-22,1810,1813.5,1674.5,1741.5,-90.25,-4.93%,957,1332
ERH21,2021-03-23,1670.5,1722.75,1648.75,1706.5,-35.,-2.01%,1587,1272
ERJ21,2021-03-24,1698.5,1772,1609.5,1662.25,-44.25,-2.59%,1072,1274
ERJ21,2021-03-25,1606.5,1644.5,1570,1626.5,-35.75,-2.15%,1031,1232
ERJ21,2021-03-26,1612.25,1698,1595,1688.5,62,+3.81%,397,1077
ERJ21,2021-03-29,1699,1863.75,1695.75,1835.25,146.75,+8.69%,957,1279
ERJ21,2021-03-30,1831.5,1877.75,1805.75,1876,40.75,+2.22%,673,1328
ERJ21,2021-03-31,1863.25,1967.75,1798.75,1926.25,50.25,+2.68%,1449,1582
ERJ21,2021-04-01,1957.25,2010.75,1908.5,2002,75.75,+3.93%,919,1653
ERJ21,2021-04-05,2092.5,2158.5,2028.25,2130,128,+6.39%,825,1762
ERJ21,2021-04-06,2137.5,2185.5,2067.25,2135.25,5.25,+0.25%,869,1772
ERJ21,2021-04-07,2130.75,2151,1945,1989.25,-146.,-6.84%,2249,1761
ERJ21,2021-04-08,2007.75,2094.75,1960,2072.5,83.25,+4.18%,600,1795
ERJ21,2021-04-09,2067.75,2122.25,2064,2092,19.5,+0.94%,539,1884
ERJ21,2021-04-12,2146,2230.25,2123.75,2166.5,74.5,+3.56%,1055,1967
ERJ21,2021-04-13,2169.5,2346.75,2163,2327,160.5,+7.41%,1099,2017
ERJ21,2021-04-14,2318.5,2434.75,2300,2346.75,19.75,+0.85%,1636,1970
ERJ21,2021-04-15,2411.75,2527.5,2411.75,2505,158.25,+6.74%,1669,2023
ERJ21,2021-04-16,2524.75,2575.75,2316.5,2449,-56.,-2.24%,2308,2070
ERJ21,2021-04-19,2287.5,2296.25,2091.5,2194.75,-254.25,-10.38%,3264,2041
ERJ21,2021-04-20,2212.25,2340.5,2062.75,2333,138.25,+6.30%,2577,2034
ERJ21,2021-04-21,2319.25,2480.5,2245.5,2446.25,113.25,+4.85%,2320,2130
ERJ21,2021-04-22,2394.5,2654.5,2320.75,2539,92.75,+3.79%,5469,2462
ERJ21,2021-04-23,2420,2452.75,2114.25,2373.5,-165.5,-6.52%,5065,2477
ERJ21,2021-04-26,2221.75,2541.5,2215,2500,126.5,+5.33%,3844,2504
ERJ21,2021-04-27,2497,2692.5,2488.25,2635,135,+5.40%,2917,2675
ERJ21,2021-04-28,2650,2751,2572,2742.5,107.5,+4.08%,4171,2666
ERJ21,2021-04-29,2725.75,2803.75,2676.25,2728.5,-14.,-0.51%,3567,2560
ERK21,2021-04-30,2784,2850,2768.5,2821.25,92.75,+3.40%,2467,2251
ERK21,2021-05-03,3000,3379,2964.25,3326,504.75,+17.89%,3661,2394
ERK21,2021-05-04,3360,3552,3186,3438.25,112.25,+3.37%,6491,2416
ERK21,2021-05-05,3375.25,3515.5,3240,3507.25,69,+2.01%,3384,2613
ERK21,2021-05-06,3462.5,3642.25,3405.75,3508.25,1,+0.03%,3926,2673
ERK21,2021-05-07,3550,3623.25,3381.5,3543.5,35.25,+1.00%,2963,2755
ERK21,2021-05-10,3932.5,4240.25,3712.75,4009,465.5,+13.14%,6852,2724
ERK21,2021-05-11,4012.5,4159.5,3795.5,4091.25,82.25,+2.05%,4747,2843
ERK21,2021-05-12,4152.75,4406.5,3944.25,4093.5,2.25,+0.05%,7465,2754
ERK21,2021-05-13,4135,4260,3555,3660.75,-432.75,-10.57%,11175,2934
ERK21,2021-05-14,3739.75,4196.75,3619.75,4068.25,407.5,+11.13%,2750,2933
ERK21,2021-05-17,3505,3612.25,3138,3395.5,-672.75,-16.54%,6630,3004
ERK21,2021-05-18,3310,3578.5,3200.5,3410.25,14.75,+0.43%,4951,2969
ERK21,2021-05-19,3418,3451.25,2387.25,2621.5,-788.75,-23.13%,11980,3473
ERK21,2021-05-20,2558,2999.75,2157,2820.75,199.25,+7.60%,6865,3373
ERK21,2021-05-21,2842,2957.25,2253,2370.5,-450.25,-15.96%,5894,3495
ERK21,2021-05-24,2158,2675,2061,2654.5,284,+11.98%,7642,3298
ERK21,2021-05-25,2630,2758,2395.25,2514,-140.5,-5.29%,6517,3665
ERK21,2021-05-26,2560.5,2920,2560.5,2743.5,229.5,+9.13%,5080,3613
ERM21,2021-05-27,2847,2921.25,2660,2780.75,37.25,+1.36%,5243,3609
ERM21,2021-05-28,2772.5,2817,2435,2517.75,-263.,-9.46%,3208,2589
ERM21,2021-06-01,2493.75,2760.25,2291,2559.75,42,+1.67%,5224,2819
ERM21,2021-06-02,2598.25,2823.5,2565.75,2772.75,213,+8.32%,2977,3002
ERM21,2021-06-03,2742.5,2911.5,2675.5,2809,36.25,+1.31%,2405,3158
ERM21,2021-06-04,2839.75,2890,2563.75,2701.75,-107.25,-3.82%,3442,3440
ERM21,2021-06-07,2738,2867,2640,2740.75,39,+1.44%,2517,3527
ERM21,2021-06-08,2625,2653,2317,2513.5,-227.25,-8.29%,4219,3527
ERM21,2021-06-09,2535,2642.5,2415.5,2572.75,59.25,+2.36%,3323,3746
ERM21,2021-06-10,2589.25,2637.5,2430,2460.5,-112.25,-4.36%,2390,3680
ERM21,2021-06-11,2487,2499,2370.75,2405.25,-55.25,-2.25%,1672,3523
ERM21,2021-06-14,2510,2613.75,2466.75,2544,138.75,+5.77%,2071,3450
ERM21,2021-06-15,2579.25,2645.75,2515.75,2538.5,-5.5,-0.22%,1466,3470
ERM21,2021-06-16,2550,2572.75,2379.5,2419.25,-119.25,-4.70%,1757,3426
ERM21,2021-06-17,2415,2464.75,2306,2340.75,-78.5,-3.24%,2289,3361
ERM21,2021-06-18,2338,2379.5,2137.5,2155.5,-185.25,-7.91%,2574,3340
ERM21,2021-06-21,2250,2265,1891.5,1943.25,-212.25,-9.85%,5178,3059
ERM21,2021-06-22,1895,1996.5,1697.75,1902.25,-41.,-2.11%,6241,2896
ERM21,2021-06-23,1880,2045.75,1822.75,1920,17.75,+0.93%,3574,2901
ERN21,2021-06-24,1960,2054.25,1900,2026.75,106.75,+5.56%,3831,3049
ERN21,2021-06-25,2019,2036,1798.75,1862,-164.75,-8.13%,3261,2493
ERN21,2021-06-28,1843,2156.5,1836.5,2125.25,263.25,+14.14%,2680,2626
ERN21,2021-06-29,2130.75,2259.5,2074,2233.75,108.5,+5.11%,2093,2733
ERN21,2021-06-30,2222,2296,2101.5,2258.25,24.5,+1.10%,1730,2852
ERN21,2021-07-01,2273.25,2294.25,2081,2109,-149.25,-6.61%,1968,2935
ERN21,2021-07-02,2144,2150.75,2026.5,2108,-1.,-0.05%,1578,2989
ERN21,2021-07-06,2301.5,2395.5,2190.75,2336,228,+10.82%,4733,3428
ERN21,2021-07-07,2304,2421.75,2294.75,2376.25,40.25,+1.72%,2256,3487
ERN21,2021-07-08,2362,2362,2131.5,2162.25,-214.,-9.01%,3179,3470
ERN21,2021-07-09,2110,2195,2048.75,2135,-27.25,-1.26%,2269,3208
ERN21,2021-07-12,2174.25,2184,2009.25,2023,-112.,-5.25%,1439,3250
ERN21,2021-07-13,2030.75,2051.25,1918.75,1922.5,-100.5,-4.97%,1788,3252
ERN21,2021-07-14,1941.75,2024.75,1860,1979.25,56.75,+2.95%,2070,3268
ERN21,2021-07-15,2002.25,2043.75,1878.5,1918.5,-60.75,-3.07%,2165,3355
ERN21,2021-07-16,1926.5,1968,1849.25,1914.25,-4.25,-0.22%,1859,3297
ERN21,2021-07-19,1911,1924.5,1801.5,1824,-90.25,-4.71%,1944,3242
ERN21,2021-07-20,1815.25,1843,1715,1788.75,-35.25,-1.93%,3539,3267
ERN21,2021-07-21,1784.75,2042.75,1755,1940.75,152,+8.50%,6086,3454
ERN21,2021-07-22,1957,2047,1947.5,2028.75,88,+4.53%,3886,3309
ERN21,2021-07-23,1997.5,2095,1991.5,2024.75,-4.,-0.20%,2778,3103
ERN21,2021-07-26,2151,2435.25,2151,2372.75,348,+17.19%,6564,3192
ERN21,2021-07-27,2232,2320.5,2152,2232.75,-140.,-5.90%,4916,3133
ERN21,2021-07-28,2254,2355,2247.75,2311.25,78.5,+3.52%,7068,3340
ERQ21,2021-07-29,2313,2360,2280.5,2317.75,6.5,+0.28%,5631,3473
ERQ21,2021-07-30,2321.75,2471.25,2321.75,2392,74.25,+3.20%,2304,3229
ERQ21,2021-08-02,2658,2681,2518,2610,218,+9.11%,4000,3408
ERQ21,2021-08-03,2619.75,2647.75,2450,2483.5,-126.5,-4.85%,3338,3501
ERQ21,2021-08-04,2503,2740,2466.75,2700.75,217.25,+8.75%,4068,3677
ERQ21,2021-08-05,2730.25,2845.25,2529.5,2808.25,107.5,+3.98%,7260,3754
ERQ21,2021-08-06,2833,2960,2730,2940.25,132,+4.70%,3735,3852
ERQ21,2021-08-09,3036.75,3200,2902,3157.5,217.25,+7.39%,5223,3746
ERQ21,2021-08-10,3109,3250.5,3059.5,3153,-4.5,-0.14%,3907,3794
ERQ21,2021-08-11,3180,3290,3133.5,3264,111,+3.52%,2800,3774
ERQ21,2021-08-12,3233,3251.5,2986.5,3060,-204.,-6.25%,3942,3751
ERQ21,2021-08-13,3056.75,3307.5,2997,3231,171,+5.59%,3258,3915
ERQ21,2021-08-16,3265.25,3353,3137.75,3183,-48.,-1.49%,3724,3875
ERQ21,2021-08-17,3180,3303.5,3017.5,3123.5,-59.5,-1.87%,4204,3989
ERQ21,2021-08-18,3052.5,3132.5,2953.5,3032.25,-91.25,-2.92%,3979,4054
ERQ21,2021-08-19,3013.5,3173.75,2960,3154.25,122,+4.02%,3114,3980
ERQ21,2021-08-20,3169.5,3315.75,3158.5,3256.25,102,+3.23%,3762,4064
ERQ21,2021-08-23,3178,3387.75,3163.25,3311,54.75,+1.68%,4088,4042
ERQ21,2021-08-24,3340.25,3367.25,3144.5,3218.75,-92.25,-2.79%,5100,3796
ERQ21,2021-08-25,3215.5,3253.5,3078.5,3224,5.25,+0.16%,6755,3827
ERU21,2021-08-26,3254.5,3277,3072,3123.5,-100.5,-3.12%,5451,3760
ERU21,2021-08-27,3159.25,3304.5,3077,3261.75,138.25,+4.43%,3171,3515
ERU21,2021-08-30,3263,3374.5,3165.25,3367,105.25,+3.23%,3915,3978
ERU21,2021-08-31,3365.5,3509.25,3205,3437.25,70.25,+2.09%,5809,4029
ERU21,2021-09-01,3416,3829.25,3389,3743,305.75,+8.90%,4885,4299
ERU21,2021-09-02,3784.25,3874.25,3749.5,3803.75,60.75,+1.62%,3581,4308
ERU21,2021-09-03,3840,4056.25,3729.5,3970.75,167,+4.39%,4682,4381
ERU21,2021-09-07,3982.75,4000.25,3179.75,3421.75,-549.,-13.83%,11613,4272
ERU21,2021-09-08,3377.5,3557.75,3227.75,3536.25,114.5,+3.35%,6251,4144
ERU21,2021-09-09,3482.5,3582.25,3404.75,3470,-66.25,-1.87%,5361,4189
ERU21,2021-09-10,3465.75,3523.25,3210,3312.25,-157.75,-4.55%,4789,4056
ERU21,2021-09-13,3343.75,3455.25,3110,3265.5,-46.75,-1.41%,6410,4210
ERU21,2021-09-14,3287.25,3420,3277,3357,91.5,+2.80%,2429,4195
ERU21,2021-09-15,3367.75,3586.25,3349.75,3542.75,185.75,+5.53%,3326,4333
ERU21,2021-09-16,3575.5,3685.75,3486.75,3571.75,29,+0.82%,4686,4281
ERU21,2021-09-17,3560,3603.25,3364.25,3426,-145.75,-4.08%,5672,4322
ERU21,2021-09-20,3355.5,3361.75,2913,3075.75,-350.25,-10.22%,10558,3905
ERU21,2021-09-21,3024.5,3105.5,2751.5,2896.75,-179.,-5.82%,10233,3972
ERU21,2021-09-22,2801,3087.25,2709.75,3022.5,125.75,+4.34%,11107,4237
ERV21,2021-09-23,3064.75,3198.5,3051,3170,147.5,+4.88%,5867,4379
ERV21,2021-09-24,3189.75,3189.75,2743.25,2922,-248.,-7.82%,9416,3937
ERV21,2021-09-27,3092.5,3194.75,2969,3013.25,91.25,+3.12%,5023,4254
ERV21,2021-09-28,2998.25,3047,2816,2848.5,-164.75,-5.47%,5291,4296
ERV21,2021-09-29,2882.25,2960.25,2790.75,2818.5,-30.,-1.05%,3919,4273
ERV21,2021-09-30,2836,3068.75,2822.5,3005.5,187,+6.63%,4929,4388
ERV21,2021-10-01,3008.5,3346,2979.25,3322.5,317,+10.55%,6177,4662
ERV21,2021-10-04,3413.5,3461.5,3291.75,3447.75,125.25,+3.77%,6252,4762
ERV21,2021-10-05,3436.75,3560.75,3385,3523.75,76,+2.20%,3042,4736
ERV21,2021-10-06,3570,3670,3363,3617.25,93.5,+2.65%,6482,4681
ERV21,2021-10-07,3612,3674.75,3490.5,3626.25,9,+0.25%,3663,4567
ERV21,2021-10-08,3656.25,3700,3570,3659.25,33,+0.91%,3526,4633
ERV21,2021-10-11,3502,3654.75,3395.25,3541.75,-117.5,-3.21%,4747,4552
ERV21,2021-10-12,3527.75,3570.5,3421.5,3488.75,-53.,-1.50%,4197,4677
ERV21,2021-10-13,3510.5,3617.75,3434,3550.25,61.5,+1.76%,4293,4896
ERV21,2021-10-14,3606.25,3853.75,3606,3814,263.75,+7.43%,3804,5005
ERV21,2021-10-15,3805.5,3936.5,3756,3873.25,59.25,+1.55%,4028,5083
ERV21,2021-10-18,3799.5,3936.5,3685,3774.5,-98.75,-2.55%,4394,5000
ERV21,2021-10-19,3767.5,3899,3738,3841.75,67.25,+1.78%,4511,5024
ERV21,2021-10-20,3829.75,4167.75,3829.75,4135,293.25,+7.63%,4624,5424
ERV21,2021-10-21,4140.25,4404,4016.5,4083,-52.,-1.26%,9819,5223
ERV21,2021-10-22,4104.75,4186,3897.75,3994.25,-88.75,-2.17%,6911,5021
ERV21,2021-10-25,4081.5,4251,3897.75,4196,201.75,+5.05%,5122,5154
ERV21,2021-10-26,4196.75,4306.75,4138.25,4215.5,19.5,+0.46%,6080,5230
ERV21,2021-10-27,4247.5,4314.25,3928.5,4007,-208.5,-4.95%,11473,4829
ERX21,2021-10-28,4043.5,4342.25,3934.5,4310.75,303.75,+7.58%,6515,5008
ERX21,2021-10-29,4300.5,4515,4282,4449.75,139,+3.22%,4666,4997
ERX21,2021-11-01,4347.5,4515,4170,4378.75,-71.,-1.60%,4564,4943
ERX21,2021-11-02,4314.75,4565,4302.75,4550.75,172,+3.93%,6787,5155
ERX21,2021-11-03,4565,4719.75,4481.5,4668.5,117.75,+2.59%,3022,5189
ERX21,2021-11-04,4650.5,4655.25,4445.75,4515.5,-153.,-3.28%,4518,5094
ERX21,2021-11-05,4526.75,4612,4471.25,4530.25,14.75,+0.33%,2061,5148
ERX21,2021-11-08,4609.75,4839.5,4471.25,4799.75,269.5,+5.95%,2188,5411
ERX21,2021-11-09,4811.25,4881.25,4739.25,4802,2.25,+0.05%,2641,5354
ERX21,2021-11-10,4781.25,4902.75,4478,4649.75,-152.25,-3.17%,5644,5467
ERX21,2021-11-11,4662.5,4804.25,4592.75,4757.5,107.75,+2.32%,2817,5450
ERX21,2021-11-12,4766.25,4838,4516,4686.75,-70.75,-1.49%,5258,5343
ERX21,2021-11-15,4600,4838,4516,4566.25,-120.5,-2.57%,3288,5334
ERX21,2021-11-16,4579.75,4591.5,4104,4199.75,-366.5,-8.03%,9022,5339
ERX21,2021-11-17,4246.5,4281,4065.5,4271.5,71.75,+1.71%,4257,5420
ERX21,2021-11-18,4255.25,4358,3965,4066.5,-205.,-4.80%,7510,5156
ERX21,2021-11-19,3990.25,4323.5,3963.5,4284.5,218,+5.36%,5543,5162
ERX21,2021-11-22,4319,4352,4023,4066.25,-218.25,-5.09%,9390,5160
ERX21,2021-11-23,4106.25,4391.5,4064.5,4388.25,322,+7.92%,9939,5244
ERZ21,2021-11-24,4420.25,4420.25,4206.75,4315.75,-72.5,-1.65%,9798,5461
ERZ21,2021-11-26,4293,4633.25,3935.5,4107.75,-208.,-4.82%,8207,4572
ERZ21,2021-11-29,4238.75,4503.5,4238.75,4454.75,347,+8.45%,4653,4903
ERZ21,2021-11-30,4488.75,4807.75,4394.75,4691.5,236.75,+5.31%,9467,4981
ERZ21,2021-12-01,4670.25,4827.25,4551,4594.5,-97.,-2.07%,5733,5177
ERZ21,2021-12-02,4592,4662.5,4435,4543.25,-51.25,-1.12%,5377,5019
ERZ21,2021-12-03,4583.5,4683.25,4028,4214,-329.25,-7.25%,6854,4776
ERZ21,2021-12-06,4177.5,4354,3900,4206.5,-7.5,-0.18%,4994,4540
ERZ21,2021-12-07,4350.5,4440,4275,4298.5,92,+2.19%,3013,4535
ERZ21,2021-12-08,4273,4473,4232,4435,136.5,+3.18%,3501,4667
ERZ21,2021-12-09,4416.5,4510,4073.5,4124,-311.,-7.01%,4603,4788
ERZ21,2021-12-10,4166.5,4237,3927.5,4040,-84.,-2.04%,4123,4737
ERZ21,2021-12-13,4133,4161.5,3662.5,3745,-295.,-7.30%,5878,4885
ERZ21,2021-12-14,3783.5,3884,3680,3831,86,+2.30%,3103,4910
ERZ21,2021-12-15,3827,4104,3640,4061.5,230.5,+6.02%,4721,4832
ERZ21,2021-12-16,4041,4120,3973.5,4022,-39.5,-0.97%,3728,4724
ERZ21,2021-12-17,3986.5,4004.5,3689.5,3839,-183.,-4.55%,3789,4800
ERZ21,2021-12-20,3974,3994,3755,3933.5,94.5,+2.46%,3466,4969
ERZ21,2021-12-21,3899.5,4068,3899,4015.5,82,+2.08%,2566,4903
ERZ21,2021-12-22,4034,4079,3933.5,4005,-10.5,-0.26%,2008,4838
ERZ21,2021-12-23,3991,4160.5,3888.5,4128.5,123.5,+3.08%,3210,4661
ERZ21,2021-12-27,4119.5,4136.5,4031,4098.5,-30.,-0.73%,2500,4542
ERZ21,2021-12-28,4060,4069,3751,3823,-275.5,-6.72%,5657,4554
ERZ21,2021-12-29,3796.5,3822.5,3692,3746,-77.,-2.01%,4353,4451
ERF22,2021-12-30,3739,3773.5,3586,3715,-31.,-0.83%,5150,4244
ERF22,2021-12-31,3691.5,3819.5,3626,3650,-65.,-1.75%,2283,3467
ERF22,2022-01-03,3822.5,3864.5,3684,3699,49,+1.34%,2562,3568
ERF22,2022-01-04,3750.5,3902.5,3719.5,3824.5,125.5,+3.39%,2665,3530
ERF22,2022-01-05,3826,3851,3542.5,3579.5,-245.,-6.41%,3288,3700
ERF22,2022-01-06,3540.5,3556,3285,3417,-162.5,-4.54%,4776,3948
ERF22,2022-01-07,3417.5,3419.5,3055,3203.5,-213.5,-6.25%,5669,4113
ERF22,2022-01-10,3162.5,3180,2918,3081.5,-122.,-3.81%,6747,4070
ERF22,2022-01-11,3051,3264,3046.5,3242,160.5,+5.21%,3975,3880
ERF22,2022-01-12,3240,3411.5,3207.5,3380.5,138.5,+4.27%,4107,3825
ERF22,2022-01-13,3357,3414,3229,3264,-116.5,-3.45%,2953,3799
ERF22,2022-01-14,3264,3345,3186.5,3305,41,+1.26%,3475,3632
ERF22,2022-01-18,3350,3366,3080,3116.5,-188.5,-5.70%,6475,3868
ERF22,2022-01-19,3170,3175.5,3042.5,3106,-10.5,-0.34%,7347,3929
ERF22,2022-01-20,3112.5,3273.5,3072.5,3190.5,84.5,+2.72%,6236,3853
ERF22,2022-01-21,3057,3057,2553.5,2736,-454.5,-14.25%,9010,4125
ERF22,2022-01-24,2449.5,2551,2158,2461.5,-274.5,-10.03%,15247,4225
ERF22,2022-01-25,2430,2507.5,2349.5,2435.5,-26.,-1.06%,6336,4186
ERF22,2022-01-26,2439,2719,2414.5,2517.5,82,+3.37%,11587,4255
ERF22,2022-01-27,2436.5,2524.5,2315,2341,-176.5,-7.01%,9141,4065
ERG22,2022-01-28,2375,2549.5,2354,2512,171,+7.30%,3527,3762
ERG22,2022-01-31,2576.5,2708,2478.5,2688.5,176.5,+7.03%,4631,3769
ERG22,2022-02-01,2679.5,2813,2675,2774.5,86,+3.20%,3312,3611
ERG22,2022-02-02,2785,2813.5,2606.5,2726,-48.5,-1.75%,4913,3763
ERG22,2022-02-03,2672,2719,2570,2575.5,-150.5,-5.52%,3228,3825
ERG22,2022-02-04,2654,2985,2654,2960.5,385,+14.95%,9574,3347
ERG22,2022-02-07,2996,3194,2988,3156,195.5,+6.60%,5159,3337
ERG22,2022-02-08,3156,3239,3032,3124,-32.,-1.01%,4718,3262
ERG22,2022-02-09,3125,3282,3063,3266.5,142.5,+4.56%,3934,3505
ERG22,2022-02-10,3256,3292,3088.5,3113.5,-153.,-4.68%,6224,3263
ERG22,2022-02-11,3119,3146.5,2911,2919,-194.5,-6.25%,4421,3236
ERG22,2022-02-14,2910.5,2970,2831.5,2897,-22.,-0.75%,4405,3111
ERG22,2022-02-15,2938,3154,2916.5,3123,226,+7.80%,5103,3539
ERG22,2022-02-16,3124,3204,3047,3158.5,35.5,+1.14%,3726,3540
ERG22,2022-02-17,3156.5,3165.5,2853,2898.5,-260.,-8.23%,5434,3205
ERG22,2022-02-18,2893.5,2945,2752.5,2786,-112.5,-3.88%,5023,3209
ERG22,2022-02-22,2665,2762,2497.5,2600.5,-185.5,-6.66%,12035,3782
ERG22,2022-02-23,2604,2756,2598,2616.5,16,+0.62%,6536,3791
ERG22,2022-02-24,2632,2737.5,2302,2653,36.5,+1.39%,11296,3818
ERH22,2022-02-25,2582,2751,2569,2716,63,+2.37%,3653,3311
ERH22,2022-02-28,2632,2848.5,2570,2839,123,+4.53%,5432,3299
ERH22,2022-03-01,2879,3042,2858.5,2982.5,143.5,+5.05%,5416,3104
ERH22,2022-03-02,2979,3054.5,2920,2957.5,-25.,-0.84%,4305,3145
ERH22,2022-03-03,2960.5,2975.5,2787.5,2803.5,-154.,-5.21%,3963,2866
ERH22,2022-03-04,2829,2850.5,2594,2615.5,-188.,-6.71%,3347,3130
ERH22,2022-03-07,2626.5,2647,2441,2458,-157.5,-6.02%,3953,3185
ERH22,2022-03-08,2494,2625,2476.5,2551.5,93.5,+3.80%,4155,3158
ERH22,2022-03-09,2569,2776.5,2563.5,2686.5,135,+5.29%,4262,2899
ERH22,2022-03-10,2723,2736.5,2550.5,2618.5,-68.,-2.53%,3499,2965
ERH22,2022-03-11,2612.5,2676,2520.5,2529.5,-89.,-3.40%,2660,2940
ERH22,2022-03-14,2561,2610,2488.5,2531,1.5,+0.06%,3031,3092
ERH22,2022-03-15,2535.5,2672,2501,2660,129,+5.10%,3234,2879
ERH22,2022-03-16,2634,2794.5,2605,2756,96,+3.61%,4908,2824
ERH22,2022-03-17,2765.5,2842,2747.5,2832.5,76.5,+2.78%,3129,3109
ERH22,2022-03-18,2830.5,2992.5,2774.5,2974.5,142,+5.01%,3851,3288
ERH22,2022-03-21,2889,2967.5,2834.5,2921.5,-53.,-1.78%,3219,3210
ERH22,2022-03-22,2925,3063,2887.5,2991.5,70,+2.40%,5603,3358
ERH22,2022-03-23,3019.5,3049.5,2922.5,2966.5,-25.,-0.84%,6144,3592
ERJ22,2022-03-24,3008.5,3150,3007.5,3131.5,165,+5.56%,8384,4003
ERJ22,2022-03-25,3124,3212,3092.5,3127.5,-4.,-0.13%,3048,3199
ERJ22,2022-03-28,3268,3452.5,3268,3433.5,306,+9.78%,3099,3336
ERJ22,2022-03-29,3407,3506,3339.5,3453,19.5,+0.57%,3210,3411
ERJ22,2022-03-30,3390,3464,3351.5,3407.5,-45.5,-1.32%,2215,3347
ERJ22,2022-03-31,3400,3460.5,3271,3298.5,-109.,-3.20%,2837,3275
ERJ22,2022-04-01,3301,3501,3224.5,3484.5,186,+5.64%,3426,3531
ERJ22,2022-04-04,3530,3596,3506,3506,21.5,+0.62%,3063,3508
ERJ22,2022-04-05,3530.5,3569,3420.5,3470.5,-35.5,-1.01%,3172,3501
ERJ22,2022-04-06,3460,3465,3169,3221,-249.5,-7.19%,5237,3239
ERJ22,2022-04-07,3215,3269.5,3138,3221,0,0.00%,2469,3171
ERJ22,2022-04-08,3217,3318,3215.5,3237,16,+0.50%,4167,3366
ERJ22,2022-04-11,3273.5,3279,2966,3005,-232.,-7.17%,6020,3217
ERJ22,2022-04-12,2970,3085.5,2946.5,2969.5,-35.5,-1.18%,4443,3287
ERJ22,2022-04-13,3007,3116,2992.5,3089,119.5,+4.02%,4417,3224
ERJ22,2022-04-14,3100.5,3145.5,2974.5,2995.5,-93.5,-3.03%,2781,3137
ERJ22,2022-04-18,3046,3075.5,2879.5,3007,11.5,+0.38%,3685,3220
ERJ22,2022-04-19,3040,3132.5,3029,3115.5,108.5,+3.61%,3079,3254
ERJ22,2022-04-20,3100.5,3169.5,3035.5,3068.5,-47.,-1.51%,3509,3194
ERJ22,2022-04-21,3082.5,3183,2988.5,3024,-44.5,-1.45%,5007,3234
ERJ22,2022-04-22,2994,3030,2931.5,2951,-73.,-2.41%,2933,3416
ERJ22,2022-04-25,2939.5,3025.5,2790.5,3012.5,61.5,+2.08%,5870,3615
ERJ22,2022-04-26,3010,3038,2797.5,2836.5,-176.,-5.84%,5529,3745
ERJ22,2022-04-27,2830.5,2920,2762,2857.5,21,+0.74%,5203,3578
ERK22,2022-04-28,2874,2975,2852.5,2945.5,88,+3.08%,5443,3377
ERK22,2022-04-29,2922,2943,2770,2783.5,-162.,-5.50%,3704,2853
ERK22,2022-05-02,2811.5,2871,2772.5,2840,56.5,+2.03%,2508,2869
ERK22,2022-05-03,2862,2894,2750,2770,-70.,-2.46%,2135,2981
ERK22,2022-05-04,2780,2970.5,2769,2958,188,+6.79%,3840,2816
ERK22,2022-05-05,2939.5,2957.5,2683.5,2729,-229.,-7.74%,5371,2991
ERK22,2022-05-06,2731,2757.5,2628.5,2684.5,-44.5,-1.63%,4090,3044
ERK22,2022-05-09,2550,2552.5,2220,2267.5,-417.,-15.53%,7584,3463
ERK22,2022-05-10,2295.5,2452,2194.5,2356.5,89,+3.93%,6726,3443
ERK22,2022-05-11,2291.5,2448.5,2016.5,2105,-251.5,-10.67%,12021,3599
ERK22,2022-05-12,2074.5,2190,1706.5,1947.5,-157.5,-7.48%,12768,3747
ERK22,2022-05-13,1914,2144.5,1892,2062.5,115,+5.91%,5951,3611
ERK22,2022-05-16,2112.5,2162.5,1977,2004.5,-58.,-2.81%,4723,3524
ERK22,2022-05-17,2040,2121,2004,2042.5,38,+1.90%,4604,3646
ERK22,2022-05-18,2089,2110,1931,1977.5,-65.,-3.18%,4450,3510
ERK22,2022-05-19,1955.5,2039,1899,1991,13.5,+0.68%,5944,3464
ERK22,2022-05-20,2001.5,2063.5,1915.5,1964.5,-26.5,-1.33%,5576,3488
ERK22,2022-05-23,2015,2088.5,1975,1977.5,13,+0.66%,6043,3502
ERK22,2022-05-24,1987,1990.5,1907,1956.5,-21.,-1.06%,6675,3443
ERK22,2022-05-25,1980,2021,1931,1949,-7.5,-0.38%,8194,3570
ERK22,2022-05-26,1968.5,1976,1728.5,1826.5,-122.5,-6.29%,12022,3430
ERM22,2022-05-27,1838,1841,1705.5,1746.5,-80.,-4.38%,5409,3054
ERM22,2022-05-31,1807,2017,1785,1933,186.5,+10.68%,8974,3086
ERM22,2022-06-01,1941.5,1971.5,1756.5,1818.5,-114.5,-5.92%,5512,3325
ERM22,2022-06-02,1793,1842,1778,1821.5,3,+0.16%,4078,3185
ERM22,2022-06-03,1832.5,1853,1730,1745.5,-76.,-4.17%,3709,3302
ERM22,2022-06-06,1803.5,1920,1799,1862.5,117,+6.70%,7206,3341
ERM22,2022-06-07,1870.5,1873,1717.5,1843.5,-19.,-1.02%,5268,3072
ERM22,2022-06-08,1843.5,1845.5,1751,1789,-54.5,-2.96%,5073,3018
ERM22,2022-06-09,1805.5,1833,1774.5,1780.5,-8.5,-0.48%,2782,3019
ERM22,2022-06-10,1790.5,1805,1651.5,1663.5,-117.,-6.57%,8849,3528
ERM22,2022-06-13,1465.5,1472.5,1164.5,1224.5,-439.,-26.39%,18747,3488
ERM22,2022-06-14,1227.5,1265.5,1074.5,1204,-20.5,-1.67%,13837,3476
ERM22,2022-06-15,1165,1229.5,1010,1170.5,-33.5,-2.78%,26460,3709
ERM22,2022-06-16,1224.5,1254,1079,1092.5,-78.,-6.66%,12240,3601
ERM22,2022-06-17,1101.5,1116.5,1047,1078,-14.5,-1.33%,8438,3575
ERM22,2022-06-21,1128,1192.5,1048.5,1122.5,44.5,+4.13%,18374,3615
ERM22,2022-06-22,1123.5,1138,1041.5,1071,-51.5,-4.59%,10407,4274
ERM22,2022-06-23,1051,1145,1045.5,1126,55,+5.14%,7280,4018
ERN22,2022-06-24,1125.5,1241.5,1117.5,1225,99,+8.79%,7077,3133
ERN22,2022-06-27,1232,1238,1170,1194,-31.,-2.53%,5104,3635
ERN22,2022-06-28,1197.5,1234.5,1147.5,1152.5,-41.5,-3.48%,4699,3967
ERN22,2022-06-29,1162.5,1164,1083.5,1115,-37.5,-3.25%,5232,4022
ERN22,2022-06-30,1110,1117,994,1014,-101.,-9.06%,7784,4166
ERN22,2022-07-01,1017.5,1118,1009.5,1062.5,48.5,+4.78%,6245,4031
ERN22,2022-07-05,1073,1172,1041,1144.5,82,+7.72%,13068,3905
ERN22,2022-07-06,1148.5,1167,1110,1150,5.5,+0.48%,5259,3881
ERN22,2022-07-07,1164.5,1252.5,1160,1246,96,+8.35%,4568,3869
ERN22,2022-07-08,1239,1275,1191,1239,-7.,-0.56%,3742,3800
ERN22,2022-07-11,1177,1196.5,1125.5,1138.5,-100.5,-8.11%,3962,3993
ERN22,2022-07-12,1120,1120,1029.5,1037.5,-101.,-8.87%,5664,4312
ERN22,2022-07-13,1038.5,1102.5,1002.5,1074.5,37,+3.57%,6381,4330
ERN22,2022-07-14,1088.5,1212.5,1069,1192.5,118,+10.98%,8447,4225
ERN22,2022-07-15,1182,1287.5,1179.5,1266,73.5,+6.16%,7167,3971
ERN22,2022-07-18,1359,1530,1333.5,1471,205,+16.19%,10812,3692
ERN22,2022-07-19,1487,1633,1484.5,1563,92,+6.25%,11508,3608
ERN22,2022-07-20,1577.5,1622.5,1484,1551,-12.,-0.77%,9156,3479
ERN22,2022-07-21,1545.5,1607,1461.5,1580.5,29.5,+1.90%,8032,3762
ERN22,2022-07-22,1593,1648,1517,1529,-51.5,-3.26%,7860,3811
ERN22,2022-07-25,1626,1665,1455.5,1496,-33.,-2.16%,9081,3705
ERN22,2022-07-26,1513,1513,1356.5,1365,-131.,-8.76%,6965,3533
ERN22,2022-07-27,1385,1615,1385,1587.5,222.5,+16.30%,12706,3993
ERN22,2022-07-28,1616,1786,1595.5,1726,138.5,+8.72%,12089,4069
ERQ22,2022-07-29,1751,1757.5,1662.5,1728.5,2.5,+0.14%,5424,3386
ERQ22,2022-08-01,1708.5,1709,1611.5,1626.5,-102.,-5.90%,5683,3267
ERQ22,2022-08-02,1627,1683,1562,1639,12.5,+0.77%,5889,3485
ERQ22,2022-08-03,1663,1688,1592.5,1658.5,19.5,+1.19%,4514,3459
ERQ22,2022-08-04,1639.5,1668.5,1581,1591,-67.5,-4.07%,6562,3161
ERQ22,2022-08-05,1584,1729,1582.5,1686,95,+5.97%,8640,3559
ERQ22,2022-08-08,1723.5,1822.5,1692.5,1788,102,+6.05%,6657,4049
ERQ22,2022-08-09,1776,1795.5,1668.5,1691,-97.,-5.43%,6838,3481
ERQ22,2022-08-10,1710,1861,1654.5,1821.5,130.5,+7.72%,8463,4406
ERQ22,2022-08-11,1867,1947.5,1850.5,1904,82.5,+4.53%,7345,4586
ERQ22,2022-08-12,1901,1941.5,1857.5,1933,29,+1.52%,4761,4566
ERQ22,2022-08-15,1958.5,2017.5,1875,1892,-41.,-2.12%,5689,4249
ERQ22,2022-08-16,1908.5,1920,1851.5,1882.5,-9.5,-0.50%,4260,4014
ERQ22,2022-08-17,1875.5,1961,1818,1838.5,-44.,-2.34%,6355,4000
ERQ22,2022-08-18,1838,1884.5,1821,1870,31.5,+1.71%,3031,4094
ERQ22,2022-08-19,1871,1875,1674.5,1699.5,-170.5,-9.12%,6351,3786
ERQ22,2022-08-22,1624.5,1629.5,1528,1565,-134.5,-7.91%,5731,4033
ERQ22,2022-08-23,1568,1675.5,1561,1649.5,84.5,+5.40%,6582,3978
ERQ22,2022-08-24,1652.5,1693,1603.5,1678.5,29,+1.76%,5833,3942
ERU22,2022-08-25,1669,1715.5,1643,1697,18.5,+1.10%,5324,4098
ERU22,2022-08-26,1689.5,1693,1512,1537,-160.,-9.43%,9019,3628
ERU22,2022-08-29,1464.5,1538.5,1404.5,1515,-22.,-1.43%,5606,3954
ERU22,2022-08-30,1518.5,1592.5,1453.5,1528,13,+0.86%,6925,4155
ERU22,2022-08-31,1522,1606.5,1500,1560,32,+2.09%,5716,4192
ERU22,2022-09-01,1559,1570.5,1489,1550,-10.,-0.64%,5661,4227
ERU22,2022-09-02,1571.5,1637.5,1522,1536,-14.,-0.90%,6862,4210
ERU22,2022-09-06,1541.5,1672.5,1529.5,1551.5,15.5,+1.01%,11096,4452
ERU22,2022-09-07,1564.5,1636.5,1469,1553.5,2,+0.13%,5772,4540
ERU22,2022-09-08,1629,1650.5,1577.5,1634.5,81,+5.21%,5810,4403
ERU22,2022-09-09,1627,1739,1611,1710,75.5,+4.62%,7570,4407
ERU22,2022-09-12,1722,1773,1675.5,1709,-1.,-0.06%,6209,4467
ERU22,2022-09-13,1700,1763,1551,1584.5,-124.5,-7.28%,10977,4125
ERU22,2022-09-14,1582.5,1599,1529,1577,-7.5,-0.47%,6205,4069
ERU22,2022-09-15,1598.5,1651,1451.5,1494.5,-82.5,-5.23%,14924,4482
ERU22,2022-09-16,1480,1485,1402.5,1427,-67.5,-4.52%,5700,4644
ERU22,2022-09-19,1338.5,1369.5,1277,1361,-66.,-4.63%,5939,4269
ERU22,2022-09-20,1382,1391,1327,1349,-12.,-0.88%,5274,4359
ERU22,2022-09-21,1322,1427,1298,1320.5,-28.5,-2.11%,8886,4457
ERU22,2022-09-22,1256,1336,1216,1323,2.5,+0.19%,6929,4525
ERU22,2022-09-23,1309,1360,1258,1289.5,-33.5,-2.53%,7160,4715
ERU22,2022-09-26,1278,1340.5,1268,1326.5,37,+2.87%,6699,4667
ERU22,2022-09-27,1309.5,1400,1294.5,1323,-3.5,-0.26%,9031,4687
ERU22,2022-09-28,1320,1355,1242,1335,12,+0.91%,11757,4908
ERU22,2022-09-29,1343,1351.5,1287.5,1334,-1.,-0.07%,8014,5100
ERV22,2022-09-30,1324.5,1369.5,1307,1332,-2.,-0.15%,6061,3786
ERV22,2022-10-03,1285,1325.5,1253,1312,-20.,-1.50%,5706,3838
ERV22,2022-10-04,1317,1380,1310.5,1353,41,+3.13%,4363,3812
ERV22,2022-10-05,1356.5,1366,1311.5,1346.5,-6.5,-0.48%,3878,3728
ERV22,2022-10-06,1346,1384.5,1343.5,1357,10.5,+0.78%,4650,3852
ERV22,2022-10-07,1345.5,1359.5,1302.5,1324.5,-32.5,-2.39%,4766,3968
ERV22,2022-10-10,1314,1334.5,1289,1302,-22.5,-1.70%,3988,4116
ERV22,2022-10-11,1301,1301,1260.5,1277.5,-24.5,-1.88%,4788,3871
ERV22,2022-10-12,1272,1304.5,1268.5,1294,16.5,+1.29%,3511,3787
ERV22,2022-10-13,1293.5,1299,1179.5,1282.5,-11.5,-0.89%,9598,4088
ERV22,2022-10-14,1292.5,1344.5,1279,1295.5,13,+1.01%,7476,3754
ERV22,2022-10-17,1287.5,1336.5,1287.5,1323.5,28,+2.16%,4035,3849
ERV22,2022-10-18,1334.5,1341,1283,1297.5,-26.,-1.96%,5506,4052
ERV22,2022-10-19,1308.5,1313,1284,1295,-2.5,-0.19%,4217,4144
ERV22,2022-10-20,1290,1310.5,1267.5,1282,-13.,-1.00%,6044,4204
ERV22,2022-10-21,1281.5,1306,1250.5,1301,19,+1.48%,6859,4037
ERV22,2022-10-24,1327,1370.5,1323,1345,44,+3.38%,8395,4141
ERV22,2022-10-25,1348,1526,1334,1495,150,+11.15%,13008,4808
ERV22,2022-10-26,1479.5,1596.5,1447.5,1567,72,+4.82%,12380,4864
ERV22,2022-10-27,1556.5,1588,1509.5,1563,-4.,-0.26%,8361,4521
ERX22,2022-10-28,1528,1579.5,1480.5,1562,-1.,-0.06%,5249,3528
ERX22,2022-10-31,1594.5,1638.5,1547.5,1566,4,+0.26%,4873,3268
ERX22,2022-11-01,1562.5,1616,1553,1579.5,13.5,+0.86%,3329,3279
ERX22,2022-11-02,1574.5,1623.5,1502.5,1537.5,-42.,-2.66%,7289,3075
ERX22,2022-11-03,1513.5,1560.5,1506.5,1546,8.5,+0.55%,3584,3089
ERX22,2022-11-04,1543,1682,1521,1650,104,+6.73%,7383,3453
ERX22,2022-11-07,1603.5,1610.5,1548,1602.5,-47.5,-2.88%,4103,3457
ERX22,2022-11-08,1562.5,1581.5,1232.5,1308,-294.5,-18.38%,31048,3246
ERX22,2022-11-09,1315.5,1341.5,1029,1134,-174.,-13.30%,24270,5040
ERX22,2022-11-10,1096.5,1322.5,1044.5,1309,175,+15.43%,11141,5409
ERX22,2022-11-11,1285.5,1298.5,1159,1209.5,-99.5,-7.60%,7259,5305
ERX22,2022-11-14,1203,1261,1130.5,1193.5,-16.,-1.32%,5081,5522
ERX22,2022-11-15,1195.5,1271.5,1195.5,1238.5,45,+3.77%,4970,5653
ERX22,2022-11-16,1232,1255.5,1157.5,1187.5,-51.,-4.12%,6406,6321
ERX22,2022-11-17,1193.5,1210,1158,1187,-0.5,-0.04%,4756,6299
ERX22,2022-11-18,1193,1222.5,1184,1201,14,+1.18%,3626,6224
ERX22,2022-11-21,1144,1144,1070.5,1097.5,-103.5,-8.62%,8902,6739
ERX22,2022-11-22,1097,1138.5,1066.5,1123.5,26,+2.37%,8767,6592
ERZ22,2022-11-23,1083.5,1158,1080,1145.5,22,+1.96%,7286,6146
ERZ22,2022-11-25,1145,1188.5,1141.5,1165,19.5,+1.70%,3178,5463
ERZ22,2022-11-28,1183.5,1202,1122.5,1153.5,-11.5,-0.99%,4398,5812
ERZ22,2022-11-29,1148,1208.5,1136,1205.5,52,+4.51%,3761,5647
ERZ22,2022-11-30,1207.5,1297,1192.5,1292.5,87,+7.22%,6776,5125
ERZ22,2022-12-01,1301,1302.5,1257,1265.5,-27.,-2.09%,3479,5092
ERZ22,2022-12-02,1273,1295.5,1256.5,1290.5,25,+1.98%,2412,5079
ERZ22,2022-12-05,1275,1306,1237.5,1250,-40.5,-3.14%,3698,5266
ERZ22,2022-12-06,1254.5,1263.5,1234.5,1248,-2.,-0.16%,1347,5272
ERZ22,2022-12-07,1249.5,1274.5,1211.5,1227,-21.,-1.68%,2520,5269
ERZ22,2022-12-08,1223.5,1292,1215.5,1277,50,+4.07%,3772,4969
ERZ22,2022-12-09,1284,1294.5,1251,1258,-19.,-1.49%,2395,4860
ERZ22,2022-12-12,1261.5,1277.5,1234.5,1263,5,+0.40%,2159,4948
ERZ22,2022-12-13,1269.5,1348.5,1251.5,1315.5,52.5,+4.16%,5687,4736
ERZ22,2022-12-14,1316,1352.5,1298,1308,-7.5,-0.57%,4014,4547
ERZ22,2022-12-15,1307.5,1308.5,1256.5,1269.5,-38.5,-2.94%,3210,5007
ERZ22,2022-12-16,1262,1278.5,1178.5,1199,-70.5,-5.55%,5302,5703
ERZ22,2022-12-19,1182,1189.5,1158,1169,-30.,-2.50%,2698,6013
ERZ22,2022-12-20,1154,1228,1154,1210,41,+3.51%,4429,5698
ERZ22,2022-12-21,1214,1219,1198.5,1207.5,-2.5,-0.21%,1851,5623
ERZ22,2022-12-22,1206.5,1234.5,1175,1213,5.5,+0.46%,3851,5857
ERZ22,2022-12-23,1214,1229,1208,1217.5,4.5,+0.37%,4118,5750
ERZ22,2022-12-27,1215.5,1232.5,1198,1207.5,-10.,-0.82%,5492,6199
ERF23,2022-12-28,1197,1199,1165,1178.5,-29.,-2.40%,7936,6356
ERF23,2022-12-29,1168.5,1189.5,1162,1182,3.5,+0.30%,5128,6216
ERF23,2022-12-30,1185.5,1193.5,1163,1189,7,+0.59%,2145,5719
ERF23,2023-01-03,1212.5,1219,1198,1204.5,15.5,+1.30%,2421,5977
ERF23,2023-01-04,1199.5,1271,1199.5,1249,44.5,+3.69%,6587,5799
ERF23,2023-01-05,1249,1257.5,1239,1251,2,+0.16%,2100,5598
ERF23,2023-01-06,1250.5,1278,1234,1265,14,+1.12%,4249,5583
ERF23,2023-01-09,1268.5,1348,1268.5,1320.5,55.5,+4.39%,5842,5421
ERF23,2023-01-10,1318,1350.5,1315.5,1343.5,23,+1.74%,2663,5442
ERF23,2023-01-11,1339.5,1348,1321,1342.5,-1.,-0.07%,2498,5410
ERF23,2023-01-12,1350,1440.5,1350,1437,94.5,+7.04%,7731,5390
ERF23,2023-01-13,1425.5,1467,1400.5,1430,-7.,-0.49%,4180,5370
ERF23,2023-01-17,1562,1610,1523,1588.5,158.5,+11.08%,8992,5585
ERF23,2023-01-18,1575,1613,1502,1521.5,-67.,-4.22%,9920,5306
ERF23,2023-01-19,1529,1567,1507.5,1560.5,39,+2.56%,3479,5417
ERF23,2023-01-20,1555,1656,1543.5,1648.5,88,+5.64%,6109,5439
ERF23,2023-01-23,1633.5,1652.5,1588.5,1637,-11.5,-0.70%,5635,5317
ERF23,2023-01-24,1631.5,1644,1592.5,1618,-19.,-1.16%,4311,5047
ERF23,2023-01-25,1561.5,1624,1516.5,1579.5,-38.5,-2.38%,7549,4813
ERG23,2023-01-26,1591.5,1643,1583.5,1617.5,38,+2.41%,8661,4829
ERG23,2023-01-27,1609.5,1633,1561,1608.5,-9.,-0.56%,5432,4524
ERG23,2023-01-30,1642,1665.5,1540,1559,-49.5,-3.08%,5924,4159
ERG23,2023-01-31,1567,1614.5,1567,1596.5,37.5,+2.41%,3258,4331
ERG23,2023-02-01,1599,1660,1562.5,1644.5,48,+3.01%,4832,4588
ERG23,2023-02-02,1652,1728,1642.5,1690,45.5,+2.77%,8447,4785
ERG23,2023-02-03,1667.5,1687.5,1635.5,1666,-24.,-1.42%,5621,4797
ERG23,2023-02-06,1645.5,1666.5,1617,1655.5,-10.5,-0.63%,4449,4580
ERG23,2023-02-07,1638,1688,1610.5,1673,17.5,+1.06%,5135,4659
ERG23,2023-02-08,1678.5,1706.5,1635.5,1648,-25.,-1.49%,4605,4489
ERG23,2023-02-09,1658.5,1660.5,1527,1579,-69.,-4.19%,7460,4521
ERG23,2023-02-10,1544,1557,1490.5,1530.5,-48.5,-3.07%,4364,4540
ERG23,2023-02-13,1517,1526,1463,1490.5,-40.,-2.61%,7093,4506
ERG23,2023-02-14,1496.5,1570,1481.5,1559,68.5,+4.60%,6496,4372
ERG23,2023-02-15,1556,1687,1543,1671,112,+7.18%,6396,4487
ERG23,2023-02-16,1672,1748,1668.5,1687.5,16.5,+0.99%,8722,4794
ERG23,2023-02-17,1652.5,1727,1633,1715.5,28,+1.66%,5838,4961
ERG23,2023-02-21,1690,1723,1637,1671.5,-44.,-2.56%,10545,4700
ERG23,2023-02-22,1655.5,1668,1596,1616.5,-55.,-3.29%,9816,4477
ERG23,2023-02-23,1631.5,1682,1628.5,1652,35.5,+2.20%,9488,4558
ERH23,2023-02-24,1656,1673.5,1581.5,1620,-32.,-1.94%,6438,3783
ERH23,2023-02-27,1638.5,1677,1618,1633,13,+0.80%,4424,4020
ERH23,2023-02-28,1643,1658.5,1606,1638.5,5.5,+0.34%,2739,4126
ERH23,2023-03-01,1618.5,1681,1603,1651,12.5,+0.76%,4616,4098
ERH23,2023-03-02,1668,1689.5,1627,1653.5,2.5,+0.15%,3624,4006
ERH23,2023-03-03,1657.5,1659,1538,1560.5,-93.,-5.62%,7124,3673
ERH23,2023-03-06,1566,1587,1556,1563.5,3,+0.19%,2217,3538
ERH23,2023-03-07,1572.5,1587,1535.5,1549.5,-14.,-0.90%,3774,3588
ERH23,2023-03-08,1556,1572.5,1543,1562.5,13,+0.84%,4031,3769
ERH23,2023-03-09,1545,1549,1403.5,1412,-150.5,-9.63%,8709,4306
ERH23,2023-03-10,1431,1437.5,1367,1417,5,+0.35%,8574,4449
ERH23,2023-03-13,1557,1702,1527,1684,267,+18.84%,14370,4382
ERH23,2023-03-14,1674.5,1788.5,1663,1732,48,+2.85%,9062,4442
ERH23,2023-03-15,1698.5,1726,1617,1654,-78.,-4.50%,6620,4040
ERH23,2023-03-16,1662,1698.5,1637,1689,35,+2.12%,3414,3926
ERH23,2023-03-17,1681,1773,1669,1753,64,+3.79%,5303,4124
ERH23,2023-03-20,1805,1821.5,1745.5,1764,11,+0.63%,5083,4278
ERH23,2023-03-21,1763,1849.5,1730.5,1802,38,+2.15%,5658,4571
ERH23,2023-03-22,1803,1831,1717,1725,-77.,-4.27%,5337,4338
ERH23,2023-03-23,1724.5,1868,1719.5,1831,106,+6.14%,7018,4559
ERH23,2023-03-24,1824,1829.5,1731,1768.5,-62.5,-3.41%,4607,4377
ERH23,2023-03-27,1771.5,1786,1688,1705,-63.5,-3.59%,5483,4154
ERH23,2023-03-28,1713.5,1798,1703,1787.5,82.5,+4.84%,4634,4119
ERH23,2023-03-29,1775.5,1829.5,1769,1811.5,24,+1.34%,4662,4110
ERJ23,2023-03-30,1802.5,1839.5,1772.5,1792,-19.5,-1.08%,5103,4244
ERJ23,2023-03-31,1804.5,1871,1789,1847,55,+3.07%,4224,4422
ERJ23,2023-04-03,1801,1851,1772,1830.5,-16.5,-0.89%,4038,4332
ERJ23,2023-04-04,1807.5,1905,1805,1879.5,49,+2.68%,6354,4730
ERJ23,2023-04-05,1883.5,1955,1869.5,1921.5,42,+2.23%,5076,4731
ERJ23,2023-04-06,1919.5,1922.5,1858.5,1878.5,-43.,-2.24%,3594,4171
ERJ23,2023-04-07,1868.5,1891,1847.5,1863,-15.5,-0.83%,1021,4121
ERJ23,2023-04-10,1879.5,1920.5,1851.5,1902.5,39.5,+2.12%,3757,4504
ERJ23,2023-04-11,1900.5,1952.5,1890,1903.5,1,+0.05%,3747,4416
ERJ23,2023-04-12,1899.5,1948,1862,1912.5,9,+0.47%,6985,5499
ERJ23,2023-04-13,1925,2039.5,1907,2026.5,114,+5.96%,8392,6306
ERJ23,2023-04-14,2019,2147,2016,2100.5,74,+3.65%,7284,6347
ERJ23,2023-04-17,2140.5,2144.5,2065.5,2088.5,-12.,-0.57%,3168,6329
ERJ23,2023-04-18,2089,2134,2057.5,2087.5,-1.,-0.05%,3144,6248
ERJ23,2023-04-19,2100.5,2114.5,1950.5,1984.5,-103.,-4.93%,7386,5087
ERJ23,2023-04-20,1977.5,1985,1916,1928,-56.5,-2.85%,5983,4326
ERJ23,2023-04-21,1945.5,1957,1825,1844.5,-83.5,-4.33%,5112,4151
ERJ23,2023-04-24,1852.5,1890,1805.5,1832.5,-12.,-0.65%,4544,4191
ERJ23,2023-04-25,1835,1864.5,1799.5,1839,6.5,+0.35%,4845,3894
ERJ23,2023-04-26,1874,1965,1781.5,1828.5,-10.5,-0.57%,10450,3750
ERK23,2023-04-27,1877,1949.5,1866,1929.5,101,+5.52%,7338,3417
ERK23,2023-04-28,1924.5,1932.5,1882,1901.5,-28.,-1.45%,3232,3077
ERK23,2023-05-01,1921.5,1921.5,1807.5,1819,-82.5,-4.34%,3099,3119
ERK23,2023-05-02,1825,1886,1820.5,1873.5,54.5,+3.00%,2990,3112
ERK23,2023-05-03,1876,1899,1845.5,1872.5,-1.,-0.05%,2882,2982
ERK23,2023-05-04,1891.5,1925,1870.5,1878.5,6,+0.32%,2287,3062
ERK23,2023-05-05,1876,2012,1874,2004.5,126,+6.71%,6396,3704
ERK23,2023-05-08,1917.5,1924,1814.5,1832.5,-172.,-8.58%,5499,3160
ERK23,2023-05-09,1844.5,1864.5,1833.5,1854.5,22,+1.20%,1816,3173
ERK23,2023-05-10,1847,1890.5,1790.5,1853.5,-1.,-0.05%,5568,3181
ERK23,2023-05-11,1839,1850.5,1769.5,1785.5,-68.,-3.67%,4353,3286
ERK23,2023-05-12,1796,1802,1738,1792,6.5,+0.36%,3697,3343
ERK23,2023-05-15,1812,1852,1787,1829.5,37.5,+2.09%,3435,3249
ERK23,2023-05-16,1832,1835,1796.5,1818,-11.5,-0.63%,2302,3228
ERK23,2023-05-17,1829,1839,1783.5,1830.5,12.5,+0.69%,3677,3263
ERK23,2023-05-18,1826,1834.5,1771,1797,-33.5,-1.83%,3567,3458
ERK23,2023-05-19,1798.5,1833,1798.5,1814,17,+0.95%,2859,3230
ERK23,2023-05-22,1808,1832.5,1791,1817.5,3.5,+0.19%,3255,3230
ERK23,2023-05-23,1822.5,1878.5,1816,1854,36.5,+2.01%,5195,3442
ERK23,2023-05-24,1854,1858.5,1773,1791,-63.,-3.40%,7169,3756
ERM23,2023-05-25,1808,1819,1761.5,1811,20,+1.12%,5990,3530
ERM23,2023-05-26,1807.5,1846.5,1797,1843.5,32.5,+1.79%,3306,2909
ERM23,2023-05-30,1879.5,1939,1879.5,1920,76.5,+4.15%,5149,3076
ERM23,2023-05-31,1917.5,1918,1853,1870,-50.,-2.60%,2970,2997
ERM23,2023-06-01,1869,1897.5,1845.5,1875,5,+0.27%,2841,2986
ERM23,2023-06-02,1872,1921.5,1852,1917,42,+2.24%,2879,3203
ERM23,2023-06-05,1917.5,1920.5,1783,1810.5,-106.5,-5.56%,7164,3244
ERM23,2023-06-06,1804.5,1912,1798.5,1908,97.5,+5.39%,7472,4124
ERM23,2023-06-07,1892,1909,1841,1859,-49.,-2.57%,3725,3944
ERM23,2023-06-08,1825,1870.5,1814,1856,-3.,-0.16%,1740,4036
ERM23,2023-06-09,1860,1864,1833,1836,-20.,-1.08%,2189,3732
ERM23,2023-06-12,1773.5,1773.5,1722,1736,-100.,-5.45%,4516,3125
ERM23,2023-06-13,1748,1771,1726,1742.5,6.5,+0.37%,2871,3211
ERM23,2023-06-14,1742,1753.5,1626,1730,-12.5,-0.72%,3914,2982
ERM23,2023-06-15,1652.5,1671,1624,1667,-63.,-3.64%,4293,3473
ERM23,2023-06-16,1666,1731,1645.5,1723.5,56.5,+3.39%,3586,3260
ERM23,2023-06-20,1724.5,1799,1699.5,1789,65.5,+3.80%,5210,3242
ERM23,2023-06-21,1775,1913,1775,1891.5,102.5,+5.73%,5786,3488
ERM23,2023-06-22,1793,1945.5,1793,1898.5,7,+0.37%,4565,3787
ERM23,2023-06-23,1886.5,1952,1871.5,1914,15.5,+0.82%,4879,4150
ERM23,2023-06-26,1900,1919.5,1840,1857.5,-56.5,-2.95%,4885,4095
ERM23,2023-06-27,1851.5,1918,1850.5,1896.5,39,+2.10%,5751,4493
ERN23,2023-06-28,1912,1912.5,1833,1850,-46.5,-2.45%,6032,4173
ERN23,2023-06-29,1852,1898,1846,1882.5,32.5,+1.76%,4420,4499
ERN23,2023-06-30,1877,1971.5,1840,1950.5,68,+3.61%,8109,4245
ERN23,2023-07-03,1946,2001,1935.5,1990.5,40,+2.05%,3215,4730
ERN23,2023-07-05,1979.5,1990,1909.5,1925,-65.5,-3.29%,3972,4338
ERN23,2023-07-06,1927,1976,1877.5,1899.5,-25.5,-1.32%,4179,3761
ERN23,2023-07-07,1887,1891.5,1838,1875,-24.5,-1.29%,2061,3672
ERN23,2023-07-10,1875.5,1918.5,1857.5,1911,36,+1.92%,2187,3883
ERN23,2023-07-11,1892.5,1903.5,1871.5,1885.5,-25.5,-1.33%,1673,3709
ERN23,2023-07-12,1885.5,1914,1875,1879,-6.5,-0.34%,3145,3874
ERN23,2023-07-13,1878,2030,1871,2011.5,132.5,+7.05%,8306,5141
ERN23,2023-07-14,2001.5,2048,1908,1922.5,-89.,-4.42%,5777,4997
ERN23,2023-07-17,1938.5,1949.5,1877.5,1893.5,-29.,-1.51%,4073,4358
ERN23,2023-07-18,1917,1926,1879,1896,2.5,+0.13%,2936,4096
ERN23,2023-07-19,1899,1927.5,1896,1913,17,+0.90%,2919,4029
ERN23,2023-07-20,1897.5,1934.5,1880,1890.5,-22.5,-1.18%,4967,3930
ERN23,2023-07-21,1899.5,1909.5,1887,1896,5.5,+0.29%,2763,3739
ERN23,2023-07-24,1881,1892.5,1831.5,1851,-45.,-2.37%,4574,3682
ERN23,2023-07-25,1852,1869.5,1847,1856,5,+0.27%,4417,3632
ERQ23,2023-07-26,1879.5,1903,1864,1890,34,+1.83%,4106,3680
ERQ23,2023-07-27,1889.5,1903.5,1863.5,1870.5,-19.5,-1.03%,4673,3428
ERQ23,2023-07-28,1869,1897,1863,1886,15.5,+0.83%,3037,3358
ERQ23,2023-07-31,1874.5,1890,1861,1867,-19.,-1.01%,2944,3101
ERQ23,2023-08-01,1866,1875.5,1816,1858,-9.,-0.48%,5062,3016
ERQ23,2023-08-02,1856.5,1887.5,1818,1848.5,-9.5,-0.51%,3886,2912
ERQ23,2023-08-03,1850,1868.5,1829.5,1852,3.5,+0.19%,1824,2942
ERQ23,2023-08-04,1845,1859,1820,1837,-15.,-0.81%,2135,2985
ERQ23,2023-08-07,1836.5,1854,1803.5,1829.5,-7.5,-0.41%,3083,3074
ERQ23,2023-08-08,1831,1884,1829.5,1867.5,38,+2.08%,3783,3194
ERQ23,2023-08-09,1871.5,1880,1852,1855,-12.5,-0.67%,2657,3050
ERQ23,2023-08-10,1860,1874,1851.5,1855,0,0.00%,1781,3145
ERQ23,2023-08-11,1857.5,1864.5,1842,1848,-7.,-0.38%,2076,3129
ERQ23,2023-08-14,1854,1862,1837,1845.5,-2.5,-0.14%,2376,3075
ERQ23,2023-08-15,1848,1850.5,1814,1830.5,-15.,-0.81%,2846,3161
ERQ23,2023-08-16,1833,1833.5,1797.5,1822.5,-8.,-0.44%,2200,3395
ERQ23,2023-08-17,1811.5,1817,1705.5,1739,-83.5,-4.58%,5429,3805
ERQ23,2023-08-18,1645.5,1716,1605.5,1656,-83.,-4.77%,5441,4087
ERQ23,2023-08-21,1684,1686.5,1648,1671.5,15.5,+0.94%,4106,4365
ERQ23,2023-08-22,1672,1672.5,1617,1624,-47.5,-2.84%,4713,4433
ERQ23,2023-08-23,1604.5,1701,1602,1687,63,+3.88%,5810,4218
ERU23,2023-08-24,1678.5,1686.5,1637.5,1651.5,-35.5,-2.10%,5156,4316
ERU23,2023-08-25,1652.5,1678.5,1636.5,1648.5,-3.,-0.18%,2917,4070
ERU23,2023-08-28,1657.5,1665.5,1625,1650,1.5,+0.09%,2133,4071
ERU23,2023-08-29,1651.5,1754,1641.5,1742,92,+5.58%,6893,4125
ERU23,2023-08-30,1738.5,1739,1698.5,1703.5,-38.5,-2.21%,2957,4028
ERU23,2023-08-31,1709,1730.5,1644,1658,-45.5,-2.67%,3737,4393
ERU23,2023-09-01,1645.5,1654,1600,1619,-39.,-2.35%,2987,4663
ERU23,2023-09-05,1634,1647.5,1606,1631.5,12.5,+0.77%,2588,4515
ERU23,2023-09-06,1630.5,1673.5,1605,1629.5,-2.,-0.12%,3487,4588
ERU23,2023-09-07,1633.5,1640.5,1619.5,1635.5,6,+0.37%,1357,4638
ERU23,2023-09-08,1648,1659,1614,1634.5,-1.,-0.06%,2275,4697
ERU23,2023-09-11,1621.5,1627,1529,1536,-98.5,-6.03%,4776,5514
ERU23,2023-09-12,1543,1622.5,1541.5,1595.5,59.5,+3.87%,3698,5181
ERU23,2023-09-13,1597,1616.5,1579,1598,2.5,+0.16%,3060,4958
ERU23,2023-09-14,1605.5,1645,1604,1635.5,37.5,+2.35%,3297,4693
ERU23,2023-09-15,1628.5,1637,1608.5,1621.5,-14.,-0.86%,1959,4629
ERU23,2023-09-18,1618.5,1671,1603,1640.5,19,+1.17%,4375,4549
ERU23,2023-09-19,1639.5,1661.5,1625,1645,4.5,+0.27%,2770,4560
ERU23,2023-09-20,1641,1650.5,1602,1614.5,-30.5,-1.85%,3586,4660
ERU23,2023-09-21,1622.5,1624,1565.5,1589.5,-25.,-1.55%,3929,4995
ERU23,2023-09-22,1586,1602,1575,1592.5,3,+0.19%,2567,4852
ERU23,2023-09-25,1588,1598,1561.5,1593,0.5,+0.03%,4698,4625
ERU23,2023-09-26,1588.5,1599.5,1579.5,1589,-4.,-0.25%,5880,4647
ERV23,2023-09-27,1589,1637.5,1583.5,1598.5,9.5,+0.60%,8329,4478
ERV23,2023-09-28,1598.5,1677.5,1595,1667,68.5,+4.29%,8463,4647
ERV23,2023-09-29,1664.5,1697,1656,1674.5,7.5,+0.45%,4105,4034
ERV23,2023-10-02,1689,1789,1640.5,1680,5.5,+0.33%,7116,3950
ERV23,2023-10-03,1664,1677,1646.5,1655,-25.,-1.49%,3366,3809
ERV23,2023-10-04,1656.5,1664,1622,1646,-9.,-0.54%,3922,3922
ERV23,2023-10-05,1647,1658.5,1608,1618.5,-27.5,-1.67%,3853,4227
ERV23,2023-10-06,1612,1660,1611,1651,32.5,+2.01%,4110,3794
ERV23,2023-10-09,1643.5,1643.5,1544,1581.5,-69.5,-4.21%,6132,4378
ERV23,2023-10-10,1580,1595,1550,1563.5,-18.,-1.14%,2953,4766
ERV23,2023-10-11,1562.5,1577.5,1542.5,1560.5,-3.,-0.19%,4001,5048
ERV23,2023-10-12,1562.5,1567.5,1514.5,1528,-32.5,-2.08%,3847,5640
ERV23,2023-10-13,1534.5,1559,1533.5,1543.5,15.5,+1.01%,2525,5584
ERV23,2023-10-16,1559.5,1647.5,1551,1588,44.5,+2.88%,7929,5175
ERV23,2023-10-17,1591.5,1605,1550.5,1562.5,-25.5,-1.61%,2740,5358
ERV23,2023-10-18,1557.5,1586,1557.5,1561.5,-1.,-0.06%,2496,5347
ERV23,2023-10-19,1558,1575,1538.5,1568,6.5,+0.42%,4010,5506
ERV23,2023-10-20,1566.5,1635.5,1562,1610,42,+2.68%,5989,5026
ERV23,2023-10-23,1637.5,1724.5,1630.5,1712.5,102.5,+6.37%,9619,4995
ERV23,2023-10-24,1721,1857.5,1718,1781.5,69,+4.03%,16249,4721
ERV23,2023-10-25,1788,1822.5,1763.5,1794.5,13,+0.73%,8904,4543
ERX23,2023-10-26,1800,1891,1778,1810,15.5,+0.86%,9817,4581
ERX23,2023-10-27,1815,1825.5,1755.5,1790,-20.,-1.10%,4113,4021
ERX23,2023-10-30,1810.5,1848,1789.5,1817,27,+1.51%,4115,4008
ERX23,2023-10-31,1823,1836.5,1796,1830.5,13.5,+0.74%,2729,4127
ERX23,2023-11-01,1827.5,1885,1797,1858.5,28,+1.53%,5639,4749
ERX23,2023-11-02,1875,1907.5,1799.5,1827.5,-31.,-1.67%,5577,4111
ERX23,2023-11-03,1816.5,1849,1790.5,1833,5.5,+0.30%,2521,4042
ERX23,2023-11-06,1873,1939,1873,1909,76,+4.15%,5142,4701
ERX23,2023-11-07,1918,1923.5,1862.5,1919,10,+0.52%,3632,4610
ERX23,2023-11-08,1898,1922.5,1885.5,1911.5,-7.5,-0.39%,3454,4774
ERX23,2023-11-09,1911,2102.5,1897.5,2054.5,143,+7.48%,11573,5908
ERX23,2023-11-10,2110.5,2154,2081,2108.5,54,+2.63%,6919,5783
ERX23,2023-11-13,2081.5,2133.5,2039,2100,-8.5,-0.40%,7689,5725
ERX23,2023-11-14,2074,2081.5,1931.5,1984,-116.,-5.52%,7584,5385
ERX23,2023-11-15,1994.5,2074.5,1975.5,2056,72,+3.63%,5419,5693
ERX23,2023-11-16,2066.5,2099,1947,1961.5,-94.5,-4.60%,6795,5181
ERX23,2023-11-17,1977,1997.5,1912.5,1949,-12.5,-0.64%,6317,5171
ERX23,2023-11-20,1985,2073,1981,2039.5,90.5,+4.64%,12954,5555
ERX23,2023-11-21,2032,2040,1953,1992.5,-47.,-2.30%,11908,5319
ERZ23,2023-11-22,1975,2132.5,1964,2117,124.5,+6.25%,9930,6395
ERZ23,2023-11-24,2109,2187,2082,2152.5,35.5,+1.68%,5684,6229
ERZ23,2023-11-27,2116.5,2116.5,2008,2020,-132.5,-6.16%,7374,4871
ERZ23,2023-11-28,2044.5,2116.5,2019,2100.5,80.5,+3.99%,4927,5748
ERZ23,2023-11-29,2085,2107.5,2044.5,2051.5,-49.,-2.33%,3735,5456
ERZ23,2023-11-30,2054,2077,2044,2069,17.5,+0.85%,2608,5273
ERZ23,2023-12-01,2069.5,2150.5,2065,2118,49,+2.37%,6431,6299
ERZ23,2023-12-04,2228,2307,2210,2255,137,+6.47%,6842,6307
ERZ23,2023-12-05,2255.5,2339,2211,2292,37,+1.64%,7260,6373
ERZ23,2023-12-06,2306.5,2340.5,2256.5,2275.5,-16.5,-0.72%,3895,5995
ERZ23,2023-12-07,2256,2409,2244.5,2371,95.5,+4.20%,7566,6811
ERZ23,2023-12-08,2378.5,2418,2359,2389.5,18.5,+0.78%,4501,6213
ERZ23,2023-12-11,2375,2391,2127,2213,-176.5,-7.39%,6809,5421
ERZ23,2023-12-12,2233.5,2257,2175.5,2197,-16.,-0.72%,4582,5193
ERZ23,2023-12-13,2199,2283,2156.5,2276,79,+3.60%,6021,5495
ERZ23,2023-12-14,2281,2333,2241,2305,29,+1.27%,6843,5777
ERZ23,2023-12-15,2328,2348.5,2236,2261,-44.,-1.91%,4651,5250
ERZ23,2023-12-18,2224.5,2227,2122.5,2193,-68.,-3.01%,4567,5075
ERZ23,2023-12-19,2223.5,2267,2140,2177,-16.,-0.73%,6029,5137
ERZ23,2023-12-20,2181.5,2275,2164.5,2189.5,12.5,+0.57%,5438,5160
ERZ23,2023-12-21,2194,2289.5,2188.5,2245.5,56,+2.56%,6398,5154
ERZ23,2023-12-22,2256.5,2353.5,2240,2322.5,77,+3.43%,7260,5814
ERF24,2023-12-26,2325,2325.5,2211.5,2249,-73.5,-3.16%,9185,5621
ERF24,2023-12-27,2259,2422.5,2243.5,2399,150,+6.67%,10037,6070
ERF24,2023-12-28,2401.5,2495,2372.5,2397.5,-1.5,-0.06%,6368,6143
ERF24,2023-12-29,2393,2421,2312.5,2337.5,-60.,-2.50%,5394,5336
ERF24,2024-01-02,2370.5,2479.5,2370.5,2392.5,55,+2.35%,5077,5548
ERF24,2024-01-03,2386,2414,2081,2240.5,-152.,-6.35%,7120,5863
ERF24,2024-01-04,2240.5,2326,2221,2297,56.5,+2.52%,4938,5880
ERF24,2024-01-05,2291.5,2299,2224,2268.5,-28.5,-1.24%,3533,5775
ERF24,2024-01-08,2233,2383.5,2180,2361.5,93,+4.10%,6297,5953
ERF24,2024-01-09,2360,2397.5,2244,2266.5,-95.,-4.02%,7050,5853
ERF24,2024-01-10,2360.5,2551,2331.5,2503,236.5,+10.43%,12571,6817
ERF24,2024-01-11,2562,2715,2562,2603.5,100.5,+4.02%,8453,6633
ERF24,2024-01-12,2622,2730.5,2515,2572.5,-31.,-1.19%,8921,6755
ERF24,2024-01-16,2522.5,2623,2470.5,2596.5,24,+0.93%,7778,6556
ERF24,2024-01-17,2608.5,2616.5,2520.5,2547,-49.5,-1.91%,5557,6325
ERF24,2024-01-18,2524.5,2556.5,2424,2450,-97.,-3.81%,5934,6093
ERF24,2024-01-19,2469,2509,2415,2487,37,+1.51%,5377,5958
ERF24,2024-01-22,2462.5,2467,2304.5,2340,-147.,-5.91%,9390,5971
ERF24,2024-01-23,2318,2352,2165.5,2198,-142.,-6.07%,12201,6136
ERG24,2024-01-24,2243.5,2274.5,2206,2215.5,17.5,+0.80%,6336,5796
ERG24,2024-01-25,2235,2254.5,2178.5,2224.5,9,+0.41%,6950,5705
ERG24,2024-01-26,2231,2294,2205.5,2273,48.5,+2.18%,4010,5158
ERG24,2024-01-29,2259.5,2328,2243,2318.5,45.5,+2.00%,3004,5036
ERG24,2024-01-30,2325,2410,2311.5,2391.5,73,+3.15%,3866,5141
ERG24,2024-01-31,2384,2387,2275,2298.5,-93.,-3.89%,3810,4975
ERG24,2024-02-01,2296.5,2324,2248.5,2307,8.5,+0.37%,4201,5234
ERG24,2024-02-02,2308,2333,2270.5,2307.5,0.5,+0.02%,3158,5223
ERG24,2024-02-05,2293.5,2345,2271.5,2299.5,-8.,-0.35%,3978,5147
ERG24,2024-02-06,2302,2406,2296.5,2393,93.5,+4.07%,4674,5668
ERG24,2024-02-07,2396,2461,2364,2454.5,61.5,+2.57%,3539,5871
ERG24,2024-02-08,2445,2478.5,2426.5,2443,-11.5,-0.47%,4281,5756
ERG24,2024-02-09,2441,2540,2431,2504,61,+2.50%,5738,5924
ERG24,2024-02-12,2510.5,2669,2482.5,2657.5,153.5,+6.13%,5797,6262
ERG24,2024-02-13,2668,2704.5,2604.5,2644.5,-13.,-0.49%,6221,6449
ERG24,2024-02-14,2649,2803.5,2635,2784,139.5,+5.28%,5481,6840
ERG24,2024-02-15,2781.5,2887,2776.5,2847,63,+2.26%,4759,6993
ERG24,2024-02-16,2834,2877.5,2760.5,2797,-50.,-1.76%,5291,7116
ERG24,2024-02-20,2890,3015,2868.5,2985,188,+6.72%,13631,6749
ERG24,2024-02-21,3006,3044.5,2871,2908.5,-76.5,-2.56%,9300,6782
ERH24,2024-02-22,2991.5,3080.5,2948.5,3056,147.5,+5.07%,8787,6651
ERH24,2024-02-23,3029.5,3032,2955.5,2998.5,-57.5,-1.88%,4722,5950
ERH24,2024-02-26,3158.5,3252,3071,3238.5,240,+8.00%,6014,6253
ERH24,2024-02-27,3228,3340.5,3216,3298,59.5,+1.84%,4692,6564
ERH24,2024-02-28,3286,3540,3226,3334,36,+1.09%,9046,6806
ERH24,2024-02-29,3381,3567.5,3353.5,3444,110,+3.30%,5738,6932
ERH24,2024-03-01,3366.5,3501,3363,3497.5,53.5,+1.55%,3852,7073
ERH24,2024-03-04,3510,3656.5,3460.5,3632.5,135,+3.86%,4291,7140
ERH24,2024-03-05,3651,3877,3303,3429.5,-203.,-5.59%,8503,7471
ERH24,2024-03-06,3537.5,3953,3533.5,3907.5,478,+13.94%,5127,7219
ERH24,2024-03-07,3846,3980,3776,3975,67.5,+1.73%,3008,7228
ERH24,2024-03-08,3895.5,4040,3856,3987,12,+0.30%,4619,7016
ERH24,2024-03-11,3922,4136,3766,4073.5,86.5,+2.17%,4879,6933
ERH24,2024-03-12,4088,4138.5,3852,4006,-67.5,-1.66%,4566,7239
ERH24,2024-03-13,3966,4126,3962,4032,26,+0.65%,2756,7303
ERH24,2024-03-14,4031,4047,3732,3797.5,-234.5,-5.82%,4271,7395
ERH24,2024-03-15,3879,3957.5,3589,3706,-91.5,-2.41%,5091,7367
ERH24,2024-03-18,3662,3701.5,3469.5,3492,-214.,-5.77%,3296,7344
ERH24,2024-03-19,3536,3558,3210,3347.5,-144.5,-4.14%,5089,7366
ERH24,2024-03-20,3299,3505,3063.5,3387,39.5,+1.18%,9644,7019
ERH24,2024-03-21,3505.5,3588,3417.5,3455,68,+2.01%,5566,6667
ERH24,2024-03-22,3507.5,3547,3282.5,3347,-108.,-3.13%,5449,7015
ERH24,2024-03-25,3429,3660.5,3424,3647,300,+8.96%,9215,6936
ERJ24,2024-03-26,3650,3719.5,3588.5,3602.5,-44.5,-1.22%,7204,7180
ERJ24,2024-03-27,3628,3704,3486,3517.5,-85.,-2.36%,9964,7171
ERJ24,2024-03-28,3534.5,3652,3495.5,3604.5,87,+2.47%,3375,6126
ERJ24,2024-04-01,3650.5,3706,3440,3516.5,-88.,-2.44%,3226,6547
ERJ24,2024-04-02,3521,3543.5,3235.5,3302.5,-214.,-6.09%,3002,6498
ERJ24,2024-04-03,3291,3395.5,3219,3343.5,41,+1.24%,2850,6376
ERJ24,2024-04-04,3341.5,3468.5,3270,3381.5,38,+1.14%,3337,6102
ERJ24,2024-04-05,3329.5,3364,3230,3337,-44.5,-1.32%,2771,6157
ERJ24,2024-04-08,3399,3741,3399,3727,390,+11.69%,4497,5725
ERJ24,2024-04-09,3709,3759,3465,3530.5,-196.5,-5.27%,4454,5984
ERJ24,2024-04-10,3523,3568,3424.5,3535,4.5,+0.13%,3373,5846
ERJ24,2024-04-11,3542.5,3634.5,3486,3533,-2.,-0.06%,1808,5857
ERJ24,2024-04-12,3522.5,3570,3071,3214.5,-318.5,-9.02%,5365,6067
ERJ24,2024-04-15,3096.5,3290.5,3032.5,3109,-105.5,-3.28%,4398,5762
ERJ24,2024-04-16,3118,3134,2997,3063,-46.,-1.48%,4071,5644
ERJ24,2024-04-17,3102.5,3125,2913,3006.5,-56.5,-1.84%,5054,5764
ERJ24,2024-04-18,2994,3099,2956.5,3070,63.5,+2.11%,2783,5543
ERJ24,2024-04-19,3067.5,3133,2865,3106.5,36.5,+1.19%,5351,5257
ERJ24,2024-04-22,3132,3238.5,3126.5,3190,83.5,+2.69%,5552,5210
ERJ24,2024-04-23,3204.5,3282.5,3153,3221,31,+0.97%,6591,5126
ERK24,2024-04-24,3256.5,3329,3124,3158,-63.,-1.96%,6256,5195
ERK24,2024-04-25,3158,3203,3092,3187,29,+0.92%,5592,5066
ERK24,2024-04-26,3190,3197,3121.5,3160,-27.,-0.85%,2998,4237
ERK24,2024-04-29,3232,3343,3126.5,3200.5,40.5,+1.28%,3013,4600
ERK24,2024-04-30,3207,3271.5,2922,2929.5,-271.,-8.47%,5317,5155
ERK24,2024-05-01,2989,3032,2825.5,2933,3.5,+0.12%,4159,4689
ERK24,2024-05-02,2985,3023,2898.5,3010.5,77.5,+2.64%,2489,4489
ERK24,2024-05-03,3012.5,3149.5,2973.5,3095.5,85,+2.82%,3270,4320
ERK24,2024-05-06,3159,3248.5,3063.5,3086.5,-9.,-0.29%,2878,4381
ERK24,2024-05-07,3101.5,3148.5,3035,3063,-23.5,-0.76%,2657,4411
ERK24,2024-05-08,3045,3066.5,2944.5,3005,-58.,-1.89%,2847,4564
ERK24,2024-05-09,2973.5,3039,2957.5,3031,26,+0.87%,2369,4483
ERK24,2024-05-10,3027.5,3070.5,2882,2903.5,-127.5,-4.21%,5528,5017
ERK24,2024-05-13,2928.5,3006.5,2871,2967,63.5,+2.19%,3978,4243
ERK24,2024-05-14,2959,2968.5,2865.5,2901,-66.,-2.22%,3645,4326
ERK24,2024-05-15,2903.5,3045,2870,3040.5,139.5,+4.81%,4358,4372
ERK24,2024-05-16,3033,3057.5,2937,2955.5,-85.,-2.80%,3103,4281
ERK24,2024-05-17,2946.5,3137.5,2932.5,3102,146.5,+4.96%,4292,4472
ERK24,2024-05-20,3080,3602.5,3055.5,3459.5,357.5,+11.52%,8288,4694
ERK24,2024-05-21,3650.5,3865,3628.5,3729.5,270,+7.80%,15240,5964
ERK24,2024-05-22,3771.5,3843,3675.5,3746.5,17,+0.46%,5466,6167
ERK24,2024-05-23,3794,3966,3523.5,3794.5,48,+1.28%,9143,6248
ERK24,2024-05-24,3865,3895.5,3637.5,3755,-39.5,-1.04%,8761,6689
ERK24,2024-05-28,3800,3982.5,3774.5,3841.5,86.5,+2.30%,10621,6544
ERM24,2024-05-29,3875,3917,3771.5,3776,-65.5,-1.71%,7764,6290
ERM24,2024-05-30,3796,3860,3732.5,3795,19,+0.50%,7498,6554
ERM24,2024-05-31,3780.5,3881,3743,3809,14,+0.37%,4377,6078
ERM24,2024-06-03,3804,3886.5,3781,3797,-12.,-0.32%,3231,6248
ERM24,2024-06-04,3799,3863,3748.5,3832,35,+0.92%,3071,6323
ERM24,2024-06-05,3843.5,3922,3800,3913.5,81.5,+2.13%,4409,6347
ERM24,2024-06-06,3884,3911.5,3788,3820,-93.5,-2.39%,2806,6439
ERM24,2024-06-07,3823.5,3877,3593.5,3709.5,-110.5,-2.89%,5976,6573
ERM24,2024-06-10,3741.5,3742.5,3662,3690,-19.5,-0.53%,2658,6756
ERM24,2024-06-11,3682.5,3695,3440.5,3508,-182.,-4.93%,6711,7088
ERM24,2024-06-12,3512.5,3672,3471.5,3541.5,33.5,+0.95%,4321,7096
ERM24,2024-06-13,3575.5,3582.5,3436,3493.5,-48.,-1.36%,4528,7317
ERM24,2024-06-14,3501,3544.5,3368.5,3410,-83.5,-2.39%,3071,7421
ERM24,2024-06-17,3575,3671.5,3473,3563.5,153.5,+4.50%,5825,7304
ERM24,2024-06-18,3535,3538,3354,3427,-136.5,-3.83%,4356,7327
ERM24,2024-06-20,3467,3629,3467,3535.5,108.5,+3.17%,9326,7470
ERM24,2024-06-21,3520.5,3549.5,3445.5,3534.5,-1.,-0.03%,5771,7475
ERM24,2024-06-24,3430.5,3432,3227.5,3287,-247.5,-7.00%,8752,7550
ERM24,2024-06-25,3342.5,3428.5,3326,3417,130,+3.95%,8099,7450
ERN24,2024-06-26,3420,3446,3338,3423,6,+0.18%,7290,7252
ERN24,2024-06-27,3404.5,3494.5,3374,3463,40,+1.17%,7238,7225
ERN24,2024-06-28,3462,3506.5,3370,3381,-82.,-2.37%,4305,6471
ERN24,2024-07-01,3419,3542,3418.5,3489.5,108.5,+3.21%,3677,6259
ERN24,2024-07-02,3477.5,3481.5,3405.5,3421.5,-68.,-1.95%,2305,6461
ERN24,2024-07-03,3426,3440,3256,3266.5,-155.,-4.53%,3977,6845
ERN24,2024-07-05,3305,3316,2813.5,2997,-269.5,-8.25%,10260,6436
ERN24,2024-07-08,2972.5,3107.5,2832.5,3014.5,17.5,+0.58%,7542,6283
ERN24,2024-07-09,3028,3122.5,3010.5,3075.5,61,+2.02%,3163,6462
ERN24,2024-07-10,3073.5,3160.5,3030.5,3117,41.5,+1.35%,3630,6549
ERN24,2024-07-11,3101.5,3225,3058.5,3114.5,-2.5,-0.08%,3267,6663
ERN24,2024-07-12,3118,3168,3051,3126.5,12,+0.39%,3766,6612
ERN24,2024-07-15,3236.5,3464,3236.5,3422.5,296,+9.47%,5668,6527
ERN24,2024-07-16,3441.5,3511,3359,3490,67.5,+1.97%,4885,6772
ERN24,2024-07-17,3454,3532,3386,3426.5,-63.5,-1.82%,3648,6946
ERN24,2024-07-18,3422,3502.5,3375.5,3412.5,-14.,-0.41%,4524,7033
ERN24,2024-07-19,3432,3556,3384.5,3537.5,125,+3.66%,7219,7427
ERN24,2024-07-22,3532.5,3572.5,3441,3505.5,-32.,-0.90%,7613,7420
ERN24,2024-07-23,3473.5,3548,3392,3459,-46.5,-1.33%,14736,7661
ERQ24,2024-07-24,3505,3537,3393,3398,-61.,-1.76%,9085,7265
ERQ24,2024-07-25,3369.5,3376,3112.5,3153.5,-244.5,-7.20%,12070,6645
ERQ24,2024-07-26,3202.5,3318.5,3187.5,3307,153.5,+4.87%,3758,6283
ERQ24,2024-07-29,3291.5,3430,3281.5,3336.5,29.5,+0.89%,3945,6386
ERQ24,2024-07-30,3356.5,3395.5,3258,3294.5,-42.,-1.26%,3456,6243
ERQ24,2024-07-31,3307,3377,3244,3292,-2.5,-0.08%,3098,6245
ERQ24,2024-08-01,3268.5,3269.5,3096.5,3155,-137.,-4.16%,3140,6303
ERQ24,2024-08-02,3194,3241.5,3000.5,3025,-130.,-4.12%,4114,6333
ERQ24,2024-08-05,2737,2765,2175.5,2424.5,-600.5,-19.85%,14818,6789
ERQ24,2024-08-06,2442,2567,2425.5,2509,84.5,+3.49%,4887,6703
ERQ24,2024-08-07,2507,2565,2320,2362.5,-146.5,-5.84%,3499,6716
ERQ24,2024-08-08,2368.5,2619.5,2324,2586.5,224,+9.48%,3640,6702
ERQ24,2024-08-09,2655,2736,2564,2602,15.5,+0.60%,3501,6801
ERQ24,2024-08-12,2582.5,2733,2519.5,2668.5,66.5,+2.56%,3534,6732
ERQ24,2024-08-13,2697,2757.5,2619,2724,55.5,+2.08%,3047,6836
ERQ24,2024-08-14,2737,2783,2640,2679,-45.,-1.65%,3317,6966
ERQ24,2024-08-15,2674,2683.5,2523.5,2556,-123.,-4.59%,2990,6941
ERQ24,2024-08-16,2570.5,2640.5,2559,2635.5,79.5,+3.11%,3810,6795
ERQ24,2024-08-19,2657,2672,2571.5,2616,-19.5,-0.74%,2933,6939
ERQ24,2024-08-20,2625,2707.5,2560.5,2607,-9.,-0.34%,4443,7337
ERQ24,2024-08-21,2590,2671,2542.5,2657.5,50.5,+1.94%,4367,7497
ERQ24,2024-08-22,2646,2650.5,2588.5,2608.5,-49.,-1.84%,4263,7367
ERQ24,2024-08-23,2628.5,2771.5,2621.5,2757,148.5,+5.69%,7949,6981
ERQ24,2024-08-26,2788.5,2794.5,2675,2681,-76.,-2.76%,7044,6548
ERQ24,2024-08-27,2690,2701.5,2560,2581.5,-99.5,-3.71%,7593,6977
ERU24,2024-08-28,2521,2568,2413,2523,-58.5,-2.27%,9270,6773
ERU24,2024-08-29,2543.5,2611.5,2524.5,2547,24,+0.95%,7107,6616
ERU24,2024-08-30,2540.5,2562.5,2441.5,2522.5,-24.5,-0.96%,3974,5858
ERU24,2024-09-03,2494,2575,2409,2455.5,-67.,-2.66%,4300,5939
ERU24,2024-09-04,2472,2503.5,2314.5,2466.5,11,+0.45%,3587,6095
ERU24,2024-09-05,2481.5,2483.5,2358,2372,-94.5,-3.83%,2212,6172
ERU24,2024-09-06,2385,2420,2170,2228.5,-143.5,-6.05%,4870,6320
ERU24,2024-09-09,2282,2364.5,2281.5,2360.5,132,+5.92%,3934,6332
ERU24,2024-09-10,2378.5,2404,2326,2392.5,32,+1.36%,2107,6204
ERU24,2024-09-11,2382,2410.5,2280.5,2351.5,-41.,-1.71%,4035,6202
ERU24,2024-09-12,2350.5,2402,2319.5,2369,17.5,+0.74%,2001,6275
ERU24,2024-09-13,2358.5,2438,2344,2428,59,+2.49%,3760,6376
ERU24,2024-09-16,2360,2361.5,2253.5,2277.5,-150.5,-6.20%,5780,6547
ERU24,2024-09-17,2298.5,2398.5,2265.5,2358,80.5,+3.53%,4302,6718
ERU24,2024-09-18,2348.5,2368,2280.5,2317,-41.,-1.74%,4384,6818
ERU24,2024-09-19,2336,2499.5,2336,2466.5,149.5,+6.45%,5570,6767
ERU24,2024-09-20,2468.5,2579,2441,2545,78.5,+3.18%,5381,6757
ERU24,2024-09-23,2555.5,2708,2532,2675,130,+5.11%,7782,6812
ERU24,2024-09-24,2653.5,2671.5,2595,2656,-19.,-0.71%,7670,6489
ERV24,2024-09-25,2690,2696.5,2582.5,2590,-66.,-2.48%,8076,6372
ERV24,2024-09-26,2600,2689,2573.5,2672,82,+3.17%,7567,6385
ERV24,2024-09-27,2665,2753,2631.5,2724,52,+1.95%,4177,6205
ERV24,2024-09-30,2672,2691,2588,2609.5,-114.5,-4.20%,3273,6179
ERV24,2024-10-01,2624,2673.5,2425,2496,-113.5,-4.35%,5003,6087
ERV24,2024-10-02,2470,2506.5,2370,2381.5,-114.5,-4.59%,3925,6208
ERV24,2024-10-03,2388.5,2409.5,2316.5,2361,-20.5,-0.86%,3711,6393
ERV24,2024-10-04,2359,2453,2344.5,2440.5,79.5,+3.37%,4104,6442
ERV24,2024-10-07,2429,2530.5,2425.5,2451,10.5,+0.43%,3902,6318
ERV24,2024-10-08,2455.5,2463.5,2406.5,2446,-5.,-0.20%,2606,6198
ERV24,2024-10-09,2464,2480,2357,2423,-23.,-0.94%,3678,6285
ERV24,2024-10-10,2380,2426,2332,2370.5,-52.5,-2.17%,3585,6534
ERV24,2024-10-11,2387.5,2479.5,2375,2466,95.5,+4.03%,3613,6121
ERV24,2024-10-14,2475,2652.5,2448.5,2632.5,166.5,+6.75%,5057,6740
ERV24,2024-10-15,2634,2698,2544,2599.5,-33.,-1.25%,7380,6413
ERV24,2024-10-16,2602,2656.5,2593.5,2624,24.5,+0.94%,3137,6677
ERV24,2024-10-17,2625,2658.5,2579,2599,-25.,-0.95%,4939,6626
ERV24,2024-10-18,2611.5,2684,2601.5,2658.5,59.5,+2.29%,6934,7335
ERV24,2024-10-21,2719,2775.5,2657,2684,25.5,+0.96%,8338,7431
ERV24,2024-10-22,2681.5,2688.5,2607.5,2629,-55.,-2.05%,7073,7262
ERX24,2024-10-23,2659.5,2667.5,2461,2531.5,-97.5,-3.71%,9570,7009
ERX24,2024-10-24,2529,2583.5,2524,2558,26.5,+1.05%,6374,6892
ERX24,2024-10-25,2559.5,2592.5,2471.5,2492,-66.,-2.58%,4508,5942
ERX24,2024-10-28,2539,2565,2488.5,2524.5,32.5,+1.30%,4114,6225
ERX24,2024-10-29,2580.5,2713,2580.5,2658,133.5,+5.29%,5958,7031
ERX24,2024-10-30,2650,2752,2631.5,2679.5,21.5,+0.81%,4983,6975
ERX24,2024-10-31,2681.5,2694.5,2518.5,2528.5,-151.,-5.64%,6332,6676
ERX24,2024-11-01,2534.5,2604,2481.5,2530.5,2,+0.08%,5115,7082
ERX24,2024-11-04,2486,2501.5,2370,2433.5,-97.,-3.83%,4459,6983
ERX24,2024-11-05,2416.5,2493.5,2388.5,2440,6.5,+0.27%,4687,7214
ERX24,2024-11-06,2447,2730.5,2430.5,2719.5,279.5,+11.45%,11559,7427
ERX24,2024-11-07,2758,2945,2726.5,2935.5,216,+7.94%,10489,8334
ERX24,2024-11-08,2909,3011.5,2895,2970,34.5,+1.18%,8046,9314
ERX24,2024-11-11,3214.5,3408.5,3132.5,3395,425,+14.31%,14633,10510
ERX24,2024-11-12,3384,3483.5,3237,3312.5,-82.5,-2.43%,11464,10781
ERX24,2024-11-13,3301,3364,3141,3189,-123.5,-3.73%,9533,11088
ERX24,2024-11-14,3194.5,3267,3074,3116,-73.,-2.29%,6880,10908
ERX24,2024-11-15,3101.5,3148.5,3028.5,3109,-7.,-0.22%,5126,10874
ERX24,2024-11-18,3094.5,3219.5,3065,3175,66,+2.12%,8293,11536
ERX24,2024-11-19,3165.5,3248,3087.5,3120.5,-54.5,-1.72%,6603,11944
ERX24,2024-11-20,3114,3181,3044,3087.5,-33.,-1.06%,9418,11290
ERX24,2024-11-21,3090,3413.5,3045.5,3380,292.5,+9.47%,16614,13043
ERX24,2024-11-22,3401.5,3446,3275.5,3306.5,-73.5,-2.17%,13325,13251
ERX24,2024-11-25,3379.5,3558,3313,3511.5,205,+6.20%,22604,14546
ERZ24,2024-11-26,3514.5,3523,3300.5,3370.5,-141.,-4.02%,16159,14110
ERZ24,2024-11-27,3370,3711,3349,3696,325.5,+9.66%,17911,15347
ERZ24,2024-11-29,3721.5,3757.5,3589,3641,-55.,-1.49%,5740,14420
ERZ24,2024-12-02,3776,3816.5,3599,3661,20,+0.55%,6807,14622
ERZ24,2024-12-03,3661,3722,3540.5,3647.5,-13.5,-0.37%,5697,14798
ERZ24,2024-12-04,3672,3949,3653.5,3931,283.5,+7.77%,13443,16505
ERZ24,2024-12-05,3897,4019.5,3820,3865.5,-65.5,-1.67%,11603,17444
ERZ24,2024-12-06,3848.5,4143.5,3804,4095.5,230,+5.95%,14630,18843
ERZ24,2024-12-09,4046,4055,3498.5,3775,-320.5,-7.83%,13377,18064
ERZ24,2024-12-10,3747,3812,3541.5,3682,-93.,-2.46%,12847,18762
ERZ24,2024-12-11,3675,3874,3592,3868.5,186.5,+5.07%,9309,20225
ERZ24,2024-12-12,3868.5,4015,3829,3906.5,38,+0.98%,8412,20445
ERZ24,2024-12-13,3901.5,3993.5,3875,3940,33.5,+0.86%,8468,20816
ERZ24,2024-12-16,3924,4136.5,3897.5,4073,133,+3.38%,16336,21863
ERZ24,2024-12-17,4056,4062.5,3933,3956,-117.,-2.87%,13003,22486
ERZ24,2024-12-18,3901,3930,3646.5,3701.5,-254.5,-6.43%,17041,22287
ERZ24,2024-12-19,3688.5,3731.5,3329,3382,-319.5,-8.63%,26057,21540
ERZ24,2024-12-20,3457.5,3505.5,3106.5,3448,66,+1.95%,24159,20607
ERF25,2024-12-23,3350,3502.5,3263.5,3452,4,+0.12%,15683,20131
ERF25,2024-12-24,3493,3593,3402.5,3557,105,+3.04%,14697,19754
ERF25,2024-12-26,3532.5,3565.5,3339,3364.5,-192.5,-5.41%,11997,18613
ERF25,2024-12-27,3376.5,3481.5,3334.5,3366,1.5,+0.04%,4628,17665
ERF25,2024-12-30,3369.5,3466,3325.5,3428.5,62.5,+1.86%,6099,17660
ERF25,2024-12-31,3386,3484,3339.5,3381.5,-47.,-1.37%,5297,17440
ERF25,2025-01-02,3384,3542.5,3373,3488,106.5,+3.15%,6821,18009
ERF25,2025-01-03,3473.5,3670,3451,3640.5,152.5,+4.37%,7474,18847
ERF25,2025-01-06,3706.5,3782.5,3644,3718,77.5,+2.13%,6565,18754
ERF25,2025-01-07,3717.5,3733.5,3376.5,3406.5,-311.5,-8.38%,14049,18026
ERF25,2025-01-08,3410,3428.5,3220.5,3298,-108.5,-3.19%,7343,17389
ERF25,2025-01-09,3342.5,3369,3172,3206.5,-91.5,-2.77%,4416,17074
ERF25,2025-01-10,3233,3343,3210.5,3277.5,71,+2.21%,6066,16948
ERF25,2025-01-13,3252,3359,2927,3101,-176.5,-5.39%,13097,16920
ERF25,2025-01-14,3149.5,3270.5,3138,3235.5,134.5,+4.34%,9208,17427
ERF25,2025-01-15,3255.5,3497,3201,3452.5,217,+6.71%,10710,18832
ERF25,2025-01-16,3449,3480.5,3276,3352,-100.5,-2.91%,8367,18464
ERF25,2025-01-17,3312.5,3549.5,3305.5,3532.5,180.5,+5.38%,10482,19761
ERF25,2025-01-21,3270.5,3467,3151,3321.5,-211.,-5.97%,22952,20128
ERF25,2025-01-22,3334.5,3379,3246.5,3265,-56.5,-1.70%,6316,20456
ERF25,2025-01-23,3245,3311,3186.5,3251.5,-13.5,-0.41%,12812,21388
ERF25,2025-01-24,3322,3436,3281.5,3335.5,84,+2.58%,18287,21771
ERF25,2025-01-27,3289.5,3289.5,3024,3147.5,-188.,-5.64%,22654,20547
ERG25,2025-01-28,3204.5,3255.5,3082,3122.5,-25.,-0.79%,17498,19883
ERG25,2025-01-29,3119,3214,3080.5,3166.5,44,+1.41%,19461,20669
ERG25,2025-01-30,3170,3316.5,3121.5,3257.5,91,+2.87%,14247,19181
ERG25,2025-01-31,3290,3473,3237,3346.5,89,+2.73%,11373,20333
ERG25,2025-02-03,2884,2888,2222,2722.5,-624.,-18.65%,34853,22314
ERG25,2025-02-04,2890,2911.5,2656,2755.5,33,+1.21%,11176,22276
ERG25,2025-02-05,2701,2843.5,2698,2775,19.5,+0.71%,5290,22001
ERG25,2025-02-06,2774,2875.5,2687.5,2732.5,-42.5,-1.53%,6028,20971
ERG25,2025-02-07,2717.5,2814.5,2587,2592,-140.5,-5.14%,8735,20298
ERG25,2025-02-10,2629,2707,2571.5,2698,106,+4.09%,6231,20799
ERG25,2025-02-11,2670,2738,2591.5,2604,-94.,-3.48%,7800,20262
ERG25,2025-02-12,2591.5,2705.5,2555,2689,85,+3.26%,9406,20512
ERG25,2025-02-13,2737,2769,2621,2663,-26.,-0.97%,7663,20281
ERG25,2025-02-14,2681,2803,2674,2736,73,+2.74%,9776,21381
ERG25,2025-02-18,2696,2859,2608.5,2631,-105.,-3.84%,18523,21214
ERG25,2025-02-19,2655.5,2742.5,2655.5,2725,94,+3.57%,10502,22780
ERG25,2025-02-20,2727,2776.5,2710.5,2755,30,+1.10%,7528,24015
ERG25,2025-02-21,2738.5,2852.5,2610,2626,-129.,-4.68%,26394,22899
ERG25,2025-02-24,2796.5,2862.5,2622.5,2641,15,+0.57%,21477,20663
ERH25,2025-02-25,2535,2560,2335.5,2508.5,-132.5,-5.02%,31182,20133
ERH25,2025-02-26,2520.5,2539,2266,2348,-160.5,-6.40%,26915,19832
ERH25,2025-02-27,2359,2390.5,2237,2265.5,-82.5,-3.51%,13229,19449
ERH25,2025-02-28,2299,2323,2084.5,2233,-32.5,-1.43%,12007,18588
ERH25,2025-03-03,2546.5,2566,2105,2136.5,-96.5,-4.32%,12384,18476
ERH25,2025-03-04,2168,2230.5,2004,2151,14.5,+0.68%,10667,18575
ERH25,2025-03-05,2180.5,2282,2164.5,2243,92,+4.28%,7786,18676
ERH25,2025-03-06,2250,2329,2183.5,2208.5,-34.5,-1.54%,8191,18441
ERH25,2025-03-07,2220,2267.5,2109,2164,-44.5,-2.01%,12859,18606
ERH25,2025-03-10,2021.5,2156.5,1814.5,1867.5,-296.5,-13.70%,23648,19127
ERH25,2025-03-11,1887.5,1968.5,1755.5,1957.5,90,+4.82%,12210,19269
ERH25,2025-03-12,1948,1962.5,1833.5,1884,-73.5,-3.75%,11720,19690
ERH25,2025-03-13,1901,1934,1824,1853,-31.,-1.65%,6378,19473
ERH25,2025-03-14,1860,1950,1860,1939,86,+4.64%,8396,18955
ERH25,2025-03-17,1896,1956.5,1873,1945.5,6.5,+0.34%,7888,19238
ERH25,2025-03-18,1942,1945.5,1872,1905,-40.5,-2.08%,8757,18806
ERH25,2025-03-19,1911,2065.5,1910.5,2034.5,129.5,+6.80%,15287,19012
ERH25,2025-03-20,2052.5,2073,1953.5,1975,-59.5,-2.92%,11763,18578
ERH25,2025-03-21,1975,1997.5,1936.5,1974.5,-0.5,-0.03%,13666,18214
ERH25,2025-03-24,1995,2105,1977.5,2091.5,117,+5.93%,21185,18504
ERJ25,2025-03-25,2095.5,2109,2049.5,2087.5,-4.,-0.19%,15909,18842
ERJ25,2025-03-26,2080,2090,1991,2010.5,-77.,-3.69%,18978,18969
ERJ25,2025-03-27,2015,2048.5,1996.5,2013.5,3,+0.15%,10620,18300
ERJ25,2025-03-28,2025.5,2028,1868,1877.5,-136.,-6.75%,10178,16584
ERJ25,2025-03-31,1811,1862.5,1775.5,1834,-43.5,-2.32%,9596,16400
ERJ25,2025-04-01,1827,1936.5,1822.5,1919.5,85.5,+4.66%,10321,16906
ERJ25,2025-04-02,1925,1966,1860.5,1923,3.5,+0.18%,8753,16535
ERJ25,2025-04-03,1870.5,1871.5,1755.5,1790.5,-132.5,-6.89%,11832,16149
ERJ25,2025-04-04,1817,1841.5,1763.5,1816.5,26,+1.45%,13231,15778
ERJ25,2025-04-07,1587.5,1641,1423,1548.5,-268.,-14.75%,25401,15040
ERJ25,2025-04-08,1575.5,1622,1456.5,1465.5,-83.,-5.36%,13852,14944
ERJ25,2025-04-09,1478.5,1682.5,1386,1645.5,180,+12.28%,19769,14809
ERJ25,2025-04-10,1675.5,1690,1474.5,1514,-131.5,-7.99%,20852,14560
ERJ25,2025-04-11,1527,1594,1506.5,1568,54,+3.57%,9868,13931
ERJ25,2025-04-14,1601,1694,1584.5,1640.5,72.5,+4.62%,10865,14292
ERJ25,2025-04-15,1625.5,1663.5,1590,1611,-29.5,-1.80%,6733,14338
ERJ25,2025-04-16,1602.5,1615.5,1539.5,1590,-21.,-1.30%,13209,14315
ERJ25,2025-04-17,1596,1620,1564,1583.5,-6.5,-0.41%,12799,14475
ERJ25,2025-04-21,1589.5,1661.5,1564,1573,-10.5,-0.66%,22828,13739
ERJ25,2025-04-22,1577,1733.5,1537.5,1702,129,+8.20%,30592,15457
ERK25,2025-04-23,1775,1851,1756,1804,102,+5.99%,23373,14689
ERK25,2025-04-24,1811,1825,1740,1779,-25.,-1.39%,12400,13610
ERK25,2025-04-25,1778.5,1844.5,1753.5,1818.5,39.5,+2.22%,7056,13372
ERK25,2025-04-28,1819.5,1842.5,1758,1809.5,-9.,-0.49%,7997,13306
ERK25,2025-04-29,1808,1858,1801,1835.5,26,+1.44%,7369,13667
ERK25,2025-04-30,1812.5,1830.5,1744,1799,-36.5,-1.99%,8680,13564
ERK25,2025-05-01,1806,1889.5,1802,1859,60,+3.34%,9511,14233
ERK25,2025-05-02,1856,1883.5,1826,1853.5,-5.5,-0.30%,5883,14355
ERK25,2025-05-05,1850,1850,1789,1823,-30.5,-1.65%,6846,13844
ERK25,2025-05-06,1824,1841,1757,1792,-31.,-1.70%,6498,13573
ERK25,2025-05-07,1784,1860,1784,1804,12,+0.67%,10937,13718
ERK25,2025-05-08,1809,2208.5,1806.5,2129,325,+18.02%,22610,16187
ERK25,2025-05-09,2190,2501,2177.5,2342.5,213.5,+10.03%,22113,16414
ERK25,2025-05-12,2522.5,2633.5,2419.5,2470,127.5,+5.44%,21696,17749
ERK25,2025-05-13,2486,2751,2427,2702.5,232.5,+9.41%,17427,19714
ERK25,2025-05-14,2705,2736,2557.5,2613.5,-89.,-3.29%,13091,19118
ERK25,2025-05-15,2613.5,2656.5,2487.5,2538,-75.5,-2.89%,13718,18834
ERK25,2025-05-16,2543,2658,2527,2603.5,65.5,+2.58%,9920,19273
ERK25,2025-05-19,2426,2554.5,2343.5,2528,-75.5,-2.90%,17695,19456
ERK25,2025-05-20,2528,2595.5,2450.5,2511,-17.,-0.67%,13298,20036
ERK25,2025-05-21,2518.5,2624.5,2458,2520.5,9.5,+0.38%,19167,20473
ERK25,2025-05-22,2517,2700,2508,2639,118.5,+4.70%,18442,21749
ERK25,2025-05-23,2643.5,2740.5,2506,2565,-74.,-2.80%,24338,21428
ERK25,2025-05-27,2523.5,2719,2513.5,2690,125,+4.87%,39557,23392
ERM25,2025-05-28,2691,2714,2635,2643.5,-46.5,-1.73%,28456,22727
ERM25,2025-05-29,2689,2813.5,2638.5,2669,25.5,+0.96%,21667,22527
ERM25,2025-05-30,2680,2688.5,2553.5,2590.5,-78.5,-2.94%,11963,21437
ERM25,2025-06-02,2552.5,2582,2488.5,2548,-42.5,-1.64%,9109,21700
ERM25,2025-06-03,2571.5,2673,2571,2640,92,+3.61%,9194,22164
ERM25,2025-06-04,2610,2697,2599,2641,1,+0.04%,7714,22497
ERM25,2025-06-05,2633,2660,2406,2540,-101.,-3.82%,15753,20849
ERM25,2025-06-06,2443,2545.5,2395,2497,-43.,-1.69%,11013,21026
ERM25,2025-06-09,2544,2606,2487,2593,96,+3.84%,10451,21557
ERM25,2025-06-10,2654,2819.5,2653,2785.5,192.5,+7.42%,20389,23387
ERM25,2025-06-11,2790.5,2891.5,2767.5,2824,38.5,+1.38%,14222,24210
ERM25,2025-06-12,2788,2797,2629.5,2704.5,-119.5,-4.23%,12831,23315
ERM25,2025-06-13,2645.5,2670,2445.5,2535.5,-169.,-6.25%,26771,22665
ERM25,2025-06-16,2527,2687.5,2522.5,2666.5,131,+5.17%,12347,23557
ERM25,2025-06-17,2660,2667,2459.5,2535.5,-131.,-4.91%,22869,23715
ERM25,2025-06-18,2526.5,2553.5,2471,2497,-38.5,-1.52%,11646,24155
ERM25,2025-06-20,2533,2575,2371.5,2418.5,-78.5,-3.14%,26284,24986
ERM25,2025-06-23,2186,2382,2175,2315.5,-103.,-4.26%,37253,27007
ERM25,2025-06-24,2346.5,2485,2344,2436.5,121,+5.23%,32247,27869
ERN25,2025-06-25,2459,2489,2408.5,2450.5,14,+0.57%,27454,25886
ERN25,2025-06-26,2446,2539.5,2426,2452.5,2,+0.08%,13101,25234
ERN25,2025-06-27,2428.5,2482,2399,2429,-23.5,-0.96%,7912,24456
ERN25,2025-06-30,2455,2542,2446.5,2532,103,+4.24%,10347,24727
ERN25,2025-07-01,2507.5,2516,2404,2417,-115.,-4.54%,10642,24314
ERN25,2025-07-02,2415.5,2623,2383.5,2620.5,203.5,+8.42%,15388,25761
ERN25,2025-07-03,2612.5,2651.5,2571.5,2600.5,-20.,-0.76%,9207,25550
ERN25,2025-07-07,2594,2613,2522,2553,-47.5,-1.83%,10465,24929
ERN25,2025-07-08,2552,2639.5,2531.5,2621,68,+2.66%,10385,25914
ERN25,2025-07-09,2624,2808,2599,2776.5,155.5,+5.93%,16523,27779
ERN25,2025-07-10,2769,2853.5,2768.5,2829,52.5,+1.89%,13324,28852
ERN25,2025-07-11,2988,3054,2925,3022,193,+6.82%,26104,30509
ERN25,2025-07-14,2977,3095.5,2950,3009.5,-12.5,-0.41%,14245,30568
ERN25,2025-07-15,3022.5,3110,2945,3052,42.5,+1.41%,18197,30812
ERN25,2025-07-16,3090,3437,3080,3392.5,340.5,+11.16%,32122,35103
ERN25,2025-07-17,3384,3495,3324.5,3423,30.5,+0.90%,28690,35422
ERN25,2025-07-18,3476,3684.5,3461.5,3557,134,+3.91%,45063,37218
ERN25,2025-07-21,3780,3865.5,3690,3739,182,+5.12%,45970,41636
ERN25,2025-07-22,3756,3805.5,3624,3677.5,-61.5,-1.64%,42186,38612
ERQ25,2025-07-23,3758,3809,3584,3627.5,-50.,-1.36%,43834,37433
ERQ25,2025-07-24,3634,3816.5,3550.5,3782,154.5,+4.26%,30694,38040
ERQ25,2025-07-25,3768.5,3790.5,3617.5,3679,-103.,-2.72%,16853,35012
ERQ25,2025-07-28,3870,3979,3783,3823,144,+3.91%,15958,34451
ERQ25,2025-07-29,3823,3920,3744,3789.5,-33.5,-0.88%,15091,33821
ERQ25,2025-07-30,3806,3861.5,3701,3782.5,-7.,-0.18%,13070,33277
ERQ25,2025-07-31,3788,3907,3736.5,3758,-24.5,-0.65%,13756,32903
ERQ25,2025-08-01,3741,3748.5,3502.5,3528,-230.,-6.12%,29281,30417
ERQ25,2025-08-04,3515.5,3738.5,3494,3690,162,+4.59%,16526,31207
ERQ25,2025-08-05,3737,3758,3570.5,3588,-102.,-2.76%,11853,30265
ERQ25,2025-08-06,3591,3721,3563.5,3705,117,+3.26%,11588,30768
ERQ25,2025-08-07,3691,3908,3665,3893,188,+5.07%,19274,32380
ERQ25,2025-08-08,3900,4098.5,3896,4087.5,194.5,+5.00%,20549,34216
ERQ25,2025-08-11,4251,4391,4185.5,4283,195.5,+4.78%,28556,35326
ERQ25,2025-08-12,4242,4660.5,4215,4547.5,264.5,+6.18%,24251,36936
ERQ25,2025-08-13,4616,4781,4587,4763.5,216,+4.75%,23156,37534
ERQ25,2025-08-14,4750,4825.5,4486.5,4562.5,-201.,-4.22%,29942,36688
ERQ25,2025-08-15,4505.5,4696,4384,4398,-164.5,-3.61%,23903,36913
ERQ25,2025-08-18,4496.5,4551,4236.5,4367,-31.,-0.70%,21175,37474
ERQ25,2025-08-19,4363,4400.5,4117.5,4148,-219.,-5.01%,28762,37381
ERQ25,2025-08-20,4156,4380.5,4070,4356.5,208.5,+5.03%,25751,38608
ERQ25,2025-08-21,4354.5,4389,4212.5,4228.5,-128.,-2.94%,23241,37950
ERQ25,2025-08-22,4243,4882.5,4212,4848,619.5,+14.65%,53703,42977
ERQ25,2025-08-25,4814,4814,4343,4428.5,-419.5,-8.65%,50216,41072
ERU25,2025-08-26,4400,4656,4347,4636,207.5,+4.69%,44655,43853
ERU25,2025-08-27,4650,4702,4549.5,4604.5,-31.5,-0.68%,34208,44336
ERU25,2025-08-28,4557,4671,4456,4476.5,-128.,-2.78%,26707,41872
ERU25,2025-08-29,4512.5,4543.5,4289.5,4362.5,-114.,-2.55%,17657,38798
ERU25,2025-09-02,4480.5,4509.5,4272.5,4284.5,-78.,-1.79%,19614,37915
ERU25,2025-09-03,4342,4514.5,4295.5,4497.5,213,+4.97%,14514,37899
ERU25,2025-09-04,4489,4508,4276.5,4290,-207.5,-4.61%,17118,37278
ERU25,2025-09-05,4329.5,4510.5,4262.5,4346,56,+1.31%,20771,37348
ERU25,2025-09-08,4306.5,4401.5,4292,4301.5,-44.5,-1.02%,13499,37184
ERU25,2025-09-09,4332,4401.5,4285.5,4306,4.5,+0.10%,14066,36993
ERU25,2025-09-10,4314.5,4472.5,4295.5,4333,27,+0.63%,19127,36017
ERU25,2025-09-11,4360.5,4511,4348.5,4443,110,+2.54%,15278,35521
ERU25,2025-09-12,4448,4721.5,4439,4691.5,248.5,+5.59%,19808,38234
ERU25,2025-09-15,4657,4694.5,4479,4507.5,-184.,-3.92%,19116,37754
ERU25,2025-09-16,4536.5,4552.5,4434,4503,-4.5,-0.10%,12096,38209
ERU25,2025-09-17,4518.5,4569,4425,4528.5,25.5,+0.57%,20991,39374
ERU25,2025-09-18,4544,4660,4540,4602,73.5,+1.62%,29259,42073
ERU25,2025-09-19,4604,4636,4441,4447.5,-154.5,-3.36%,29577,42734
ERU25,2025-09-22,4461.5,4483,4040,4139.5,-308.,-6.93%,38958,41034
ERV25,2025-09-23,4227,4265,4149,4184.5,45,+1.09%,36013,42940
ERV25,2025-09-24,4215,4239.5,4107.5,4195,10.5,+0.25%,35800,44105
ERV25,2025-09-25,4180,4197.5,3845.5,3939.5,-255.5,-6.09%,46764,42728
ERV25,2025-09-26,3931.5,4103.5,3879.5,4063,123.5,+3.13%,19073,41621
ERV25,2025-09-29,4078,4269.5,4078,4225.5,162.5,+4.00%,14351,42740
ERV25,2025-09-30,4261,4281.5,4119,4191.5,-34.,-0.80%,11000,43169
ERV25,2025-10-01,4190,4380.5,4150.5,4366.5,175,+4.18%,15173,44421
ERV25,2025-10-02,4344,4557,4340,4537,170.5,+3.90%,16974,45423
ERV25,2025-10-03,4506,4630,4467.5,4553,16,+0.35%,13539,45000
ERV25,2025-10-06,4546,4780,4521,4764.5,211.5,+4.65%,14750,46851
ERV25,2025-10-07,4728.5,4799,4476,4502,-262.5,-5.51%,26451,43251
ERV25,2025-10-08,4520,4582,4438.5,4539.5,37.5,+0.83%,11435,43606
ERV25,2025-10-09,4549.5,4563,4284.5,4352.5,-187.,-4.12%,20992,42222
ERV25,2025-10-10,4366.5,4415.5,3850,4007.5,-345.,-7.93%,28491,42632
ERV25,2025-10-13,4133.5,4313,4059.5,4276,268.5,+6.70%,27907,44067
ERV25,2025-10-14,4281.5,4301,3910.5,4133.5,-142.5,-3.33%,31202,45830
ERV25,2025-10-15,4147,4236.5,3944.5,3996,-137.5,-3.33%,19360,44937
ERV25,2025-10-16,3972,4099,3837,3879.5,-116.5,-2.92%,21498,45212
ERV25,2025-10-17,3896.5,3961.5,3685,3837,-42.5,-1.10%,22748,45119
ERV25,2025-10-20,4004.5,4093,3917.5,3995,158,+4.12%,18463,47094
ERV25,2025-10-21,3990.5,4126.5,3851,4008.5,13.5,+0.34%,25194,48616
ERV25,2025-10-22,3954.5,3961.5,3774.5,3803.5,-205.,-5.11%,22947,49497
ERX25,2025-10-23,3768.5,3960.5,3762.5,3888.5,85,+2.23%,17369,52008
ERX25,2025-10-24,3867,4051.5,3858.5,3957,68.5,+1.76%,30108,52533
ERX25,2025-10-27,4107.5,4286,4107.5,4223,266,+6.72%,41441,52677
ERX25,2025-10-28,4149.5,4204,3985,4062,-161.,-3.81%,39129,53183
ERX25,2025-10-29,4011,4061,3863,3925.5,-136.5,-3.36%,33330,52102
ERX25,2025-10-30,3974.5,3977.5,3690,3705,-220.5,-5.62%,30254,50535
ERX25,2025-10-31,3790.5,3927.5,3779,3909.5,204.5,+5.52%,14526,44808
ERX25,2025-11-03,3879.5,3939,3570.5,3596,-313.5,-8.02%,24797,44573
ERX25,2025-11-04,3607,3666.5,3073,3225.5,-370.5,-10.30%,31826,43229
ERX25,2025-11-05,3246,3496,3178.5,3462.5,237,+7.35%,21045,43670
ERX25,2025-11-06,3438.5,3472.5,3256.5,3314,-148.5,-4.29%,13886,42432
ERX25,2025-11-07,3332,3485.5,3202.5,3475.5,161.5,+4.87%,14788,42992
ERX25,2025-11-10,3599,3670.5,3513.5,3582,106.5,+3.06%,15168,43217
ERX25,2025-11-11,3579.5,3658,3412,3441,-141.,-3.94%,13005,42705
ERX25,2025-11-12,3438,3596.5,3376.5,3421,-20.,-0.58%,14967,41665
ERX25,2025-11-13,3420,3572,3154,3167.5,-253.5,-7.41%,27138,42400
ERX25,2025-11-14,3220.5,3270.5,3071.5,3140,-27.5,-0.87%,22664,41831
ERX25,2025-11-17,3092.5,3226.5,2959.5,3006.5,-133.5,-4.25%,23195,42377
ERX25,2025-11-18,3018,3175.5,2948,3129.5,123,+4.09%,20377,42864
ERX25,2025-11-19,3122.5,3129,2872,2946.5,-183.,-5.85%,32259,42964
ERX25,2025-11-20,2991,3065.5,2792.5,2832.5,-114.,-3.87%,33109,41687
ERX25,2025-11-21,2888,2893,2627.5,2738,-94.5,-3.34%,44935,41158
ERZ25,2025-11-24,2842,3002,2779,2991,253,+9.24%,41935,40515
ERZ25,2025-11-25,2979,2983.5,2866.5,2942.5,-48.5,-1.62%,26777,41364
ERZ25,2025-11-26,2984,3059,2900.5,3041.5,99,+3.36%,22766,41893
ERZ25,2025-11-28,3041,3116,3001.5,3048.5,7,+0.23%,6213,39611
ERZ25,2025-12-01,3061.5,3061.5,2728,2765.5,-283.,-9.28%,23515,37807
ERZ25,2025-12-02,2807,3045,2789,2991.5,226,+8.17%,21786,38895
ERZ25,2025-12-03,3023,3178.5,2997.5,3149.5,158,+5.28%,17847,40112
ERZ25,2025-12-04,3188,3252.5,3079,3150.5,1,+0.03%,12894,40212
ERZ25,2025-12-05,3153,3204.5,2993.5,3029.5,-121.,-3.84%,12946,39478
ERZ25,2025-12-08,3042,3189,3032.5,3143.5,114,+3.76%,12881,40062
ERZ25,2025-12-09,3143.5,3409,3098.5,3336.5,193,+6.14%,19658,42332
ERZ25,2025-12-10,3338,3461,3297,3367,30.5,+0.91%,15139,42364
ERZ25,2025-12-11,3352.5,3361,3153,3230,-137.,-4.07%,16971,41721
ERZ25,2025-12-12,3247,3275.5,3052.5,3088,-142.,-4.40%,14916,41585
ERZ25,2025-12-15,3082,3185.5,2902,2935,-153.,-4.95%,20461,40864
ERZ25,2025-12-16,2953.5,2986,2881,2953.5,18.5,+0.63%,13486,41074
ERZ25,2025-12-17,2960,3034.5,2794.5,2821.5,-132.,-4.47%,27021,41415
ERZ25,2025-12-18,2839,3002.5,2779,2784,-37.5,-1.33%,32364,41796
ERZ25,2025-12-19,2828,3020.5,2810,2998.5,214.5,+7.70%,34837,43227
ERZ25,2025-12-22,2997.5,3080.5,2965.5,2978,-20.5,-0.68%,31474,39507
ERF26,2025-12-23,3020,3052.5,2916.5,2985,7,+0.24%,24905,39065
ERF26,2025-12-24,2974.5,2994.5,2901.5,2953,-32.,-1.07%,10509,38741
ERF26,2025-12-26,2938,3011.5,2904.5,2947,-6.,-0.20%,7998,33653
ERF26,2025-12-29,2958,3074.5,2923.5,2940.5,-6.5,-0.22%,8922,33553
ERF26,2025-12-30,2954,3024,2928.5,2972,31.5,+1.07%,7657,33635
ERF26,2025-12-31,2981.5,3046,2970.5,2987,15,+0.50%,6608,33747
ERF26,2026-01-02,3014.5,3171,3005,3138.5,151.5,+5.07%,19983,36883
ERF26,2026-01-05,3158,3284.5,3148,3259,120.5,+3.84%,18355,38087
ERF26,2026-01-06,3260,3326,3195.5,3257,-2.,-0.06%,13669,37920
ERF26,2026-01-07,3291.5,3319,3132.5,3146.5,-110.5,-3.39%,16248,36991
ERF26,2026-01-08,3157,3191,3056.5,3113,-33.5,-1.06%,10251,37285
ERF26,2026-01-09,3128,3154.5,3061,3076,-37.,-1.19%,10441,37673
ERF26,2026-01-12,3118,3178.5,3068.5,3109.5,33.5,+1.09%,12755,37159
ERF26,2026-01-13,3108,3233,3093,3213.5,104,+3.34%,16801,37336
ERF26,2026-01-14,3329,3419.5,3291,3395,181.5,+5.65%,20464,38646
ERF26,2026-01-15,3352,3401,3280.5,3292.5,-102.5,-3.02%,16885,37184
ERF26,2026-01-16,3318,3335.5,3256.5,3298,5.5,+0.17%,9883,37209
ERF26,2026-01-20,3347.5,3358,2977.5,3003.5,-294.5,-8.93%,30588,36570
ERF26,2026-01-21,2950,3069.5,2864.5,3030.5,27,+0.90%,22306,36388
ERF26,2026-01-22,3013,3039,2904.5,2938.5,-92.,-3.04%,21842,38680
ERF26,2026-01-23,2945,3019,2891.5,2939.5,1,+0.03%,23954,38614
ERF26,2026-01-26,2807,2953,2775,2899.5,-40.,-1.36%,30255,38079
ERF26,2026-01-27,2922.5,3032,2896.5,3022,122.5,+4.22%,34189,40419
ERG26,2026-01-28,3024,3057.5,2994,3022.5,0.5,+0.02%,25107,38627
ERG26,2026-01-29,3032.5,3032.5,2759.5,2810,-212.5,-7.03%,25553,38826
ERG26,2026-01-30,2822,2834,2640,2684.5,-125.5,-4.47%,19222,34523
ERG26,2026-02-02,2308,2405.5,2163,2325,-359.5,-13.39%,34778,33408
ERG26,2026-02-03,2353.5,2366,2114.5,2304.5,-20.5,-0.88%,29958,33723
ERG26,2026-02-04,2238,2300,2079,2174.5,-130.,-5.64%,21087,33695
ERG26,2026-02-05,2122,2176,1828,1868.5,-306.,-14.07%,35954,33528
ERG26,2026-02-06,1872,2100.5,1748.5,2062,193.5,+10.36%,35539,33727
ERG26,2026-02-09,2119.5,2155,2011,2130.5,68.5,+3.32%,16578,34122
ERG26,2026-02-10,2119,2128.5,1993.5,2016.5,-114.,-5.35%,14552,33814
ERG26,2026-02-11,2019,2036,1904.5,1958,-58.5,-2.90%,16342,32268
ERG26,2026-02-12,1958,2004,1899,1917.5,-40.5,-2.07%,11644,32290
ERG26,2026-02-13,1944.5,2077.5,1925,2048,130.5,+6.81%,17637,32588
ERG26,2026-02-17,1977,2025.5,1938.5,1997.5,-50.5,-2.47%,18889,33154
ERG26,2026-02-18,1995,2042.5,1924.5,1939,-58.5,-2.93%,16454,34621
ERG26,2026-02-19,1947,1989,1907,1949.5,10.5,+0.54%,17112,35887
ERG26,2026-02-20,1946.5,1983.5,1924,1971,21.5,+1.10%,23205,35714
ERG26,2026-02-23,1962,1963,1837,1860.5,-110.5,-5.61%,32489,35265
ERH26,2026-02-24,1866,1875.5,1809.5,1865,4.5,+0.24%,29908,37088
ERH26,2026-02-25,1860,2156.5,1852.5,2084.5,219.5,+11.77%,44349,40202
ERH26,2026-02-26,2092,2098,1983.5,2033,-51.5,-2.47%,22250,38279
ERH26,2026-02-27,2038.5,2073.5,1913,1928.5,-104.5,-5.14%,14673,33904
ERH26,2026-03-02,1928,2097.5,1919.5,2046,117.5,+6.09%,25880,34472
ERH26,2026-03-03,2063.5,2065.5,1933.5,1984.5,-61.5,-3.01%,19340,34357
ERH26,2026-03-04,1992,2209.5,1950.5,2161,176.5,+8.89%,29273,36901
ERH26,2026-03-05,2133,2172,2061,2102,-59.,-2.73%,20777,35891
ERH26,2026-03-06,2089,2103,1960,1985.5,-116.5,-5.54%,20644,34615
ERH26,2026-03-09,1960,2060.5,1914,2042,56.5,+2.85%,17144,35130
ERH26,2026-03-10,2035.5,2098.5,1994,2044,2,+0.10%,12768,35259
ERH26,2026-03-11,2040,2094,2012,2082,38,+1.86%,11919,35996
ERH26,2026-03-12,2078,2103.5,2022.5,2076.5,-5.5,-0.26%,11382,36006
ERH26,2026-03-13,2072.5,2220,2063,2107.5,31,+1.49%,19401,35812
ERH26,2026-03-16,2149,2355,2132,2335.5,228,+10.82%,23140,38441
ERH26,2026-03-17,2365,2390,2301,2326.5,-9.,-0.39%,11716,38577
ERH26,2026-03-18,2341,2356,2157,2189,-137.5,-5.91%,18576,37426
ERH26,2026-03-19,2205.5,2236.5,2100.5,2145.5,-43.5,-1.99%,16158,36422
ERH26,2026-03-20,2149,2178,2117.5,2133,-12.5,-0.58%,12764,36304
ERH26,2026-03-23,2039,2198.5,2024,2157.5,24.5,+1.15%,24387,37009
ERJ26,2026-03-24,2157.5,2185,2110.5,2123.5,-34.,-1.58%,25369,35846
ERJ26,2026-03-25,2157.5,2209.5,2149,2182,58.5,+2.75%,28522,37603
ERJ26,2026-03-26,2175,2193.5,2038.5,2053,-129.,-5.91%,24074,34919
ERJ26,2026-03-27,2070,2082.5,1974,1996.5,-56.5,-2.75%,11567,29681
ERJ26,2026-03-30,2012,2091.5,1941.5,2027,30.5,+1.53%,13606,28663
ERJ26,2026-03-31,2049,2130.5,2016.5,2102.5,75.5,+3.72%,15767,28463
ERJ26,2026-04-01,2110.5,2175.5,2087.5,2148,45.5,+2.16%,9833,29047
ERJ26,2026-04-02,2162,2166,2019.5,2070.5,-77.5,-3.61%,15315,28062
ERJ26,2026-04-03,2067,2085.5,2046,2061,-9.5,-0.46%,1547,28051
ERJ26,2026-04-06,2063.5,2182,2054.5,2151,90,+4.37%,15359,29738
ERJ26,2026-04-07,2144,2146,2062.5,2118,-33.,-1.53%,16016,28648
ERJ26,2026-04-08,2156,2280,2153.5,2216,98,+4.63%,22463,30050
ERJ26,2026-04-09,2219,2236.5,2161.5,2223.5,7.5,+0.34%,12321,29941
ERJ26,2026-04-10,2218.5,2265,2180,2260.5,37,+1.66%,11667,30981
ERJ26,2026-04-13,2211.5,2273.5,2177.5,2269.5,9,+0.40%,12594,31136
ERJ26,2026-04-14,2268,2424.5,2266.5,2318,48.5,+2.14%,24275,34354
ERJ26,2026-04-15,2327.5,2392.5,2311,2381,63,+2.72%,10498,34798
ERJ26,2026-04-16,2368,2388,2288.5,2365,-16.,-0.67%,26522,33610
ERJ26,2026-04-17,2346.5,2472,2320.5,2434,69,+2.92%,34755,33671
ERJ26,2026-04-20,2285,2347.5,2253,2336,-98.,-4.03%,33390,31829
ERK26,2026-04-21,2337.5,2354,2299,2313,-23.,-0.98%,27768,31005
ERK26,2026-04-22,2324,2441.5,2317,2414,101,+4.37%,38863,33429
ERK26,2026-04-23,2420,2422,2296,2326,-88.,-3.65%,27355,29616
ERK26,2026-04-24,2341.5,2353.5,2309.5,2334,8,+0.34%,9319,27844
ERK26,2026-04-27,2372.5,2419.5,2275,2297,-37.,-1.59%,12851,27551
ERK26,2026-04-28,2300.5,2322,2266.5,2312,15,+0.65%,6875,27777
ERK26,2026-04-29,2302.5,2359,2227,2238.5,-73.5,-3.18%,16455,27995
ERK26,2026-04-30,2257.5,2287.5,2238,2270.5,32,+1.43%,8867,27577
ERK26,2026-05-01,2266,2339.5,2260,2316,45.5,+2.00%,11705,28745
ERK26,2026-05-04,2342,2412,2319,2366.5,50.5,+2.18%,16562,29776
ERK26,2026-05-05,2376.5,2413.5,2354,2382,15.5,+0.65%,9672,30408
ERK26,2026-05-06,2388,2435.5,2345.5,2357.5,-24.5,-1.03%,15500,29756
ERK26,2026-05-07,2361.5,2363.5,2284,2302,-55.5,-2.35%,11896,30731
ERK26,2026-05-08,2294.5,2328.5,2270,2323.5,21.5,+0.93%,8488,30570
ERK26,2026-05-11,2336.5,2390.5,2307.5,2345.5,22,+0.95%,11232,30972
ERK26,2026-05-12,2347,2351.5,2259,2289,-56.5,-2.41%,11478,31749
ERK26,2026-05-13,2291.5,2328.5,2236,2259,-30.,-1.31%,11102,31668
ERK26,2026-05-14,2259,2326.5,2240.5,2304,45,+1.99%,15233,30100
ERK26,2026-05-15,2304,2307,2205,2225.5,-78.5,-3.41%,16653,32008
ERK26,2026-05-18,2187,2192.5,2078.5,2124,-101.5,-4.56%,16092,32896
ERK26,2026-05-19,2136.5,2146,2094,2113.5,-10.5,-0.49%,7536,33062
ERK26,2026-05-20,2110.5,2150,2103,2139.5,26,+1.23%,19162,31103
ERK26,2026-05-21,2127.5,2158.5,2102.5,2142,2.5,+0.12%,24603,30323
ERK26,2026-05-22,2134.5,2142,2055.5,2062,-80.,-3.73%,25320,31900
ERK26,2026-05-26,2067.5,2140.5,2051.5,2069,7,+0.34%,33113,30856
ERM26,2026-05-27,2079,2100.5,2046,2059.5,-9.5,-0.46%,29816,29241
ERM26,2026-05-28,2018.5,2036.5,1968,2017.5,-42.,-2.04%,23302,26835
ERM26,2026-05-29,2026,2049,1978.5,2021,3.5,+0.17%,8125,24261
ERM26,2026-06-01,2017,2041.5,1959,2007.5,-13.5,-0.67%,9645,24781
ERM26,2026-06-02,1999,2012.5,1885.5,1913.5,-94.,-4.68%,17435,25516
ERM26,2026-06-03,1903,1911.5,1772.5,1806.5,-107.,-5.59%,14636,25679
ERM26,2026-06-04,1785,1852.5,1720.5,1780.5,-26.,-1.44%,13508,24463
ERM26,2026-06-05,1779.5,1783,1542,1579.5,-201.,-11.29%,30694,24193
ERM26,2026-06-08,1613,1723.5,1509,1685.5,106,+6.71%,17975,23776
ERM26,2026-06-09,1696,1717,1613.5,1658,-27.5,-1.63%,14972,25138
ERM26,2026-06-10,1658,1669,1606,1632,-26.,-1.57%,12046,24566
ERM26,2026-06-11,1630.5,1694.5,1604,1681.5,49.5,+3.03%,13070,24300
ERM26,2026-06-12,1677,1691.5,1651,1665,-16.5,-0.98%,11475,25407
ERM26,2026-06-15,1667,1851,1655,1819.5,154.5,+9.28%,19364,25476
ERM26,2026-06-16,1821,1838.5,1759,1795.5,-24.,-1.32%,11492,26110
ERM26,2026-06-17,1795,1809.5,1729,1733.5,-62.,-3.45%,22386,26549
ERM26,2026-06-18,1742.5,1763,1670,1705,-28.5,-1.64%,25004,26614
ERM26,2026-06-22,1710.5,1779.5,1678,1733,28,+1.64%,29084,25482
ERM26,2026-06-23,1734.5,1734.5,1634,1660,-73.,-4.21%,25955,26007
ERN26,2026-06-24,1673.5,1696,1556,1586.5,-73.5,-4.43%,29703,26143
ERN26,2026-06-25,1613,1663,1535,1559.5,-27.,-1.70%,17617,26422
ERN26,2026-06-26,1564,1595.5,1512.5,1579,19.5,+1.25%,13007,26422
ERN26,2026-06-29,1572.5,1609,1567,1573,-6.,-0.38%,384,0
"Downloaded from Barchart.com as of 06-28-2026 12:32pm CDT"
